model,make,year,price,mileage,fuel_type,transmission,body_type,condition,seat,color,features,description,image_url
Corolla,Toyota,2019,160000,90000,Gasoline,CVT,Sedan,foreign_used,5,Black,Bluetooth; Backup camera; Navigation,"2019 Toyota Corolla (foreign used), a well-priced sedan well suited to daily commuting and city driving — a good fit for urban professionals. Comes with bluetooth.",
Civic,Honda,2019,190000,75000,Gasoline,CVT,Sedan,foreign_used,5,White,Sunroof; Leather seats; Bluetooth,"2019 Honda Civic (foreign used), a well-priced sedan well suited to daily commuting and city driving — a good fit for urban professionals. Comes with sunroof.",
Camry,Toyota,2018,165000,110000,Gasoline,Automatic,Sedan,foreign_used,5,Silver,Leather seats; Navigation; Backup camera; Premium audio,"2018 Toyota Camry (foreign used), a well-priced sedan well suited to daily commuting and city driving — a good fit for urban professionals. Comes with leather seats.",
Accord,Honda,2017,179900,98000,Gasoline,CVT,Sedan,foreign_used,5,Gray,Sunroof; Leather seats; Bluetooth; Heated seats,"2017 Honda Accord (foreign used), a well-priced sedan well suited to daily commuting and city driving — a good fit for urban professionals. Comes with sunroof.",
Elantra,Hyundai,2017,145000,105000,Gasoline,Automatic,Sedan,foreign_used,5,Blue,Backup camera; Bluetooth,"2017 Hyundai Elantra (foreign used), a well-priced sedan well suited to daily commuting and city driving — a good fit for urban professionals. Comes with backup camera.",
Sonata,Hyundai,2018,155000,92000,Hybrid,Automatic,Sedan,foreign_used,5,White,Leather seats; Navigation; Heated seats; Backup camera,"2018 Hyundai Sonata (foreign used), a well-priced sedan well suited to daily commuting and city driving — a good fit for urban professionals. Comes with leather seats. A hybrid powertrain keeps running costs low for eco-conscious drivers.",
C-Class,Mercedes-Benz,2017,265000,88000,Gasoline,Automatic,Sedan,foreign_used,5,Black,Sunroof; Leather seats; Navigation; Premium audio,"2017 Mercedes-Benz C-Class (foreign used), a premium sedan well suited to daily commuting and city driving — a good fit for urban professionals. Comes with sunroof. A solid pick for luxury lovers who want a standout badge on Ghanaian roads.",
Altima,Nissan,2019,150000,101000,Gasoline,CVT,Sedan,foreign_used,5,Red,Backup camera; Bluetooth; Navigation,"2019 Nissan Altima (foreign used), a well-priced sedan well suited to daily commuting and city driving — a good fit for urban professionals. Comes with backup camera.",
Passat,Volkswagen,2016,135000,125000,Diesel,Manual,Sedan,foreign_used,5,Silver,Leather seats; Navigation; Bluetooth,"2016 Volkswagen Passat (foreign used), a well-priced sedan well suited to daily commuting and city driving — a good fit for urban professionals. Comes with leather seats.",
Model 3,Tesla,2021,280000,55000,Electric,Automatic,Sedan,foreign_used,5,White,Navigation; Backup camera; Premium audio; Heated seats,"2021 Tesla Model 3 (foreign used), a premium sedan well suited to daily commuting and city driving — a good fit for urban professionals. Comes with navigation. A electric powertrain keeps running costs low for eco-conscious drivers. A solid pick for luxury lovers who want a standout badge on Ghanaian roads.",
RAV4,Toyota,2019,310000,85000,Hybrid,Automatic,SUV,foreign_used,5,White,All wheel drive; Sunroof; Backup camera; Bluetooth,"2019 Toyota RAV4 (foreign used), a well-priced suv well suited to family trips and weekend getaways — a good fit for family-oriented drivers. Comes with all wheel drive. A hybrid powertrain keeps running costs low for eco-conscious drivers.",
CR-V,Honda,2019,205000,72000,Gasoline,CVT,SUV,foreign_used,5,Gray,Sunroof; Leather seats; Backup camera; Navigation,"2019 Honda CR-V (foreign used), a well-priced suv well suited to family trips and weekend getaways — a good fit for family-oriented drivers. Comes with sunroof.",
Tucson,Hyundai,2019,140000,90000,Gasoline,Automatic,SUV,foreign_used,5,Blue,Backup camera; Bluetooth; Heated seats,"2019 Hyundai Tucson (foreign used), a budget-friendly suv well suited to family trips and weekend getaways — a good fit for family-oriented drivers. Comes with backup camera.",
Sportage,Kia,2018,260000,83000,Gasoline,Automatic,SUV,foreign_used,5,Black,Sunroof; Leather seats; Navigation,"2018 Kia Sportage (foreign used), a well-priced suv well suited to family trips and weekend getaways — a good fit for family-oriented drivers. Comes with sunroof.",
X-Trail,Nissan,2018,170000,105000,Gasoline,CVT,SUV,foreign_used,5,Silver,All wheel drive; Backup camera; Bluetooth,"2018 Nissan X-Trail (foreign used), a budget-friendly suv well suited to family trips and weekend getaways — a good fit for family-oriented drivers. Comes with all wheel drive.",
Outlander,Mitsubishi,2019,185000,98000,Gasoline,CVT,SUV,foreign_used,7,White,All wheel drive; Navigation; Backup camera,"2019 Mitsubishi Outlander (foreign used), a well-priced suv well suited to family trips and weekend getaways — a good fit for family-oriented drivers. Comes with all wheel drive.",
Highlander,Toyota,2020,330000,70000,Gasoline,Automatic,SUV,foreign_used,7,Black,Leather seats; Sunroof; Premium audio; Backup camera,"2020 Toyota Highlander (foreign used), a premium suv well suited to family trips and weekend getaways — a good fit for family-oriented drivers. Comes with leather seats.",
CX-5,Mazda,2019,210000,78000,Gasoline,Automatic,SUV,foreign_used,5,Red,Sunroof; Leather seats; Premium audio,"2019 Mazda CX-5 (foreign used), a well-priced suv well suited to family trips and weekend getaways — a good fit for family-oriented drivers. Comes with sunroof.",
G-Class,Mercedes-Benz,2018,850000,62000,Gasoline,Automatic,SUV,foreign_used,5,Black,All wheel drive; Leather seats; Navigation; Premium audio,"2018 Mercedes-Benz G-Class (foreign used), a premium suv well suited to family trips and weekend getaways — a good fit for family-oriented drivers. Comes with all wheel drive. A solid pick for luxury lovers who want a standout badge on Ghanaian roads.",
Model Y,Tesla,2022,420000,48000,Electric,Automatic,SUV,foreign_used,5,White,All wheel drive; Navigation; Backup camera; Premium audio; Heated seats,"2022 Tesla Model Y (foreign used), a premium suv well suited to family trips and weekend getaways — a good fit for family-oriented drivers. Comes with all wheel drive. A electric powertrain keeps running costs low for eco-conscious drivers. A solid pick for luxury lovers who want a standout badge on Ghanaian roads.",
Fit,Honda,2018,75000,82000,Gasoline,CVT,Hatchback,foreign_used,5,White,Backup camera; Bluetooth,"2018 Honda Fit (foreign used), a well-priced hatchback well suited to quick city runs and easy parking — a good fit for budget-conscious buyers. Comes with backup camera.",
Vitz,Toyota,2017,68000,95000,Gasoline,CVT,Hatchback,foreign_used,5,Silver,Bluetooth; Backup camera,"2017 Toyota Vitz (foreign used), a well-priced hatchback well suited to quick city runs and easy parking — a good fit for budget-conscious buyers. Comes with bluetooth.",
Yaris,Toyota,2019,90000,76000,Gasoline,Automatic,Hatchback,foreign_used,5,Red,Bluetooth; Backup camera; Navigation,"2019 Toyota Yaris (foreign used), a well-priced hatchback well suited to quick city runs and easy parking — a good fit for budget-conscious buyers. Comes with bluetooth.",
Picanto,Kia,2019,65000,68000,Gasoline,Automatic,Hatchback,foreign_used,5,Blue,Bluetooth; Backup camera,"2019 Kia Picanto (foreign used), a well-priced hatchback well suited to quick city runs and easy parking — a good fit for budget-conscious buyers. Comes with bluetooth.",
Getz,Hyundai,2010,39000,160000,Gasoline,Manual,Hatchback,local_used,5,Red,Bluetooth,"2010 Hyundai Getz (locally used), a budget-friendly hatchback well suited to quick city runs and easy parking — a good fit for budget-conscious buyers. Comes with bluetooth.",
Golf,Volkswagen,2017,120000,115000,Diesel,Manual,Hatchback,foreign_used,5,Gray,Navigation; Bluetooth; Heated seats,"2017 Volkswagen Golf (foreign used), a premium hatchback well suited to quick city runs and easy parking — a good fit for budget-conscious buyers. Comes with navigation.",
Swift,Suzuki,2018,78000,80000,Gasoline,Manual,Hatchback,foreign_used,5,White,Bluetooth; Backup camera,"2018 Suzuki Swift (foreign used), a well-priced hatchback well suited to quick city runs and easy parking — a good fit for budget-conscious buyers. Comes with bluetooth.",
Mazda3,Mazda,2018,130000,90000,Gasoline,Automatic,Hatchback,foreign_used,5,Black,Sunroof; Navigation; Backup camera,"2018 Mazda Mazda3 (foreign used), a premium hatchback well suited to quick city runs and easy parking — a good fit for budget-conscious buyers. Comes with sunroof.",
Leaf,Nissan,2020,110000,62000,Electric,Automatic,Hatchback,foreign_used,5,White,Navigation; Backup camera; Heated seats,"2020 Nissan Leaf (foreign used), a well-priced hatchback well suited to quick city runs and easy parking — a good fit for budget-conscious buyers. Comes with navigation. A electric powertrain keeps running costs low for eco-conscious drivers.",
i3,BMW,2019,180000,58000,Electric,Automatic,Hatchback,foreign_used,4,Blue,Navigation; Premium audio; Heated seats,"2019 BMW i3 (foreign used), a premium hatchback well suited to quick city runs and easy parking — a good fit for budget-conscious buyers. Comes with navigation. A electric powertrain keeps running costs low for eco-conscious drivers. A solid pick for luxury lovers who want a standout badge on Ghanaian roads.",
Mustang,Ford,2018,220000,72000,Gasoline,Automatic,Coupe,foreign_used,4,Red,Leather seats; Premium audio; Backup camera,"2018 Ford Mustang (foreign used), a well-priced coupe well suited to weekend drives and spirited handling — a good fit for lifestyle-focused drivers. Comes with leather seats.",
Camaro,Chevrolet,2019,250000,68000,Gasoline,Automatic,Coupe,foreign_used,4,Yellow,Leather seats; Navigation; Backup camera,"2019 Chevrolet Camaro (foreign used), a well-priced coupe well suited to weekend drives and spirited handling — a good fit for lifestyle-focused drivers. Comes with leather seats.",
86,Toyota,2018,210000,65000,Gasoline,Manual,Coupe,foreign_used,4,White,Bluetooth; Backup camera,"2018 Toyota 86 (foreign used), a well-priced coupe well suited to weekend drives and spirited handling — a good fit for lifestyle-focused drivers. Comes with bluetooth.",
BRZ,Subaru,2019,230000,58000,Gasoline,Manual,Coupe,foreign_used,4,Blue,Backup camera; Bluetooth,"2019 Subaru BRZ (foreign used), a well-priced coupe well suited to weekend drives and spirited handling — a good fit for lifestyle-focused drivers. Comes with backup camera.",
C-Class Coupe,Mercedes-Benz,2018,350000,62000,Gasoline,Automatic,Coupe,foreign_used,4,Black,Sunroof; Leather seats; Premium audio; Navigation,"2018 Mercedes-Benz C-Class Coupe (foreign used), a premium coupe well suited to weekend drives and spirited handling — a good fit for lifestyle-focused drivers. Comes with sunroof. A solid pick for luxury lovers who want a standout badge on Ghanaian roads.",
4 Series,BMW,2019,390000,55000,Gasoline,Automatic,Coupe,foreign_used,4,Gray,Sunroof; Leather seats; Navigation; Premium audio,"2019 BMW 4 Series (foreign used), a premium coupe well suited to weekend drives and spirited handling — a good fit for lifestyle-focused drivers. Comes with sunroof. A solid pick for luxury lovers who want a standout badge on Ghanaian roads.",
A5,Audi,2018,360000,70000,Gasoline,Automatic,Coupe,foreign_used,4,White,Sunroof; Leather seats; Navigation; Premium audio,"2018 Audi A5 (foreign used), a premium coupe well suited to weekend drives and spirited handling — a good fit for lifestyle-focused drivers. Comes with sunroof. A solid pick for luxury lovers who want a standout badge on Ghanaian roads.",
Eclipse,Mitsubishi,2011,95000,140000,Gasoline,Manual,Coupe,local_used,4,Silver,Leather seats; Bluetooth,"2011 Mitsubishi Eclipse (locally used), a budget-friendly coupe well suited to weekend drives and spirited handling — a good fit for lifestyle-focused drivers. Comes with leather seats.",
Veloster,Hyundai,2019,180000,72000,Gasoline,Manual,Coupe,foreign_used,4,Orange,Sunroof; Navigation; Backup camera,"2019 Hyundai Veloster (foreign used), a budget-friendly coupe well suited to weekend drives and spirited handling — a good fit for lifestyle-focused drivers. Comes with sunroof.",
Challenger,Dodge,2018,320000,68000,Gasoline,Automatic,Coupe,foreign_used,5,Black,Leather seats; Navigation; Premium audio; Backup camera,"2018 Dodge Challenger (foreign used), a well-priced coupe well suited to weekend drives and spirited handling — a good fit for lifestyle-focused drivers. Comes with leather seats.",
MX-5 Miata,Mazda,2019,240000,52000,Gasoline,Manual,Convertible,foreign_used,2,Red,Leather seats; Bluetooth; Backup camera,"2019 Mazda MX-5 Miata (foreign used), a budget-friendly convertible well suited to weekend adventures and open-top cruising — a good fit for adventure seekers and luxury lovers. Comes with leather seats.",
Mustang Convertible,Ford,2018,280000,67000,Gasoline,Automatic,Convertible,foreign_used,4,White,Leather seats; Premium audio; Backup camera,"2018 Ford Mustang Convertible (foreign used), a budget-friendly convertible well suited to weekend adventures and open-top cruising — a good fit for adventure seekers and luxury lovers. Comes with leather seats.",
Camaro Convertible,Chevrolet,2019,310000,60000,Gasoline,Automatic,Convertible,foreign_used,4,Yellow,Leather seats; Navigation; Backup camera,"2019 Chevrolet Camaro Convertible (foreign used), a budget-friendly convertible well suited to weekend adventures and open-top cruising — a good fit for adventure seekers and luxury lovers. Comes with leather seats.",
C-Class Cabriolet,Mercedes-Benz,2019,430000,55000,Gasoline,Automatic,Convertible,foreign_used,4,Black,Leather seats; Sunroof; Premium audio; Navigation,"2019 Mercedes-Benz C-Class Cabriolet (foreign used), a well-priced convertible well suited to weekend adventures and open-top cruising — a good fit for adventure seekers and luxury lovers. Comes with leather seats.",
E-Class Cabriolet,Mercedes-Benz,2018,500000,65000,Gasoline,Automatic,Convertible,foreign_used,4,Silver,Leather seats; Heated seats; Navigation; Premium audio,"2018 Mercedes-Benz E-Class Cabriolet (foreign used), a well-priced convertible well suited to weekend adventures and open-top cruising — a good fit for adventure seekers and luxury lovers. Comes with leather seats.",
4 Series Convertible,BMW,2019,420000,58000,Gasoline,Automatic,Convertible,foreign_used,4,Blue,Leather seats; Navigation; Premium audio,"2019 BMW 4 Series Convertible (foreign used), a well-priced convertible well suited to weekend adventures and open-top cruising — a good fit for adventure seekers and luxury lovers. Comes with leather seats.",
TT Roadster,Audi,2018,380000,62000,Gasoline,Automatic,Convertible,foreign_used,2,Gray,Leather seats; Navigation; Backup camera,"2018 Audi TT Roadster (foreign used), a well-priced convertible well suited to weekend adventures and open-top cruising — a good fit for adventure seekers and luxury lovers. Comes with leather seats.",
Z4,BMW,2020,480000,42000,Gasoline,Automatic,Convertible,foreign_used,2,White,Leather seats; Navigation; Premium audio; Heated seats,"2020 BMW Z4 (foreign used), a well-priced convertible well suited to weekend adventures and open-top cruising — a good fit for adventure seekers and luxury lovers. Comes with leather seats.",
Boxster,Porsche,2017,550000,50000,Gasoline,Automatic,Convertible,foreign_used,2,Red,Leather seats; Navigation; Premium audio,"2017 Porsche Boxster (foreign used), a well-priced convertible well suited to weekend adventures and open-top cruising — a good fit for adventure seekers and luxury lovers. Comes with leather seats.",
911 Cabriolet,Porsche,2018,900000,45000,Gasoline,Automatic,Convertible,foreign_used,2,Black,Leather seats; Navigation; Premium audio; Heated seats,"2018 Porsche 911 Cabriolet (foreign used), a premium convertible well suited to weekend adventures and open-top cruising — a good fit for adventure seekers and luxury lovers. Comes with leather seats. A solid pick for luxury lovers who want a standout badge on Ghanaian roads.",
Hilux,Toyota,2019,280000,95000,Diesel,Manual,Truck,foreign_used,5,White,All wheel drive; Bluetooth; Backup camera,"2019 Toyota Hilux (foreign used), a well-priced truck well suited to hauling and rough Ghanaian roads — a good fit for adventure seekers. Comes with all wheel drive.",
Ranger,Ford,2019,270000,82000,Diesel,Automatic,Truck,foreign_used,5,Black,All wheel drive; Navigation; Backup camera,"2019 Ford Ranger (foreign used), a well-priced truck well suited to hauling and rough Ghanaian roads — a good fit for adventure seekers. Comes with all wheel drive.",
Navara,Nissan,2018,250000,105000,Diesel,Manual,Truck,foreign_used,5,Silver,All wheel drive; Bluetooth; Backup camera,"2018 Nissan Navara (foreign used), a well-priced truck well suited to hauling and rough Ghanaian roads — a good fit for adventure seekers. Comes with all wheel drive.",
D-Max,Isuzu,2019,245000,98000,Diesel,Manual,Truck,foreign_used,5,White,All wheel drive; Bluetooth,"2019 Isuzu D-Max (foreign used), a well-priced truck well suited to hauling and rough Ghanaian roads — a good fit for adventure seekers. Comes with all wheel drive.",
L200,Mitsubishi,2018,235000,110000,Diesel,Manual,Truck,foreign_used,5,Gray,All wheel drive; Backup camera,"2018 Mitsubishi L200 (foreign used), a well-priced truck well suited to hauling and rough Ghanaian roads — a good fit for adventure seekers. Comes with all wheel drive.",
Colorado,Chevrolet,2019,260000,85000,Diesel,Automatic,Truck,foreign_used,5,Blue,All wheel drive; Navigation; Backup camera,"2019 Chevrolet Colorado (foreign used), a well-priced truck well suited to hauling and rough Ghanaian roads — a good fit for adventure seekers. Comes with all wheel drive.",
F-150,Ford,2018,350000,90000,Gasoline,Automatic,Truck,foreign_used,5,Black,All wheel drive; Leather seats; Navigation; Backup camera,"2018 Ford F-150 (foreign used), a well-priced truck well suited to hauling and rough Ghanaian roads — a good fit for adventure seekers. Comes with all wheel drive.",
Tundra,Toyota,2019,390000,78000,Gasoline,Automatic,Truck,foreign_used,5,White,All wheel drive; Leather seats; Premium audio; Backup camera,"2019 Toyota Tundra (foreign used), a premium truck well suited to hauling and rough Ghanaian roads — a good fit for adventure seekers. Comes with all wheel drive.",
Frontier,Nissan,2020,290000,70000,Gasoline,Automatic,Truck,foreign_used,5,Red,Backup camera; Bluetooth; All wheel drive,"2020 Nissan Frontier (foreign used), a well-priced truck well suited to hauling and rough Ghanaian roads — a good fit for adventure seekers. Comes with backup camera.",
Amarok,Volkswagen,2018,300000,88000,Diesel,Automatic,Truck,foreign_used,5,Silver,All wheel drive; Leather seats; Navigation,"2018 Volkswagen Amarok (foreign used), a well-priced truck well suited to hauling and rough Ghanaian roads — a good fit for adventure seekers. Comes with all wheel drive.",
Outback,Subaru,2019,230000,85000,Gasoline,CVT,Wagon,foreign_used,5,Blue,All wheel drive; Navigation; Backup camera,"2019 Subaru Outback (foreign used), a well-priced wagon well suited to family trips with plenty of cargo room — a good fit for family-oriented drivers. Comes with all wheel drive.",
Forester,Subaru,2018,210000,92000,Gasoline,CVT,Wagon,foreign_used,5,White,All wheel drive; Sunroof; Backup camera,"2018 Subaru Forester (foreign used), a well-priced wagon well suited to family trips with plenty of cargo room — a good fit for family-oriented drivers. Comes with all wheel drive.",
V60,Volvo,2019,320000,70000,Diesel,Automatic,Wagon,foreign_used,5,Gray,Leather seats; Navigation; Heated seats,"2019 Volvo V60 (foreign used), a well-priced wagon well suited to family trips with plenty of cargo room — a good fit for family-oriented drivers. Comes with leather seats.",
E-Class Estate,Mercedes-Benz,2018,390000,76000,Diesel,Automatic,Wagon,foreign_used,5,Black,Leather seats; Navigation; Premium audio; Heated seats,"2018 Mercedes-Benz E-Class Estate (foreign used), a premium wagon well suited to family trips with plenty of cargo room — a good fit for family-oriented drivers. Comes with leather seats. A solid pick for luxury lovers who want a standout badge on Ghanaian roads.",
3 Series Touring,BMW,2019,360000,68000,Diesel,Automatic,Wagon,foreign_used,5,White,Leather seats; Navigation; Premium audio,"2019 BMW 3 Series Touring (foreign used), a well-priced wagon well suited to family trips with plenty of cargo room — a good fit for family-oriented drivers. Comes with leather seats.",
Golf Variant,Volkswagen,2018,180000,98000,Diesel,Manual,Wagon,foreign_used,5,Silver,Navigation; Bluetooth; Heated seats,"2018 Volkswagen Golf Variant (foreign used), a budget-friendly wagon well suited to family trips with plenty of cargo room — a good fit for family-oriented drivers. Comes with navigation.",
Octavia Combi,Skoda,2019,170000,90000,Diesel,Manual,Wagon,foreign_used,5,Gray,Navigation; Backup camera; Bluetooth,"2019 Skoda Octavia Combi (foreign used), a budget-friendly wagon well suited to family trips with plenty of cargo room — a good fit for family-oriented drivers. Comes with navigation.",
Corolla Fielder,Toyota,2018,135000,82000,Hybrid,CVT,Wagon,foreign_used,5,White,Bluetooth; Backup camera; Navigation,"2018 Toyota Corolla Fielder (foreign used), a budget-friendly wagon well suited to family trips with plenty of cargo room — a good fit for family-oriented drivers. Comes with bluetooth. A hybrid powertrain keeps running costs low for eco-conscious drivers.",
A4 Avant,Audi,2018,330000,75000,Gasoline,Automatic,Wagon,foreign_used,5,Black,Sunroof; Leather seats; Navigation; Premium audio,"2018 Audi A4 Avant (foreign used), a well-priced wagon well suited to family trips with plenty of cargo room — a good fit for family-oriented drivers. Comes with sunroof.",
C-Class Estate,Mercedes-Benz,2019,370000,65000,Gasoline,Automatic,Wagon,foreign_used,5,Silver,Sunroof; Leather seats; Navigation; Backup camera,"2019 Mercedes-Benz C-Class Estate (foreign used), a well-priced wagon well suited to family trips with plenty of cargo room — a good fit for family-oriented drivers. Comes with sunroof.",
Corrolla Altis,Toyota,2008,165000,72000,Gasoline,Automatic,Sedan,foreign_used,5,Black,ABS; Air Bags; Premium Audio; Heated Seats; Backup Camera; Immobilizer Key; Keyless Entry; Navigation; Power Locks; Power Mirrors; Power Steering; Power Windows,"2008 Toyota Corrolla Altis (foreign used), a well-priced sedan well suited to daily commuting and city driving — a good fit for urban professionals. Comes with ABS.",
Swift,Suzuki,2022,120000,4000,Gasoline,Automatic,Hatchback,foreign_used,5,Red,ABS; Air Bags; Premium Audio; Heated Seats; Backup Camera; Immobilizer Key; Keyless Entry; Navigation; Power Locks; Power Mirrors; Power Steering; Power Windows,"2022 Suzuki Swift (foreign used), a premium hatchback well suited to quick city runs and easy parking — a good fit for budget-conscious buyers. Comes with ABS.",
Civic Oriel,Honda,2017,179000,95000,Gasoline,Automatic,Sedan,foreign_used,5,Gray,ABS; Air Bags; Premium Audio; Heated Seats; Backup Camera; Immobilizer Key; Keyless Entry; Navigation; Power Locks; Power Mirrors; Power Steering; Power Windows,"2017 Honda Civic Oriel (foreign used), a well-priced sedan well suited to daily commuting and city driving — a good fit for urban professionals. Comes with ABS.",
Corolla XLI,Toyota,2010,180000,1234,Gasoline,Manual,Sedan,local_used,5,Silver,ABS; Air Bags; Premium Audio; Heated Seats; Backup Camera; Immobilizer Key; Keyless Entry; Navigation; Power Locks; Power Mirrors; Power Steering; Power Windows,"2010 Toyota Corolla XLI (locally used), a well-priced sedan well suited to daily commuting and city driving — a good fit for urban professionals. Comes with ABS.",
Passo,Toyota,2013,62000,135000,Gasoline,Automatic,Hatchback,foreign_used,5,White,ABS; Air Bags; Premium Audio; Heated Seats; Backup Camera; Immobilizer Key; Keyless Entry; Navigation; Power Locks; Power Mirrors; Power Steering; Power Windows,"2013 Toyota Passo (foreign used), a well-priced hatchback well suited to quick city runs and easy parking — a good fit for budget-conscious buyers. Comes with ABS.",
Every,Suzuki,2016,305500,1000,Gasoline,Manual,Wagon,foreign_used,5,White,ABS; Air Bags; Premium Audio; Heated Seats; Backup Camera; Immobilizer Key; Keyless Entry; Navigation; Power Locks; Power Mirrors; Power Steering; Power Windows,"2016 Suzuki Every (foreign used), a well-priced wagon well suited to family trips with plenty of cargo room — a good fit for family-oriented drivers. Comes with ABS.",
Alsvin,Changan,2022,223500,29000,Gasoline,Automatic,Sedan,local_used,5,White,ABS; Air Bags; Premium Audio; Heated Seats; Backup Camera; Immobilizer Key; Keyless Entry; Navigation; Power Locks; Power Mirrors; Power Steering; Power Windows,"2022 Changan Alsvin (locally used), a premium sedan well suited to daily commuting and city driving — a good fit for urban professionals. Comes with ABS.",
Civic Oriel,Honda,2006,106000,160000,Gasoline,Automatic,Sedan,local_used,5,Blue,ABS; Air Bags; Premium Audio; Heated Seats; Backup Camera; Immobilizer Key; Keyless Entry; Navigation; Power Locks; Power Mirrors; Power Steering; Power Windows,"2006 Honda Civic Oriel (locally used), a well-priced sedan well suited to daily commuting and city driving — a good fit for urban professionals. Comes with ABS.",
Corolla GLI,Toyota,2014,130000,125000,Gasoline,Automatic,Sedan,foreign_used,5,Silver,ABS; Air Bags; Premium Audio; Heated Seats; Backup Camera; Immobilizer Key; Keyless Entry; Navigation; Power Locks; Power Mirrors; Power Steering; Power Windows,"2014 Toyota Corolla GLI (foreign used), a well-priced sedan well suited to daily commuting and city driving — a good fit for urban professionals. Comes with ABS.",
City Aspire,Honda,2022,216000,19000,Gasoline,Automatic,Sedan,foreign_used,5,Gray,ABS; Air Bags; Premium Audio; Heated Seats; Backup Camera; Immobilizer Key; Keyless Entry; Navigation; Power Locks; Power Mirrors; Power Steering; Power Windows,"2022 Honda City Aspire (foreign used), a premium sedan well suited to daily commuting and city driving — a good fit for urban professionals. Comes with ABS.",
Altis Grande,Toyota,2017,131500,124000,Gasoline,Automatic,Sedan,foreign_used,5,White,ABS; Air Bags; Premium Audio; Heated Seats; Backup Camera; Immobilizer Key; Keyless Entry; Navigation; Power Locks; Power Mirrors; Power Steering; Power Windows,"2017 Toyota Altis Grande (foreign used), a well-priced sedan well suited to daily commuting and city driving — a good fit for urban professionals. Comes with ABS.",
City IVTEC,Honda,2017,161500,110000,Gasoline,Automatic,Sedan,foreign_used,5,Yellow,ABS; Air Bags; Premium Audio; Heated Seats; Backup Camera; Immobilizer Key; Keyless Entry; Navigation; Power Locks; Power Mirrors; Power Steering; Power Windows,"2017 Honda City IVTEC (foreign used), a well-priced sedan well suited to daily commuting and city driving — a good fit for urban professionals. Comes with ABS.",
Prius,Toyota,2008,65500,100000,Gasoline,Manual,Hatchback,foreign_used,5,Blue,ABS; Air Bags; Premium Audio; Heated Seats; Backup Camera; Immobilizer Key; Keyless Entry; Navigation; Power Locks; Power Mirrors; Power Steering; Power Windows,"2008 Toyota Prius (foreign used), a well-priced hatchback well suited to quick city runs and easy parking — a good fit for budget-conscious buyers. Comes with ABS.",
Passo,Toyota,2017,90000,105000,Gasoline,Automatic,Hatchback,foreign_used,5,White,ABS; Air Bags; Premium Audio; Heated Seats; Backup Camera; Immobilizer Key; Keyless Entry; Navigation; Power Locks; Power Mirrors; Power Steering; Power Windows,"2017 Toyota Passo (foreign used), a well-priced hatchback well suited to quick city runs and easy parking — a good fit for budget-conscious buyers. Comes with ABS.",
Civic Oriel,Honda,2016,156500,85000,Gasoline,Manual,Sedan,foreign_used,5,White,ABS; Air Bags; Premium Audio; Heated Seats; Backup Camera; Immobilizer Key; Keyless Entry; Navigation; Power Locks; Power Mirrors; Power Steering; Power Windows,"2016 Honda Civic Oriel (foreign used), a well-priced sedan well suited to daily commuting and city driving — a good fit for urban professionals. Comes with ABS.",
Civic Prosmetic,Honda,2007,131500,100000,Gasoline,Automatic,Sedan,foreign_used,5,White,ABS; Air Bags; Premium Audio; Heated Seats; Backup Camera; Immobilizer Key; Keyless Entry; Navigation; Power Locks; Power Mirrors; Power Steering; Power Windows,"2007 Honda Civic Prosmetic (foreign used), a well-priced sedan well suited to daily commuting and city driving — a good fit for urban professionals. Comes with ABS.",
Altis Grande,Toyota,2016,148000,68000,Gasoline,Automatic,Sedan,foreign_used,5,Black,ABS; Air Bags; Premium Audio; Heated Seats; Backup Camera; Immobilizer Key; Keyless Entry; Navigation; Power Locks; Power Mirrors; Power Steering; Power Windows,"2016 Toyota Altis Grande (foreign used), a well-priced sedan well suited to daily commuting and city driving — a good fit for urban professionals. Comes with ABS.",
Cuore,Daihatsu,2006,70500,26868,Gasoline,Manual,Hatchback,foreign_used,5,Silver,ABS; Air Bags; Premium Audio; Heated Seats; Backup Camera; Immobilizer Key; Keyless Entry; Navigation; Power Locks; Power Mirrors; Power Steering; Power Windows,"2006 Daihatsu Cuore (foreign used), a well-priced hatchback well suited to quick city runs and easy parking — a good fit for budget-conscious buyers. Comes with ABS.",
Civic Prosmetic,Honda,2012,138000,112000,Gasoline,Automatic,Sedan,foreign_used,5,Black,ABS; Air Bags; Premium Audio; Heated Seats; Backup Camera; Immobilizer Key; Keyless Entry; Navigation; Power Locks; Power Mirrors; Power Steering; Power Windows,"2012 Honda Civic Prosmetic (foreign used), a well-priced sedan well suited to daily commuting and city driving — a good fit for urban professionals. Comes with ABS.",
Picanto,KIA,2021,157000,65000,Gasoline,Automatic,Hatchback,foreign_used,5,Black,ABS; Air Bags; Premium Audio; Heated Seats; Backup Camera; Immobilizer Key; Keyless Entry; Navigation; Power Locks; Power Mirrors; Power Steering; Power Windows,"2021 KIA Picanto (foreign used), a premium hatchback well suited to quick city runs and easy parking — a good fit for budget-conscious buyers. Comes with ABS. A solid pick for luxury lovers who want a standout badge.",
X-PV,FAW,2018,78000,140000,Gasoline,Manual,Hatchback,foreign_used,5,Silver,ABS; Air Bags; Premium Audio; Heated Seats; Backup Camera; Immobilizer Key; Keyless Entry; Navigation; Power Locks; Power Mirrors; Power Steering; Power Windows,"2018 FAW X-PV (foreign used), a well-priced hatchback well suited to quick city runs and easy parking — a good fit for budget-conscious buyers. Comes with ABS.",
Alsvin,Changan,2021,200000,19220,Gasoline,Automatic,Sedan,local_used,5,White,ABS; Air Bags; Premium Audio; Heated Seats; Backup Camera; Immobilizer Key; Keyless Entry; Navigation; Power Locks; Power Mirrors; Power Steering; Power Windows,"2021 Changan Alsvin (locally used), a premium sedan well suited to daily commuting and city driving — a good fit for urban professionals. Comes with ABS.",
C Class,Mercedes,2001,195500,99990,Gasoline,Automatic,Sedan,foreign_used,5,Black,ABS; Air Bags; Premium Audio; Heated Seats; Backup Camera; Immobilizer Key; Keyless Entry; Navigation; Power Locks; Power Mirrors; Power Steering; Power Windows,"2001 Mercedes C Class (foreign used), a premium sedan well suited to daily commuting and city driving — a good fit for urban professionals. Comes with ABS. A solid pick for luxury lovers who want a standout badge.",
Swift,Suzuki,2023,131500,1200,Gasoline,Automatic,Hatchback,foreign_used,5,Black,ABS; Air Bags; Premium Audio; Heated Seats; Backup Camera; Immobilizer Key; Keyless Entry; Navigation; Power Locks; Power Mirrors; Power Steering; Power Windows,"2023 Suzuki Swift (foreign used), a premium hatchback well suited to quick city runs and easy parking — a good fit for budget-conscious buyers. Comes with ABS.",
Baleno,Suzuki,2000,59000,123456,Gasoline,Manual,Hatchback,local_used,5,Black,ABS; Air Bags; Premium Audio; Heated Seats; Backup Camera; Immobilizer Key; Keyless Entry; Navigation; Power Locks; Power Mirrors; Power Steering; Power Windows,"2000 Suzuki Baleno (locally used), a well-priced hatchback well suited to quick city runs and easy parking — a good fit for budget-conscious buyers. Comes with ABS.",
Corrolla Altis,Toyota,2010,142500,40000,Gasoline,Automatic,Sedan,foreign_used,5,Blue,ABS; Air Bags; Premium Audio; Heated Seats; Backup Camera; Immobilizer Key; Keyless Entry; Navigation; Power Locks; Power Mirrors; Power Steering; Power Windows,"2010 Toyota Corrolla Altis (foreign used), a well-priced sedan well suited to daily commuting and city driving — a good fit for urban professionals. Comes with ABS.",
Alto,Suzuki,2020,99000,54000,Gasoline,Automatic,Hatchback,foreign_used,5,White,ABS; Air Bags; Premium Audio; Heated Seats; Backup Camera; Immobilizer Key; Keyless Entry; Navigation; Power Locks; Power Mirrors; Power Steering; Power Windows,"2020 Suzuki Alto (foreign used), a well-priced hatchback well suited to quick city runs and easy parking — a good fit for budget-conscious buyers. Comes with ABS.",
Altis Grande,Toyota,2014,131000,112000,Gasoline,Automatic,Sedan,foreign_used,5,Silver,ABS; Air Bags; Premium Audio; Heated Seats; Backup Camera; Immobilizer Key; Keyless Entry; Navigation; Power Locks; Power Mirrors; Power Steering; Power Windows,"2014 Toyota Altis Grande (foreign used), a well-priced sedan well suited to daily commuting and city driving — a good fit for urban professionals. Comes with ABS.",
Altis Grande,Toyota,2015,151000,84000,Gasoline,Automatic,Sedan,foreign_used,5,Silver,ABS; Air Bags; Premium Audio; Heated Seats; Backup Camera; Immobilizer Key; Keyless Entry; Navigation; Power Locks; Power Mirrors; Power Steering; Power Windows,"2015 Toyota Altis Grande (foreign used), a well-priced sedan well suited to daily commuting and city driving — a good fit for urban professionals. Comes with ABS.",
Corolla GLI,Toyota,2010,119000,197000,Gasoline,Manual,Sedan,local_used,5,White,ABS; Air Bags; Premium Audio; Heated Seats; Backup Camera; Immobilizer Key; Keyless Entry; Navigation; Power Locks; Power Mirrors; Power Steering; Power Windows,"2010 Toyota Corolla GLI (locally used), a well-priced sedan well suited to daily commuting and city driving — a good fit for urban professionals. Comes with ABS.",
Civic Prosmetic,Honda,2005,82000,200000,Gasoline,Manual,Sedan,foreign_used,5,Silver,ABS; Air Bags; Premium Audio; Heated Seats; Backup Camera; Immobilizer Key; Keyless Entry; Navigation; Power Locks; Power Mirrors; Power Steering; Power Windows,"2005 Honda Civic Prosmetic (foreign used), a budget-friendly sedan well suited to daily commuting and city driving — a good fit for urban professionals. Comes with ABS.",
Corrolla Altis,Toyota,2012,131500,140000,Gasoline,Automatic,Sedan,foreign_used,5,White,ABS; Air Bags; Premium Audio; Heated Seats; Backup Camera; Immobilizer Key; Keyless Entry; Navigation; Power Locks; Power Mirrors; Power Steering; Power Windows,"2012 Toyota Corrolla Altis (foreign used), a well-priced sedan well suited to daily commuting and city driving — a good fit for urban professionals. Comes with ABS.",
Passo,Toyota,2022,93500,105000,Gasoline,Automatic,Hatchback,foreign_used,5,White,ABS; Air Bags; Premium Audio; Heated Seats; Backup Camera; Immobilizer Key; Keyless Entry; Navigation; Power Locks; Power Mirrors; Power Steering; Power Windows,"2022 Toyota Passo (foreign used), a well-priced hatchback well suited to quick city runs and easy parking — a good fit for budget-conscious buyers. Comes with ABS.",
Corrolla Altis,Toyota,2015,152000,130000,Gasoline,Automatic,Sedan,foreign_used,5,Red,ABS; Air Bags; Premium Audio; Heated Seats; Backup Camera; Immobilizer Key; Keyless Entry; Navigation; Power Locks; Power Mirrors; Power Steering; Power Windows,"2015 Toyota Corrolla Altis (foreign used), a well-priced sedan well suited to daily commuting and city driving — a good fit for urban professionals. Comes with ABS.",
Yaris,Toyota,2021,208000,37000,Gasoline,Automatic,Sedan,foreign_used,5,Yellow,ABS; Air Bags; Premium Audio; Heated Seats; Backup Camera; Immobilizer Key; Keyless Entry; Navigation; Power Locks; Power Mirrors; Power Steering; Power Windows,"2021 Toyota Yaris (foreign used), a premium sedan well suited to daily commuting and city driving — a good fit for urban professionals. Comes with ABS.",
Swift,Suzuki,2010,41500,235000,Gasoline,Manual,Hatchback,foreign_used,5,Blue,ABS; Air Bags; Premium Audio; Heated Seats; Backup Camera; Immobilizer Key; Keyless Entry; Navigation; Power Locks; Power Mirrors; Power Steering; Power Windows,"2010 Suzuki Swift (foreign used), a budget-friendly hatchback well suited to quick city runs and easy parking — a good fit for budget-conscious buyers. Comes with ABS.",
Sportage,KIA,2003,293000,64000,Gasoline,Automatic,SUV,foreign_used,7,Black,ABS; Air Bags; Premium Audio; Heated Seats; Backup Camera; Immobilizer Key; Keyless Entry; Navigation; Power Locks; Power Mirrors; Power Steering; Power Windows,"2003 KIA Sportage (foreign used), a premium suv well suited to family trips and weekend getaways — a good fit for family-oriented drivers. Comes with ABS. A solid pick for luxury lovers who want a standout badge.",
Corrolla Altis,Toyota,2009,122000,145000,Gasoline,Automatic,Sedan,local_used,5,White,ABS; Air Bags; Premium Audio; Heated Seats; Backup Camera; Immobilizer Key; Keyless Entry; Navigation; Power Locks; Power Mirrors; Power Steering; Power Windows,"2009 Toyota Corrolla Altis (locally used), a well-priced sedan well suited to daily commuting and city driving — a good fit for urban professionals. Comes with ABS.",
Corrolla Altis,Toyota,2018,110500,185000,Gasoline,Automatic,Sedan,foreign_used,5,Gray,ABS; Air Bags; Premium Audio; Heated Seats; Backup Camera; Immobilizer Key; Keyless Entry; Navigation; Power Locks; Power Mirrors; Power Steering; Power Windows,"2018 Toyota Corrolla Altis (foreign used), a well-priced sedan well suited to daily commuting and city driving — a good fit for urban professionals. Comes with ABS.",
Civic Prosmetic,Honda,2013,180000,10000,Gasoline,Automatic,Sedan,foreign_used,5,Black,ABS; Air Bags; Premium Audio; Heated Seats; Backup Camera; Immobilizer Key; Keyless Entry; Navigation; Power Locks; Power Mirrors; Power Steering; Power Windows,"2013 Honda Civic Prosmetic (foreign used), a well-priced sedan well suited to daily commuting and city driving — a good fit for urban professionals. Comes with ABS.",
Move,Daihatsu,2019,91500,19000,Gasoline,Automatic,Hatchback,foreign_used,5,White,ABS; Air Bags; Premium Audio; Heated Seats; Backup Camera; Immobilizer Key; Keyless Entry; Navigation; Power Locks; Power Mirrors; Power Steering; Power Windows,"2019 Daihatsu Move (foreign used), a well-priced hatchback well suited to quick city runs and easy parking — a good fit for budget-conscious buyers. Comes with ABS.",
Mira,Daihatsu,2020,92500,28000,Gasoline,Automatic,Hatchback,foreign_used,5,Silver,ABS; Air Bags; Premium Audio; Heated Seats; Backup Camera; Immobilizer Key; Keyless Entry; Navigation; Power Locks; Power Mirrors; Power Steering; Power Windows,"2020 Daihatsu Mira (foreign used), a well-priced hatchback well suited to quick city runs and easy parking — a good fit for budget-conscious buyers. Comes with ABS.",
Wagon R,Suzuki,2019,103500,18360,Gasoline,Automatic,Hatchback,foreign_used,5,White,ABS; Air Bags; Premium Audio; Heated Seats; Backup Camera; Immobilizer Key; Keyless Entry; Navigation; Power Locks; Power Mirrors; Power Steering; Power Windows,"2019 Suzuki Wagon R (foreign used), a well-priced hatchback well suited to quick city runs and easy parking — a good fit for budget-conscious buyers. Comes with ABS.",
C Class,Mercedes,2008,188500,110000,Gasoline,Automatic,Sedan,foreign_used,5,Red,ABS; Air Bags; Premium Audio; Heated Seats; Backup Camera; Immobilizer Key; Keyless Entry; Navigation; Power Locks; Power Mirrors; Power Steering; Power Windows,"2008 Mercedes C Class (foreign used), a well-priced sedan well suited to daily commuting and city driving — a good fit for urban professionals. Comes with ABS.",
Mira,Daihatsu,2012,72000,127000,Gasoline,Automatic,Hatchback,foreign_used,5,Black,ABS; Air Bags; Premium Audio; Heated Seats; Backup Camera; Immobilizer Key; Keyless Entry; Navigation; Power Locks; Power Mirrors; Power Steering; Power Windows,"2012 Daihatsu Mira (foreign used), a well-priced hatchback well suited to quick city runs and easy parking — a good fit for budget-conscious buyers. Comes with ABS.",
Corolla XLI,Toyota,2015,206500,10000,Gasoline,Manual,Sedan,foreign_used,5,Gray,ABS; Air Bags; Premium Audio; Heated Seats; Immobilizer Key; Keyless Entry; Navigation; Power Locks; Power Mirrors; Power Steering; Power Windows; Backup Camera,"2015 Toyota Corolla XLI (foreign used), a premium sedan well suited to daily commuting and city driving — a good fit for urban professionals. Comes with ABS.",
Corolla GLI,Toyota,2009,101000,250000,Gasoline,Manual,Sedan,foreign_used,5,Black,ABS; Air Bags; Premium Audio; Heated Seats; Backup Camera; Immobilizer Key; Navigation; Power Locks; Power Mirrors; Power Steering; Power Windows,"2009 Toyota Corolla GLI (foreign used), a budget-friendly sedan well suited to daily commuting and city driving — a good fit for urban professionals. Comes with ABS.",
Every,Suzuki,2007,259000,5000,Gasoline,Automatic,Wagon,local_used,5,Silver,ABS; Air Bags; Premium Audio; Heated Seats; Backup Camera; Immobilizer Key; Keyless Entry; Navigation; Power Locks; Power Mirrors; Power Windows,"2007 Suzuki Every (locally used), a well-priced wagon well suited to family trips with plenty of cargo room — a good fit for family-oriented drivers. Comes with ABS.",
Sportage,KIA,2006,233500,150000,Gasoline,Automatic,SUV,foreign_used,7,Silver,ABS; Air Bags; Premium Audio; Backup Camera; Immobilizer Key; Keyless Entry; Navigation; Power Locks; Power Mirrors; Power Steering; Power Windows,"2006 KIA Sportage (foreign used), a well-priced suv well suited to family trips and weekend getaways — a good fit for family-oriented drivers. Comes with ABS.",
Corolla XLI,Toyota,2011,158500,12345,Gasoline,Manual,Sedan,foreign_used,5,White,ABS; Air Bags; Premium Audio; Heated Seats; Backup Camera; Immobilizer Key; Keyless Entry; Navigation; Power Locks; Power Mirrors; Power Steering; Power Windows,"2011 Toyota Corolla XLI (foreign used), a well-priced sedan well suited to daily commuting and city driving — a good fit for urban professionals. Comes with ABS.",
E Class,Mercedes,2005,195500,128000,Gasoline,Automatic,Sedan,foreign_used,5,Yellow,ABS; Air Bags; Premium Audio; Heated Seats; Backup Camera; Immobilizer Key; Keyless Entry; Navigation; Power Locks; Power Mirrors; Power Steering; Power Windows,"2005 Mercedes E Class (foreign used), a premium sedan well suited to daily commuting and city driving — a good fit for urban professionals. Comes with ABS. A solid pick for luxury lovers who want a standout badge.",
Passo,Toyota,2009,76500,100000,Gasoline,Automatic,Hatchback,local_used,5,Gray,ABS; Air Bags; Premium Audio; Heated Seats; Backup Camera; Immobilizer Key; Keyless Entry; Navigation; Power Locks; Power Mirrors; Power Steering; Power Windows,"2009 Toyota Passo (locally used), a well-priced hatchback well suited to quick city runs and easy parking — a good fit for budget-conscious buyers. Comes with ABS.",
City Vario,Honda,2021,178500,30000,Gasoline,Automatic,Sedan,foreign_used,5,Red,ABS; Air Bags; Premium Audio; Heated Seats; Backup Camera; Immobilizer Key; Keyless Entry; Navigation; Power Locks; Power Mirrors; Power Steering; Power Windows,"2021 Honda City Vario (foreign used), a well-priced sedan well suited to daily commuting and city driving — a good fit for urban professionals. Comes with ABS.",
Corrolla Altis,Toyota,2019,191500,98000,Gasoline,Automatic,Sedan,foreign_used,5,Red,ABS; Air Bags; Premium Audio; Heated Seats; Backup Camera; Immobilizer Key; Keyless Entry; Navigation; Power Locks; Power Mirrors; Power Steering,"2019 Toyota Corrolla Altis (foreign used), a well-priced sedan well suited to daily commuting and city driving — a good fit for urban professionals. Comes with ABS.",
E Class,Mercedes,2004,148500,150000,Gasoline,Automatic,Sedan,local_used,5,Silver,ABS; Air Bags; Premium Audio; Heated Seats; Backup Camera; Immobilizer Key; Keyless Entry; Navigation; Power Locks; Power Mirrors; Power Steering; Power Windows,"2004 Mercedes E Class (locally used), a well-priced sedan well suited to daily commuting and city driving — a good fit for urban professionals. Comes with ABS.",
City Aspire,Honda,2021,201000,49000,Gasoline,Manual,Sedan,local_used,5,Red,ABS; Air Bags; Premium Audio; Heated Seats; Immobilizer Key; Keyless Entry; Navigation; Power Locks; Power Mirrors; Power Steering; Power Windows; Backup Camera,"2021 Honda City Aspire (locally used), a premium sedan well suited to daily commuting and city driving — a good fit for urban professionals. Comes with ABS.",
Move,Daihatsu,2016,89000,95000,Gasoline,Automatic,Hatchback,local_used,5,White,ABS; Air Bags; Premium Audio; Heated Seats; Backup Camera; Immobilizer Key; Keyless Entry; Navigation; Power Locks; Power Mirrors; Power Steering; Power Windows,"2016 Daihatsu Move (locally used), a well-priced hatchback well suited to quick city runs and easy parking — a good fit for budget-conscious buyers. Comes with ABS.",
Civic Oriel,Honda,2014,163500,115000,Gasoline,Automatic,Sedan,foreign_used,5,White,ABS; Air Bags; Premium Audio; Heated Seats; Backup Camera; Immobilizer Key; Keyless Entry; Navigation; Power Locks; Power Mirrors; Power Steering; Power Windows,"2014 Honda Civic Oriel (foreign used), a well-priced sedan well suited to daily commuting and city driving — a good fit for urban professionals. Comes with ABS.",
Picanto,KIA,2022,183000,37000,Gasoline,Automatic,Hatchback,foreign_used,5,White,ABS; Air Bags; Premium Audio; Heated Seats; Backup Camera; Immobilizer Key; Keyless Entry; Navigation; Power Locks; Power Mirrors; Power Steering; Power Windows,"2022 KIA Picanto (foreign used), a premium hatchback well suited to quick city runs and easy parking — a good fit for budget-conscious buyers. Comes with ABS. A solid pick for luxury lovers who want a standout badge.",
City IVTEC,Honda,2018,167500,125000,Gasoline,Automatic,Sedan,foreign_used,5,Black,ABS; Air Bags; Premium Audio; Heated Seats; Backup Camera; Immobilizer Key; Keyless Entry; Power Locks; Power Mirrors; Power Steering; Power Windows,"2018 Honda City IVTEC (foreign used), a well-priced sedan well suited to daily commuting and city driving — a good fit for urban professionals. Comes with ABS.",
Altis Grande,Toyota,2018,157500,99999,Gasoline,Automatic,Sedan,local_used,5,Black,ABS; Air Bags; Premium Audio; Heated Seats; Backup Camera; Immobilizer Key; Keyless Entry; Navigation; Power Locks; Power Mirrors; Power Steering; Power Windows,"2018 Toyota Altis Grande (locally used), a well-priced sedan well suited to daily commuting and city driving — a good fit for urban professionals. Comes with ABS.",
Civic Oriel,Honda,2015,176500,89000,Gasoline,Automatic,Sedan,foreign_used,5,Black,ABS; Air Bags; Premium Audio; Heated Seats; Backup Camera; Immobilizer Key; Keyless Entry; Power Locks; Power Mirrors; Power Steering; Power Windows,"2015 Honda Civic Oriel (foreign used), a well-priced sedan well suited to daily commuting and city driving — a good fit for urban professionals. Comes with ABS.",
Wagon R,Suzuki,2012,63000,120000,Gasoline,Automatic,Hatchback,foreign_used,5,Blue,ABS; Air Bags; Premium Audio; Heated Seats; Backup Camera; Immobilizer Key; Keyless Entry; Navigation; Power Locks; Power Mirrors; Power Steering; Power Windows,"2012 Suzuki Wagon R (foreign used), a well-priced hatchback well suited to quick city runs and easy parking — a good fit for budget-conscious buyers. Comes with ABS.",
Karvaan,Changan,2020,379000,39000,Gasoline,Manual,Wagon,foreign_used,5,Black,ABS; Air Bags; Premium Audio; Heated Seats; Immobilizer Key; Keyless Entry; Navigation; Power Locks; Power Mirrors; Power Steering; Power Windows; Backup Camera,"2020 Changan Karvaan (foreign used), a well-priced wagon well suited to family trips with plenty of cargo room — a good fit for family-oriented drivers. Comes with ABS.",
Civic Prosmetic,Honda,2008,122500,140000,Gasoline,Automatic,Sedan,local_used,5,Black,ABS; Air Bags; Premium Audio; Heated Seats; Backup Camera; Immobilizer Key; Keyless Entry; Navigation; Power Locks; Power Mirrors; Power Steering; Power Windows,"2008 Honda Civic Prosmetic (locally used), a well-priced sedan well suited to daily commuting and city driving — a good fit for urban professionals. Comes with ABS.",
C Class,Mercedes,2009,216500,140000,Gasoline,Automatic,Sedan,foreign_used,5,Silver,ABS; Air Bags; Premium Audio; Heated Seats; Immobilizer Key; Keyless Entry; Navigation; Power Locks; Power Mirrors; Power Steering; Power Windows; Backup Camera,"2009 Mercedes C Class (foreign used), a premium sedan well suited to daily commuting and city driving — a good fit for urban professionals. Comes with ABS. A solid pick for luxury lovers who want a standout badge.",
Wagon R,Suzuki,2023,115000,9000,Gasoline,Manual,Hatchback,foreign_used,5,White,Air Bags; Premium Audio; Heated Seats; Immobilizer Key; Keyless Entry; Power Locks; Power Mirrors; Power Steering; Power Windows; Backup Camera,"2023 Suzuki Wagon R (foreign used), a premium hatchback well suited to quick city runs and easy parking — a good fit for budget-conscious buyers. Comes with air bags.",
Mira,Daihatsu,2013,86500,77000,Gasoline,Automatic,Hatchback,foreign_used,5,Blue,ABS; Air Bags; Premium Audio; Heated Seats; Immobilizer Key; Keyless Entry; Navigation; Power Locks; Power Mirrors; Power Steering; Power Windows; Backup Camera,"2013 Daihatsu Mira (foreign used), a well-priced hatchback well suited to quick city runs and easy parking — a good fit for budget-conscious buyers. Comes with ABS.",
Every,Suzuki,2009,213500,136000,Gasoline,Automatic,Wagon,foreign_used,5,White,ABS; Premium Audio; Heated Seats; Backup Camera; Immobilizer Key; Keyless Entry; Navigation; Power Locks; Power Mirrors; Power Steering; Power Windows,"2009 Suzuki Every (foreign used), a well-priced wagon well suited to family trips with plenty of cargo room — a good fit for family-oriented drivers. Comes with ABS.",
Terios Kid,Daihatsu,2009,250000,41000,Gasoline,Automatic,SUV,foreign_used,7,Orange,ABS; Air Bags; Premium Audio; Heated Seats; Backup Camera; Immobilizer Key; Navigation; Power Locks; Power Mirrors; Power Steering; Power Windows,"2009 Daihatsu Terios Kid (foreign used), a well-priced suv well suited to family trips and weekend getaways — a good fit for family-oriented drivers. Comes with ABS.",
Yaris,Toyota,2022,183500,33000,Gasoline,Automatic,Sedan,foreign_used,5,Gray,ABS; Air Bags; Premium Audio; Heated Seats; Backup Camera; Immobilizer Key; Keyless Entry; Navigation; Power Locks; Power Mirrors; Power Steering; Power Windows,"2022 Toyota Yaris (foreign used), a well-priced sedan well suited to daily commuting and city driving — a good fit for urban professionals. Comes with ABS.",
Move,Daihatsu,2015,77500,63900,Gasoline,Automatic,Hatchback,foreign_used,5,White,ABS; Air Bags; Premium Audio; Heated Seats; Backup Camera; Immobilizer Key; Keyless Entry; Navigation; Power Locks; Power Mirrors; Power Steering; Power Windows,"2015 Daihatsu Move (foreign used), a well-priced hatchback well suited to quick city runs and easy parking — a good fit for budget-conscious buyers. Comes with ABS.",
City Aspire,Honda,2013,133000,116000,Gasoline,Manual,Sedan,foreign_used,5,White,ABS; Air Bags; Premium Audio; Heated Seats; Backup Camera; Immobilizer Key; Keyless Entry; Navigation; Power Locks; Power Mirrors; Power Steering; Power Windows,"2013 Honda City Aspire (foreign used), a well-priced sedan well suited to daily commuting and city driving — a good fit for urban professionals. Comes with ABS.",
Civic Prosmetic,Honda,2010,118000,127000,Gasoline,Automatic,Sedan,foreign_used,5,Blue,ABS; Air Bags; Premium Audio; Heated Seats; Immobilizer Key; Keyless Entry; Navigation; Power Locks; Power Mirrors; Power Steering; Power Windows; Backup Camera,"2010 Honda Civic Prosmetic (foreign used), a well-priced sedan well suited to daily commuting and city driving — a good fit for urban professionals. Comes with ABS.",
Civic Oriel,Honda,2010,153500,110000,Gasoline,Automatic,Sedan,foreign_used,5,Gray,ABS; Air Bags; Premium Audio; Heated Seats; Backup Camera; Immobilizer Key; Keyless Entry; Navigation; Power Locks; Power Mirrors; Power Steering; Power Windows,"2010 Honda Civic Oriel (foreign used), a well-priced sedan well suited to daily commuting and city driving — a good fit for urban professionals. Comes with ABS.",
City Aspire,Honda,2017,164500,62000,Gasoline,Manual,Sedan,foreign_used,5,Gray,ABS; Premium Audio; Immobilizer Key; Keyless Entry; Navigation; Power Locks; Power Mirrors; Power Steering; Power Windows; Backup Camera,"2017 Honda City Aspire (foreign used), a well-priced sedan well suited to daily commuting and city driving — a good fit for urban professionals. Comes with ABS.",
City IVTEC,Honda,2009,165500,85000,Gasoline,Manual,Sedan,foreign_used,5,Gray,ABS; Air Bags; Premium Audio; Heated Seats; Backup Camera; Immobilizer Key; Keyless Entry; Navigation; Power Locks; Power Steering; Power Windows,"2009 Honda City IVTEC (foreign used), a well-priced sedan well suited to daily commuting and city driving — a good fit for urban professionals. Comes with ABS.",
Mira,Daihatsu,2022,109000,8000,Gasoline,Automatic,Hatchback,foreign_used,5,White,ABS; Air Bags; Premium Audio; Heated Seats; Immobilizer Key; Navigation; Power Locks; Power Steering; Power Windows; Backup Camera,"2022 Daihatsu Mira (foreign used), a well-priced hatchback well suited to quick city runs and easy parking — a good fit for budget-conscious buyers. Comes with ABS.",
Civic Oriel,Honda,2013,145000,77000,Gasoline,Automatic,Sedan,foreign_used,5,Black,ABS; Air Bags; Premium Audio; Heated Seats; Backup Camera; Immobilizer Key; Keyless Entry; Navigation; Power Locks; Power Mirrors; Power Steering; Power Windows,"2013 Honda Civic Oriel (foreign used), a well-priced sedan well suited to daily commuting and city driving — a good fit for urban professionals. Comes with ABS.",
Sportage,KIA,2002,370500,12345,Gasoline,Manual,SUV,foreign_used,7,White,Premium Audio; Heated Seats; Backup Camera; Immobilizer Key; Navigation; Power Locks; Power Mirrors; Power Steering; Power Windows,"2002 KIA Sportage (foreign used), a premium suv well suited to family trips and weekend getaways — a good fit for family-oriented drivers. Comes with premium audio. A solid pick for luxury lovers who want a standout badge.",
Corrolla Altis,Toyota,2014,147500,130000,Gasoline,Automatic,Sedan,foreign_used,5,Blue,ABS; Air Bags; Premium Audio; Backup Camera; Immobilizer Key; Keyless Entry; Navigation; Power Locks; Power Mirrors; Power Steering; Power Windows,"2014 Toyota Corrolla Altis (foreign used), a well-priced sedan well suited to daily commuting and city driving — a good fit for urban professionals. Comes with ABS.",
Civic Prosmetic,Honda,2000,137500,20000,Gasoline,Manual,Sedan,local_used,5,Silver,ABS; Air Bags; Premium Audio; Immobilizer Key; Navigation; Power Locks; Power Mirrors; Power Steering; Power Windows; Backup Camera,"2000 Honda Civic Prosmetic (locally used), a well-priced sedan well suited to daily commuting and city driving — a good fit for urban professionals. Comes with ABS.",
Every,Suzuki,2015,197500,196000,Gasoline,Manual,Wagon,foreign_used,5,Black,ABS; Air Bags; Premium Audio; Heated Seats; Backup Camera; Immobilizer Key; Keyless Entry; Navigation; Power Locks; Power Mirrors; Power Steering; Power Windows,"2015 Suzuki Every (foreign used), a budget-friendly wagon well suited to family trips with plenty of cargo room — a good fit for family-oriented drivers. Comes with ABS.",
Corolla GLI,Toyota,2018,137000,180000,Gasoline,Automatic,Sedan,local_used,5,White,ABS; Air Bags; Premium Audio; Heated Seats; Backup Camera; Immobilizer Key; Keyless Entry; Navigation; Power Locks; Power Mirrors; Power Steering; Power Windows,"2018 Toyota Corolla GLI (locally used), a well-priced sedan well suited to daily commuting and city driving — a good fit for urban professionals. Comes with ABS.",
Civic Prosmetic,Honda,2017,126500,155000,Gasoline,Automatic,Sedan,foreign_used,5,Black,ABS; Air Bags; Premium Audio; Heated Seats; Backup Camera; Immobilizer Key; Keyless Entry; Navigation; Power Locks; Power Mirrors; Power Steering; Power Windows,"2017 Honda Civic Prosmetic (foreign used), a well-priced sedan well suited to daily commuting and city driving — a good fit for urban professionals. Comes with ABS.",
City IVTEC,Honda,2012,169500,100000,Gasoline,Automatic,Sedan,foreign_used,5,Black,ABS; Premium Audio; Backup Camera; Immobilizer Key; Keyless Entry; Navigation; Power Mirrors; Power Steering; Power Windows,"2012 Honda City IVTEC (foreign used), a well-priced sedan well suited to daily commuting and city driving — a good fit for urban professionals. Comes with ABS.",
Yaris,Toyota,2020,233000,31000,Gasoline,Automatic,Sedan,local_used,5,Gray,ABS; Air Bags; Premium Audio; Heated Seats; Backup Camera; Immobilizer Key; Keyless Entry; Navigation; Power Locks; Power Mirrors; Power Steering; Power Windows,"2020 Toyota Yaris (locally used), a premium sedan well suited to daily commuting and city driving — a good fit for urban professionals. Comes with ABS.",
Move,Daihatsu,2020,112500,21995,Gasoline,Automatic,Hatchback,foreign_used,5,Silver,ABS; Air Bags; Premium Audio; Heated Seats; Backup Camera; Immobilizer Key; Keyless Entry; Navigation; Power Locks; Power Mirrors; Power Steering,"2020 Daihatsu Move (foreign used), a premium hatchback well suited to quick city runs and easy parking — a good fit for budget-conscious buyers. Comes with ABS.",
City IVTEC,Honda,2019,172000,55000,Gasoline,Manual,Sedan,foreign_used,5,Red,ABS; Air Bags; Premium Audio; Heated Seats; Backup Camera; Immobilizer Key; Navigation; Power Locks; Power Mirrors; Power Steering; Power Windows,"2019 Honda City IVTEC (foreign used), a well-priced sedan well suited to daily commuting and city driving — a good fit for urban professionals. Comes with ABS.",
Corrolla Altis,Toyota,2002,83000,315000,Gasoline,Automatic,Sedan,foreign_used,5,Silver,ABS; Air Bags; Premium Audio; Backup Camera; Immobilizer Key; Keyless Entry; Power Locks; Power Mirrors; Power Steering; Power Windows,"2002 Toyota Corrolla Altis (foreign used), a budget-friendly sedan well suited to daily commuting and city driving — a good fit for urban professionals. Comes with ABS.",
Altis Grande,Toyota,2019,168000,47000,Gasoline,Automatic,Sedan,foreign_used,5,White,ABS; Air Bags; Premium Audio; Immobilizer Key; Keyless Entry; Power Locks; Power Mirrors; Power Steering; Power Windows; Backup Camera,"2019 Toyota Altis Grande (foreign used), a well-priced sedan well suited to daily commuting and city driving — a good fit for urban professionals. Comes with ABS.",
Corolla GLI,Toyota,2015,142000,80000,Gasoline,Manual,Sedan,local_used,5,Gray,ABS; Air Bags; Premium Audio; Heated Seats; Backup Camera; Immobilizer Key; Keyless Entry; Navigation; Power Locks; Power Mirrors; Power Steering; Power Windows,"2015 Toyota Corolla GLI (locally used), a well-priced sedan well suited to daily commuting and city driving — a good fit for urban professionals. Comes with ABS.",
Passo,Toyota,2008,65500,98000,Gasoline,Automatic,Hatchback,local_used,5,Gray,Air Bags; Premium Audio; Heated Seats; Backup Camera; Keyless Entry; Navigation; Power Locks; Power Mirrors; Power Steering; Power Windows,"2008 Toyota Passo (locally used), a well-priced hatchback well suited to quick city runs and easy parking — a good fit for budget-conscious buyers. Comes with air bags.",
Swift,Suzuki,2016,91500,55000,Gasoline,Automatic,Hatchback,local_used,5,Silver,ABS; Air Bags; Premium Audio; Heated Seats; Backup Camera; Immobilizer Key; Keyless Entry; Navigation; Power Locks; Power Mirrors; Power Steering; Power Windows,"2016 Suzuki Swift (locally used), a well-priced hatchback well suited to quick city runs and easy parking — a good fit for budget-conscious buyers. Comes with ABS.",
Civic Oriel,Honda,2007,134000,133980,Gasoline,Manual,Sedan,foreign_used,5,Gray,ABS; Premium Audio; Heated Seats; Immobilizer Key; Keyless Entry; Navigation; Power Locks; Power Mirrors; Power Steering; Power Windows; Backup Camera,"2007 Honda Civic Oriel (foreign used), a well-priced sedan well suited to daily commuting and city driving — a good fit for urban professionals. Comes with ABS.",
Corolla Axio,Toyota,2016,176500,86500,Hybrid,Automatic,Sedan,local_used,5,Silver,ABS; Air Bags; Premium Audio; Heated Seats; Keyless Entry; Navigation; Power Locks; Power Mirrors; Power Steering; Power Windows; Backup Camera,"2016 Toyota Corolla Axio (locally used), a well-priced sedan well suited to daily commuting and city driving — a good fit for urban professionals. Comes with ABS. A hybrid powertrain keeps running costs low for eco-conscious drivers.",
Mira,Daihatsu,2019,110000,35000,Gasoline,Automatic,Hatchback,local_used,5,Silver,ABS; Air Bags; Premium Audio; Backup Camera; Keyless Entry; Navigation; Power Locks; Power Mirrors; Power Steering; Power Windows,"2019 Daihatsu Mira (locally used), a premium hatchback well suited to quick city runs and easy parking — a good fit for budget-conscious buyers. Comes with ABS.",
C Class,Mercedes,2007,139000,275000,Gasoline,Automatic,Sedan,foreign_used,5,Black,ABS; Air Bags; Premium Audio; Heated Seats; Immobilizer Key; Keyless Entry; Navigation; Power Locks; Power Mirrors; Power Steering; Power Windows; Backup Camera,"2007 Mercedes C Class (foreign used), a well-priced sedan well suited to daily commuting and city driving — a good fit for urban professionals. Comes with ABS.",
Cultus VXR,Suzuki,2017,92000,45160,Gasoline,Manual,Hatchback,foreign_used,5,White,Premium Audio; Heated Seats; Backup Camera; Immobilizer Key; Keyless Entry; Navigation; Power Locks; Power Mirrors; Power Steering; Power Windows,"2017 Suzuki Cultus VXR (foreign used), a well-priced hatchback well suited to quick city runs and easy parking — a good fit for budget-conscious buyers. Comes with premium audio.",
Swift,Suzuki,2011,70000,110000,Gasoline,Manual,Hatchback,local_used,5,White,ABS; Premium Audio; Heated Seats; Backup Camera; Immobilizer Key; Keyless Entry; Navigation; Power Locks; Power Mirrors; Power Steering; Power Windows,"2011 Suzuki Swift (locally used), a well-priced hatchback well suited to quick city runs and easy parking — a good fit for budget-conscious buyers. Comes with ABS.",
Civic Prosmetic,Honda,2015,189500,80000,Gasoline,Automatic,Sedan,foreign_used,5,White,ABS; Air Bags; Premium Audio; Heated Seats; Backup Camera; Keyless Entry; Power Locks; Power Mirrors; Power Steering; Power Windows,"2015 Honda Civic Prosmetic (foreign used), a well-priced sedan well suited to daily commuting and city driving — a good fit for urban professionals. Comes with ABS.",
Civic Prosmetic,Honda,2006,90500,170000,Gasoline,Automatic,Sedan,local_used,5,Silver,ABS; Air Bags; Premium Audio; Heated Seats; Immobilizer Key; Keyless Entry; Navigation; Power Locks; Power Mirrors; Power Steering; Power Windows; Backup Camera,"2006 Honda Civic Prosmetic (locally used), a budget-friendly sedan well suited to daily commuting and city driving — a good fit for urban professionals. Comes with ABS.",
C Class,Mercedes,2004,221000,100000,Gasoline,Automatic,Sedan,foreign_used,5,Black,ABS; Air Bags; Premium Audio; Heated Seats; Backup Camera; Immobilizer Key; Keyless Entry; Power Locks; Power Mirrors; Power Steering; Power Windows,"2004 Mercedes C Class (foreign used), a premium sedan well suited to daily commuting and city driving — a good fit for urban professionals. Comes with ABS. A solid pick for luxury lovers who want a standout badge.",
Corolla GLI,Toyota,2017,161500,110000,Gasoline,Manual,Sedan,local_used,5,Silver,ABS; Premium Audio; Immobilizer Key; Keyless Entry; Navigation; Power Locks; Power Mirrors; Power Steering; Power Windows; Backup Camera,"2017 Toyota Corolla GLI (locally used), a well-priced sedan well suited to daily commuting and city driving — a good fit for urban professionals. Comes with ABS.",
Mira,Daihatsu,2007,67500,100000,Gasoline,Automatic,Hatchback,foreign_used,5,Red,ABS; Air Bags; Premium Audio; Backup Camera; Immobilizer Key; Keyless Entry; Navigation; Power Locks; Power Mirrors; Power Steering; Power Windows,"2007 Daihatsu Mira (foreign used), a well-priced hatchback well suited to quick city runs and easy parking — a good fit for budget-conscious buyers. Comes with ABS.",
City IVTEC,Honda,2016,194000,50000,Gasoline,Automatic,Sedan,foreign_used,5,Black,ABS; Air Bags; Premium Audio; Heated Seats; Backup Camera; Keyless Entry; Power Locks; Power Mirrors; Power Steering; Power Windows,"2016 Honda City IVTEC (foreign used), a premium sedan well suited to daily commuting and city driving — a good fit for urban professionals. Comes with ABS.",
Corrolla Altis,Toyota,2017,174500,72000,Gasoline,Automatic,Sedan,foreign_used,5,Black,ABS; Air Bags; Premium Audio; Heated Seats; Backup Camera; Immobilizer Key; Navigation; Power Locks; Power Mirrors; Power Steering; Power Windows,"2017 Toyota Corrolla Altis (foreign used), a well-priced sedan well suited to daily commuting and city driving — a good fit for urban professionals. Comes with ABS.",
City IVTEC,Honda,2010,169000,74500,Gasoline,Manual,Sedan,local_used,5,Gray,ABS; Premium Audio; Immobilizer Key; Keyless Entry; Navigation; Power Locks; Power Mirrors; Power Steering; Power Windows; Backup Camera,"2010 Honda City IVTEC (locally used), a well-priced sedan well suited to daily commuting and city driving — a good fit for urban professionals. Comes with ABS.",
Civic Oriel,Honda,2005,142500,100000,Gasoline,Manual,Sedan,foreign_used,5,White,ABS; Air Bags; Premium Audio; Heated Seats; Keyless Entry; Navigation; Power Locks; Power Mirrors; Power Steering; Power Windows,"2005 Honda Civic Oriel (foreign used), a well-priced sedan well suited to daily commuting and city driving — a good fit for urban professionals. Comes with ABS.",
Civic Prosmetic,Honda,2009,173000,1500,Gasoline,Automatic,Sedan,foreign_used,5,White,Air Bags; Premium Audio; Immobilizer Key; Navigation; Power Locks; Power Mirrors; Power Steering; Power Windows; Backup Camera,"2009 Honda Civic Prosmetic (foreign used), a well-priced sedan well suited to daily commuting and city driving — a good fit for urban professionals. Comes with air bags.",
City IVTEC,Honda,2013,141500,98000,Gasoline,Automatic,Sedan,foreign_used,5,Black,ABS; Air Bags; Premium Audio; Heated Seats; Backup Camera; Immobilizer Key; Keyless Entry; Navigation; Power Locks; Power Mirrors; Power Steering; Power Windows,"2013 Honda City IVTEC (foreign used), a well-priced sedan well suited to daily commuting and city driving — a good fit for urban professionals. Comes with ABS.",
Ek Wagon,Mitsubishi,2020,357000,28000,Gasoline,Automatic,Wagon,local_used,5,White,ABS; Air Bags; Premium Audio; Heated Seats; Backup Camera; Navigation; Power Locks; Power Mirrors; Power Steering; Power Windows,"2020 Mitsubishi Ek Wagon (locally used), a well-priced wagon well suited to family trips with plenty of cargo room — a good fit for family-oriented drivers. Comes with ABS.",
Wagon R,Suzuki,2017,97000,90000,Gasoline,Automatic,Hatchback,foreign_used,5,Red,ABS; Air Bags; Premium Audio; Heated Seats; Backup Camera; Immobilizer Key; Keyless Entry; Navigation; Power Locks; Power Mirrors; Power Steering; Power Windows,"2017 Suzuki Wagon R (foreign used), a well-priced hatchback well suited to quick city runs and easy parking — a good fit for budget-conscious buyers. Comes with ABS.",
Move,Daihatsu,2014,90000,12345,Gasoline,Automatic,Hatchback,local_used,5,Blue,ABS; Air Bags; Premium Audio; Immobilizer Key; Keyless Entry; Navigation; Power Locks; Power Mirrors; Power Steering; Power Windows; Backup Camera,"2014 Daihatsu Move (locally used), a well-priced hatchback well suited to quick city runs and easy parking — a good fit for budget-conscious buyers. Comes with ABS.",
Cultus VXR,Suzuki,2008,81500,57000,Gasoline,Manual,Hatchback,foreign_used,5,Silver,Premium Audio; Heated Seats; Immobilizer Key; Keyless Entry; Navigation; Power Locks; Power Mirrors; Power Steering,"2008 Suzuki Cultus VXR (foreign used), a well-priced hatchback well suited to quick city runs and easy parking — a good fit for budget-conscious buyers. Comes with premium audio.",
City Vario,Honda,2004,121000,123456,Gasoline,Automatic,Sedan,foreign_used,5,Blue,ABS; Air Bags; Premium Audio; Backup Camera; Navigation; Power Locks; Power Mirrors; Power Steering; Power Windows,"2004 Honda City Vario (foreign used), a well-priced sedan well suited to daily commuting and city driving — a good fit for urban professionals. Comes with ABS.",
Civic Oriel,Honda,2009,148500,100000,Gasoline,Automatic,Sedan,foreign_used,5,Blue,ABS; Air Bags; Premium Audio; Heated Seats; Backup Camera; Immobilizer Key; Keyless Entry; Navigation; Power Locks; Power Mirrors; Power Steering; Power Windows,"2009 Honda Civic Oriel (foreign used), a well-priced sedan well suited to daily commuting and city driving — a good fit for urban professionals. Comes with ABS.",
Mira,Daihatsu,2021,87500,67000,Gasoline,Automatic,Hatchback,foreign_used,5,White,ABS; Air Bags; Premium Audio; Heated Seats; Immobilizer Key; Keyless Entry; Navigation; Power Locks; Power Mirrors; Power Steering; Power Windows,"2021 Daihatsu Mira (foreign used), a well-priced hatchback well suited to quick city runs and easy parking — a good fit for budget-conscious buyers. Comes with ABS.",
Passo,Toyota,2016,95000,70000,Gasoline,Automatic,Hatchback,local_used,5,Red,ABS; Air Bags; Premium Audio; Backup Camera; Keyless Entry; Navigation; Power Locks; Power Mirrors; Power Steering; Power Windows,"2016 Toyota Passo (locally used), a well-priced hatchback well suited to quick city runs and easy parking — a good fit for budget-conscious buyers. Comes with ABS.",
Civic Prosmetic,Honda,2003,91000,225000,Gasoline,Automatic,Sedan,foreign_used,5,Silver,Air Bags; Premium Audio; Heated Seats; Backup Camera; Navigation; Power Locks; Power Mirrors; Power Steering; Power Windows,"2003 Honda Civic Prosmetic (foreign used), a budget-friendly sedan well suited to daily commuting and city driving — a good fit for urban professionals. Comes with air bags.",
City IVTEC,Honda,2006,91500,180000,Gasoline,Manual,Sedan,foreign_used,5,Blue,Premium Audio; Backup Camera; Immobilizer Key; Keyless Entry; Navigation; Power Locks; Power Steering; Power Windows,"2006 Honda City IVTEC (foreign used), a budget-friendly sedan well suited to daily commuting and city driving — a good fit for urban professionals. Comes with premium audio.",
City Aspire,Honda,2019,179500,43000,Gasoline,Automatic,Sedan,local_used,5,Red,Heated Seats; Premium Audio; Backup Camera; Immobilizer Key; Keyless Entry; Navigation; Power Locks; Power Mirrors; Power Steering; Power Windows,"2019 Honda City Aspire (locally used), a well-priced sedan well suited to daily commuting and city driving — a good fit for urban professionals. Comes with heated seats.",
Corrolla Altis,Toyota,2016,199500,65500,Gasoline,Automatic,Sedan,foreign_used,5,Black,ABS; Air Bags; Premium Audio; Backup Camera; Immobilizer Key; Keyless Entry; Navigation; Power Locks; Power Mirrors; Power Steering; Power Windows,"2016 Toyota Corrolla Altis (foreign used), a premium sedan well suited to daily commuting and city driving — a good fit for urban professionals. Comes with ABS.",
E Class,Mercedes,2000,136000,159000,Gasoline,Automatic,Sedan,foreign_used,5,White,ABS; Air Bags; Premium Audio; Heated Seats; Immobilizer Key; Keyless Entry; Navigation; Power Locks; Power Mirrors; Power Steering; Power Windows,"2000 Mercedes E Class (foreign used), a well-priced sedan well suited to daily commuting and city driving — a good fit for urban professionals. Comes with ABS.",
Ek Wagon,Mitsubishi,2016,318000,76400,Gasoline,Automatic,Wagon,local_used,5,White,ABS; Air Bags; Premium Audio; Heated Seats; Backup Camera; Immobilizer Key; Keyless Entry; Navigation; Power Locks; Power Mirrors; Power Steering; Power Windows,"2016 Mitsubishi Ek Wagon (locally used), a well-priced wagon well suited to family trips with plenty of cargo room — a good fit for family-oriented drivers. Comes with ABS.",
Cuore,Daihatsu,2009,82500,45690,Gasoline,Manual,Hatchback,foreign_used,5,Black,ABS; Air Bags; Premium Audio; Heated Seats; Backup Camera; Immobilizer Key; Keyless Entry; Navigation; Power Locks; Power Mirrors; Power Steering; Power Windows,"2009 Daihatsu Cuore (foreign used), a well-priced hatchback well suited to quick city runs and easy parking — a good fit for budget-conscious buyers. Comes with ABS.",
Passo,Toyota,2006,60000,112000,Gasoline,Automatic,Hatchback,foreign_used,5,Blue,ABS; Air Bags; Premium Audio; Heated Seats; Immobilizer Key; Navigation; Power Locks; Power Mirrors; Power Steering; Power Windows; Backup Camera,"2006 Toyota Passo (foreign used), a well-priced hatchback well suited to quick city runs and easy parking — a good fit for budget-conscious buyers. Comes with ABS.",
Move,Daihatsu,2018,112000,35300,Gasoline,Automatic,Hatchback,local_used,5,Blue,ABS; Air Bags; Premium Audio; Heated Seats; Backup Camera; Navigation; Power Locks; Power Mirrors; Power Steering; Power Windows,"2018 Daihatsu Move (locally used), a premium hatchback well suited to quick city runs and easy parking — a good fit for budget-conscious buyers. Comes with ABS.",
E Class,Mercedes,2003,172500,135000,Gasoline,Automatic,Sedan,foreign_used,5,White,ABS; Air Bags; Premium Audio; Heated Seats; Immobilizer Key; Keyless Entry; Power Locks; Power Mirrors; Power Steering; Power Windows; Backup Camera,"2003 Mercedes E Class (foreign used), a well-priced sedan well suited to daily commuting and city driving — a good fit for urban professionals. Comes with ABS.",
Ek Wagon,Mitsubishi,2007,210500,125000,Gasoline,Automatic,Wagon,foreign_used,5,Silver,ABS; Air Bags; Premium Audio; Heated Seats; Backup Camera; Immobilizer Key; Keyless Entry; Navigation; Power Locks; Power Mirrors; Power Steering; Power Windows,"2007 Mitsubishi Ek Wagon (foreign used), a well-priced wagon well suited to family trips with plenty of cargo room — a good fit for family-oriented drivers. Comes with ABS.",
City Aspire,Honda,2016,175000,47000,Gasoline,Manual,Sedan,foreign_used,5,Black,ABS; Air Bags; Premium Audio; Backup Camera; Immobilizer Key; Navigation; Power Locks; Power Mirrors; Power Steering; Power Windows,"2016 Honda City Aspire (foreign used), a well-priced sedan well suited to daily commuting and city driving — a good fit for urban professionals. Comes with ABS.",
Ek Wagon,Mitsubishi,2015,306500,54800,Gasoline,Automatic,Wagon,local_used,5,White,ABS; Air Bags; Premium Audio; Heated Seats; Backup Camera; Immobilizer Key; Keyless Entry; Navigation; Power Locks; Power Mirrors; Power Steering; Power Windows,"2015 Mitsubishi Ek Wagon (locally used), a well-priced wagon well suited to family trips with plenty of cargo room — a good fit for family-oriented drivers. Comes with ABS.",
City IVTEC,Honda,2021,187000,30000,Gasoline,Manual,Sedan,foreign_used,5,White,ABS; Air Bags; Premium Audio; Backup Camera; Immobilizer Key; Navigation; Power Locks; Power Mirrors; Power Steering; Power Windows,"2021 Honda City IVTEC (foreign used), a well-priced sedan well suited to daily commuting and city driving — a good fit for urban professionals. Comes with ABS.",
Lancer,Mitsubishi,2005,106000,150000,Gasoline,Automatic,Sedan,foreign_used,5,Black,ABS; Air Bags; Premium Audio; Immobilizer Key; Keyless Entry; Navigation; Power Locks; Power Mirrors; Power Steering; Power Windows; Backup Camera,"2005 Mitsubishi Lancer (foreign used), a well-priced sedan well suited to daily commuting and city driving — a good fit for urban professionals. Comes with ABS.",
Mira,Daihatsu,2017,105000,65000,Gasoline,Automatic,Hatchback,local_used,5,Red,ABS; Air Bags; Premium Audio; Heated Seats; Backup Camera; Immobilizer Key; Keyless Entry; Navigation; Power Locks; Power Mirrors; Power Steering; Power Windows,"2017 Daihatsu Mira (locally used), a well-priced hatchback well suited to quick city runs and easy parking — a good fit for budget-conscious buyers. Comes with ABS.",
Swift,Suzuki,2017,73500,121000,Gasoline,Manual,Hatchback,local_used,5,Black,ABS; Premium Audio; Heated Seats; Immobilizer Key; Keyless Entry; Power Locks; Power Mirrors; Power Steering; Power Windows,"2017 Suzuki Swift (locally used), a well-priced hatchback well suited to quick city runs and easy parking — a good fit for budget-conscious buyers. Comes with ABS.",
Civic Prosmetic,Honda,2011,156500,88000,Gasoline,Automatic,Sedan,foreign_used,5,Silver,ABS; Air Bags; Premium Audio; Heated Seats; Backup Camera; Immobilizer Key; Power Locks; Power Mirrors; Power Steering; Power Windows,"2011 Honda Civic Prosmetic (foreign used), a well-priced sedan well suited to daily commuting and city driving — a good fit for urban professionals. Comes with ABS.",
Civic Prosmetic,Honda,2016,155500,89957,Gasoline,Automatic,Sedan,foreign_used,5,Gray,ABS; Air Bags; Premium Audio; Backup Camera; Immobilizer Key; Keyless Entry; Navigation; Power Locks; Power Mirrors; Power Steering; Power Windows,"2016 Honda Civic Prosmetic (foreign used), a well-priced sedan well suited to daily commuting and city driving — a good fit for urban professionals. Comes with ABS.",
C Class,Mercedes,2003,152000,200000,Gasoline,Automatic,Sedan,foreign_used,5,Black,ABS; Air Bags; Premium Audio; Heated Seats; Immobilizer Key; Keyless Entry; Navigation; Power Locks; Power Mirrors; Power Steering; Power Windows; Backup Camera,"2003 Mercedes C Class (foreign used), a well-priced sedan well suited to daily commuting and city driving — a good fit for urban professionals. Comes with ABS.",
Terios Kid,Daihatsu,2011,168500,134000,Gasoline,Manual,SUV,local_used,7,Yellow,Air Bags; Premium Audio; Backup Camera; Immobilizer Key; Keyless Entry; Navigation; Power Locks; Power Mirrors; Power Steering; Power Windows,"2011 Daihatsu Terios Kid (locally used), a well-priced suv well suited to family trips and weekend getaways — a good fit for family-oriented drivers. Comes with air bags.",
Civic Oriel,Honda,2003,138000,100800,Gasoline,Manual,Sedan,foreign_used,5,Yellow,ABS; Air Bags; Premium Audio; Backup Camera; Immobilizer Key; Keyless Entry; Navigation; Power Locks; Power Mirrors; Power Steering; Power Windows,"2003 Honda Civic Oriel (foreign used), a well-priced sedan well suited to daily commuting and city driving — a good fit for urban professionals. Comes with ABS.",
Hijet,Daihatsu,2011,208000,150000,Gasoline,Automatic,Truck,foreign_used,2,Black,ABS; Air Bags; Premium Audio; Heated Seats; Backup Camera; Immobilizer Key; Navigation; Power Locks; Power Mirrors; Power Steering; Power Windows,"2011 Daihatsu Hijet (foreign used), a well-priced truck well suited to hauling and rough roads — a good fit for adventure seekers. Comes with ABS.",
Passo,Toyota,2020,103500,2390,Gasoline,Automatic,Hatchback,local_used,5,Silver,ABS; Air Bags; Premium Audio; Heated Seats; Immobilizer Key; Keyless Entry; Navigation; Power Locks; Power Mirrors; Power Steering; Power Windows,"2020 Toyota Passo (locally used), a well-priced hatchback well suited to quick city runs and easy parking — a good fit for budget-conscious buyers. Comes with ABS.",
Mira,Daihatsu,2010,63000,105000,Gasoline,Automatic,Hatchback,local_used,5,Black,ABS; Air Bags; Heated Seats; Premium Audio; Backup Camera; Keyless Entry; Navigation; Power Locks; Power Steering; Power Windows,"2010 Daihatsu Mira (locally used), a well-priced hatchback well suited to quick city runs and easy parking — a good fit for budget-conscious buyers. Comes with ABS.",
Wagon R,Suzuki,2021,99000,21000,Gasoline,Manual,Hatchback,foreign_used,5,Black,ABS; Air Bags; Premium Audio; Heated Seats; Keyless Entry; Navigation; Power Locks; Power Mirrors; Power Steering; Power Windows; Backup Camera,"2021 Suzuki Wagon R (foreign used), a well-priced hatchback well suited to quick city runs and easy parking — a good fit for budget-conscious buyers. Comes with ABS.",
Exclusive,Chevrolet,2005,78500,32000,Gasoline,Manual,Hatchback,local_used,5,White,ABS; Air Bags; Premium Audio; Heated Seats; Immobilizer Key; Keyless Entry; Power Locks; Power Steering; Power Windows,"2005 Chevrolet Exclusive (locally used), a well-priced hatchback well suited to quick city runs and easy parking — a good fit for budget-conscious buyers. Comes with ABS.",
Passo,Toyota,2018,63000,180000,Gasoline,Automatic,Hatchback,foreign_used,5,Silver,ABS; Air Bags; Premium Audio; Heated Seats; Backup Camera; Immobilizer Key; Keyless Entry; Navigation; Power Locks; Power Mirrors; Power Steering; Power Windows,"2018 Toyota Passo (foreign used), a well-priced hatchback well suited to quick city runs and easy parking — a good fit for budget-conscious buyers. Comes with ABS.",
Mira,Daihatsu,2016,62500,211000,Gasoline,Automatic,Hatchback,local_used,5,Silver,ABS; Air Bags; Premium Audio; Heated Seats; Backup Camera; Immobilizer Key; Navigation; Power Locks; Power Mirrors; Power Steering; Power Windows,"2016 Daihatsu Mira (locally used), a well-priced hatchback well suited to quick city runs and easy parking — a good fit for budget-conscious buyers. Comes with ABS.",
City IVTEC,Honda,2022,207000,30000,Gasoline,Automatic,Sedan,foreign_used,5,White,ABS; Air Bags; Premium Audio; Backup Camera; Immobilizer Key; Navigation; Power Locks; Power Mirrors; Power Steering; Power Windows,"2022 Honda City IVTEC (foreign used), a premium sedan well suited to daily commuting and city driving — a good fit for urban professionals. Comes with ABS.",
Corolla GLI,Toyota,2019,173000,60000,Gasoline,Manual,Sedan,foreign_used,5,Black,ABS; Air Bags; Premium Audio; Immobilizer Key; Keyless Entry; Navigation; Power Locks; Power Mirrors; Power Steering; Power Windows; Backup Camera,"2019 Toyota Corolla GLI (foreign used), a well-priced sedan well suited to daily commuting and city driving — a good fit for urban professionals. Comes with ABS.",
Swift,Suzuki,2007,71500,98000,Gasoline,Automatic,Hatchback,local_used,5,Red,ABS; Air Bags; Premium Audio; Heated Seats; Backup Camera; Immobilizer Key; Keyless Entry; Power Locks; Power Mirrors; Power Steering; Power Windows,"2007 Suzuki Swift (locally used), a well-priced hatchback well suited to quick city runs and easy parking — a good fit for budget-conscious buyers. Comes with ABS.",
Mehran VXR,Suzuki,2017,105500,34000,Gasoline,Manual,Hatchback,foreign_used,5,White,ABS; Air Bags; Premium Audio; Heated Seats; Backup Camera; Immobilizer Key; Keyless Entry; Navigation; Power Locks; Power Mirrors; Power Steering; Power Windows,"2017 Suzuki Mehran VXR (foreign used), a well-priced hatchback well suited to quick city runs and easy parking — a good fit for budget-conscious buyers. Comes with ABS.",
Corolla XLI,Toyota,2014,111500,170000,Gasoline,Manual,Sedan,foreign_used,5,White,ABS; Air Bags; Premium Audio; Immobilizer Key; Keyless Entry; Navigation; Power Locks; Power Mirrors; Power Steering; Power Windows,"2014 Toyota Corolla XLI (foreign used), a well-priced sedan well suited to daily commuting and city driving — a good fit for urban professionals. Comes with ABS.",
Civic Oriel,Honda,2008,114500,124000,Gasoline,Manual,Sedan,local_used,5,Silver,ABS; Air Bags; Premium Audio; Backup Camera; Keyless Entry; Navigation; Power Locks; Power Mirrors; Power Steering; Power Windows,"2008 Honda Civic Oriel (locally used), a well-priced sedan well suited to daily commuting and city driving — a good fit for urban professionals. Comes with ABS.",
Corrolla Altis,Toyota,2013,129500,100000,Gasoline,Automatic,Sedan,local_used,5,Orange,ABS; Air Bags; Premium Audio; Heated Seats; Navigation; Power Locks; Power Mirrors; Power Steering; Power Windows; Backup Camera,"2013 Toyota Corrolla Altis (locally used), a well-priced sedan well suited to daily commuting and city driving — a good fit for urban professionals. Comes with ABS.",
Mira,Daihatsu,2015,104500,26000,Gasoline,Automatic,Hatchback,foreign_used,5,Black,ABS; Air Bags; Premium Audio; Heated Seats; Navigation; Power Locks; Power Mirrors; Power Steering; Power Windows; Backup Camera,"2015 Daihatsu Mira (foreign used), a well-priced hatchback well suited to quick city runs and easy parking — a good fit for budget-conscious buyers. Comes with ABS.",
Move,Daihatsu,2021,94500,100000,Gasoline,Automatic,Hatchback,foreign_used,5,Gray,ABS; Air Bags; Premium Audio; Backup Camera; Immobilizer Key; Navigation; Power Locks; Power Mirrors; Power Steering; Power Windows,"2021 Daihatsu Move (foreign used), a well-priced hatchback well suited to quick city runs and easy parking — a good fit for budget-conscious buyers. Comes with ABS.",
Move,Daihatsu,2017,85500,90000,Gasoline,Automatic,Hatchback,foreign_used,5,Gray,ABS; Air Bags; Premium Audio; Heated Seats; Backup Camera; Immobilizer Key; Keyless Entry; Navigation; Power Locks; Power Mirrors; Power Steering; Power Windows,"2017 Daihatsu Move (foreign used), a well-priced hatchback well suited to quick city runs and easy parking — a good fit for budget-conscious buyers. Comes with ABS.",
City IDSI,Honda,2006,139500,110000,Gasoline,Manual,Sedan,foreign_used,5,White,ABS; Premium Audio; Backup Camera; Immobilizer Key; Keyless Entry; Navigation; Power Locks; Power Mirrors; Power Steering; Power Windows,"2006 Honda City IDSI (foreign used), a well-priced sedan well suited to daily commuting and city driving — a good fit for urban professionals. Comes with ABS.",
Mira,Daihatsu,2018,98500,79000,Gasoline,Automatic,Hatchback,foreign_used,5,Gray,ABS; Air Bags; Premium Audio; Heated Seats; Immobilizer Key; Power Locks; Power Mirrors; Power Steering; Power Windows; Backup Camera,"2018 Daihatsu Mira (foreign used), a well-priced hatchback well suited to quick city runs and easy parking — a good fit for budget-conscious buyers. Comes with ABS.",
Pajero Mini,Mitsubishi,2012,229000,84000,Gasoline,Automatic,SUV,foreign_used,7,Black,ABS; Air Bags; Premium Audio; Heated Seats; Backup Camera; Immobilizer Key; Keyless Entry; Navigation; Power Mirrors; Power Steering; Power Windows,"2012 Mitsubishi Pajero Mini (foreign used), a well-priced suv well suited to family trips and weekend getaways — a good fit for family-oriented drivers. Comes with ABS.",
City Aspire,Honda,2015,161500,125035,Gasoline,Automatic,Sedan,local_used,5,Silver,ABS; Air Bags; Premium Audio; Backup Camera; Immobilizer Key; Keyless Entry; Navigation; Power Locks; Power Mirrors; Power Steering; Power Windows,"2015 Honda City Aspire (locally used), a well-priced sedan well suited to daily commuting and city driving — a good fit for urban professionals. Comes with ABS.",
Wagon R,Suzuki,2014,78000,72148,Gasoline,Automatic,Hatchback,foreign_used,5,Silver,ABS; Air Bags; Premium Audio; Heated Seats; Backup Camera; Immobilizer Key; Keyless Entry; Power Locks; Power Mirrors; Power Steering; Power Windows,"2014 Suzuki Wagon R (foreign used), a well-priced hatchback well suited to quick city runs and easy parking — a good fit for budget-conscious buyers. Comes with ABS.",
Passo,Toyota,2014,72500,88000,Gasoline,Automatic,Hatchback,foreign_used,5,Silver,ABS; Air Bags; Premium Audio; Backup Camera; Immobilizer Key; Power Locks; Power Mirrors; Power Steering; Power Windows,"2014 Toyota Passo (foreign used), a well-priced hatchback well suited to quick city runs and easy parking — a good fit for budget-conscious buyers. Comes with ABS.",
Corolla GLI,Toyota,2008,109000,150000,Gasoline,Manual,Sedan,foreign_used,5,White,Premium Audio; Heated Seats; Immobilizer Key; Keyless Entry; Navigation; Power Locks; Power Steering; Power Windows; Backup Camera,"2008 Toyota Corolla GLI (foreign used), a well-priced sedan well suited to daily commuting and city driving — a good fit for urban professionals. Comes with premium audio.",
Swift,Suzuki,2015,70000,102000,Gasoline,Automatic,Hatchback,local_used,5,Blue,ABS; Premium Audio; Heated Seats; Immobilizer Key; Keyless Entry; Navigation; Power Locks; Power Mirrors; Power Steering; Power Windows; Backup Camera,"2015 Suzuki Swift (locally used), a well-priced hatchback well suited to quick city runs and easy parking — a good fit for budget-conscious buyers. Comes with ABS.",
Mira,Daihatsu,2008,71000,99000,Gasoline,Automatic,Hatchback,foreign_used,5,Black,ABS; Air Bags; Premium Audio; Heated Seats; Keyless Entry; Navigation; Power Locks; Power Mirrors; Power Steering; Power Windows,"2008 Daihatsu Mira (foreign used), a well-priced hatchback well suited to quick city runs and easy parking — a good fit for budget-conscious buyers. Comes with ABS.",
Civic Oriel,Honda,2002,120500,136589,Gasoline,Manual,Sedan,foreign_used,5,White,ABS; Air Bags; Premium Audio; Immobilizer Key; Keyless Entry; Navigation; Power Locks; Power Mirrors; Power Steering; Power Windows; Backup Camera,"2002 Honda Civic Oriel (foreign used), a well-priced sedan well suited to daily commuting and city driving — a good fit for urban professionals. Comes with ABS.",
Move,Daihatsu,2007,46500,179000,Gasoline,Automatic,Hatchback,foreign_used,5,White,ABS; Air Bags; Premium Audio; Heated Seats; Immobilizer Key; Keyless Entry; Navigation; Power Locks; Power Mirrors; Power Steering; Power Windows; Backup Camera,"2007 Daihatsu Move (foreign used), a budget-friendly hatchback well suited to quick city runs and easy parking — a good fit for budget-conscious buyers. Comes with ABS.",
City IVTEC,Honda,2015,149500,72000,Gasoline,Manual,Sedan,foreign_used,5,Silver,Premium Audio; Immobilizer Key; Keyless Entry; Power Locks; Power Mirrors; Power Steering; Power Windows; Backup Camera,"2015 Honda City IVTEC (foreign used), a well-priced sedan well suited to daily commuting and city driving — a good fit for urban professionals. Comes with premium audio.",
Swift,Suzuki,2012,69000,130000,Gasoline,Manual,Hatchback,foreign_used,5,Gray,ABS; Premium Audio; Immobilizer Key; Keyless Entry; Navigation; Power Locks; Power Mirrors; Power Steering; Power Windows; Backup Camera,"2012 Suzuki Swift (foreign used), a well-priced hatchback well suited to quick city runs and easy parking — a good fit for budget-conscious buyers. Comes with ABS.",
Corolla GLI,Toyota,2003,137000,100000,Gasoline,Automatic,Sedan,local_used,5,White,ABS; Air Bags; Premium Audio; Heated Seats; Immobilizer Key; Keyless Entry; Navigation; Power Locks; Power Mirrors; Power Windows,"2003 Toyota Corolla GLI (locally used), a well-priced sedan well suited to daily commuting and city driving — a good fit for urban professionals. Comes with ABS.",
City IDSI,Honda,2016,150500,100000,Gasoline,Automatic,Sedan,local_used,5,Silver,ABS; Air Bags; Premium Audio; Heated Seats; Backup Camera; Immobilizer Key; Keyless Entry; Navigation; Power Locks; Power Mirrors; Power Steering; Power Windows,"2016 Honda City IDSI (locally used), a well-priced sedan well suited to daily commuting and city driving — a good fit for urban professionals. Comes with ABS.",
Civic Prosmetic,Honda,2014,162500,80000,Gasoline,Automatic,Sedan,foreign_used,5,White,ABS; Air Bags; Premium Audio; Heated Seats; Immobilizer Key; Navigation; Power Locks; Power Mirrors; Power Steering; Power Windows,"2014 Honda Civic Prosmetic (foreign used), a well-priced sedan well suited to daily commuting and city driving — a good fit for urban professionals. Comes with ABS.",
Yaris,Toyota,2007,95500,160000,Gasoline,Automatic,Sedan,foreign_used,5,Gray,ABS; Air Bags; Premium Audio; Backup Camera; Keyless Entry; Navigation; Power Locks; Power Mirrors; Power Steering,"2007 Toyota Yaris (foreign used), a budget-friendly sedan well suited to daily commuting and city driving — a good fit for urban professionals. Comes with ABS.",
City IVTEC,Honda,2020,153500,99008,Gasoline,Automatic,Sedan,local_used,5,White,ABS; Air Bags; Premium Audio; Heated Seats; Immobilizer Key; Keyless Entry; Navigation; Power Locks; Power Steering; Power Windows,"2020 Honda City IVTEC (locally used), a well-priced sedan well suited to daily commuting and city driving — a good fit for urban professionals. Comes with ABS.",
Pajero Mini,Mitsubishi,2008,200500,140000,Gasoline,Automatic,SUV,local_used,7,Gray,ABS; Air Bags; Premium Audio; Backup Camera; Immobilizer Key; Keyless Entry; Navigation; Power Locks; Power Mirrors; Power Steering; Power Windows,"2008 Mitsubishi Pajero Mini (locally used), a well-priced suv well suited to family trips and weekend getaways — a good fit for family-oriented drivers. Comes with ABS.",
Civic Prosmetic,Honda,2018,205000,68000,Gasoline,Automatic,Sedan,foreign_used,5,Black,ABS; Air Bags; Premium Audio; Backup Camera; Immobilizer Key; Navigation; Power Locks; Power Mirrors; Power Steering; Power Windows,"2018 Honda Civic Prosmetic (foreign used), a premium sedan well suited to daily commuting and city driving — a good fit for urban professionals. Comes with ABS.",
City IDSI,Honda,2008,108500,123000,Gasoline,Manual,Sedan,foreign_used,5,Red,ABS; Premium Audio; Backup Camera; Immobilizer Key; Keyless Entry; Navigation; Power Locks; Power Mirrors; Power Steering; Power Windows,"2008 Honda City IDSI (foreign used), a well-priced sedan well suited to daily commuting and city driving — a good fit for urban professionals. Comes with ABS.",
Alto,Suzuki,2019,114500,43000,Gasoline,Manual,Hatchback,foreign_used,5,White,ABS; Air Bags; Premium Audio; Immobilizer Key; Navigation; Power Locks; Power Mirrors; Power Steering; Power Windows; Backup Camera,"2019 Suzuki Alto (foreign used), a premium hatchback well suited to quick city runs and easy parking — a good fit for budget-conscious buyers. Comes with ABS.",
Wagon R,Suzuki,2016,88000,90000,Gasoline,Manual,Hatchback,foreign_used,5,Black,ABS; Premium Audio; Heated Seats; Backup Camera; Immobilizer Key; Keyless Entry; Navigation; Power Locks; Power Mirrors; Power Steering; Power Windows,"2016 Suzuki Wagon R (foreign used), a well-priced hatchback well suited to quick city runs and easy parking — a good fit for budget-conscious buyers. Comes with ABS.",
Every,Suzuki,2018,315500,94000,Gasoline,Manual,Wagon,local_used,5,White,ABS; Air Bags; Premium Audio; Backup Camera; Immobilizer Key; Keyless Entry; Power Locks; Power Mirrors; Power Steering; Power Windows,"2018 Suzuki Every (locally used), a well-priced wagon well suited to family trips with plenty of cargo room — a good fit for family-oriented drivers. Comes with ABS.",
City IVTEC,Honda,2014,129500,152000,Gasoline,Manual,Sedan,local_used,5,Red,Premium Audio; Heated Seats; Backup Camera; Immobilizer Key; Navigation; Power Locks; Power Mirrors; Power Steering; Power Windows,"2014 Honda City IVTEC (locally used), a well-priced sedan well suited to daily commuting and city driving — a good fit for urban professionals. Comes with premium audio.",
Swift,Suzuki,2013,77500,102785,Gasoline,Manual,Hatchback,local_used,5,Blue,ABS; Air Bags; Premium Audio; Immobilizer Key; Navigation; Power Locks; Power Mirrors; Power Steering; Power Windows; Backup Camera,"2013 Suzuki Swift (locally used), a well-priced hatchback well suited to quick city runs and easy parking — a good fit for budget-conscious buyers. Comes with ABS.",
Lancer,Mitsubishi,2007,107500,168786,Gasoline,Manual,Sedan,foreign_used,5,Black,ABS; Premium Audio; Immobilizer Key; Keyless Entry; Navigation; Power Locks; Power Mirrors; Power Steering; Power Windows; Backup Camera,"2007 Mitsubishi Lancer (foreign used), a well-priced sedan well suited to daily commuting and city driving — a good fit for urban professionals. Comes with ABS.",
Move,Daihatsu,2013,79000,112000,Gasoline,Automatic,Hatchback,foreign_used,5,Gray,ABS; Premium Audio; Heated Seats; Keyless Entry; Navigation; Power Locks; Power Mirrors; Power Steering; Power Windows; Backup Camera,"2013 Daihatsu Move (foreign used), a well-priced hatchback well suited to quick city runs and easy parking — a good fit for budget-conscious buyers. Comes with ABS.",
Move,Daihatsu,2022,103000,5600,Gasoline,Automatic,Hatchback,local_used,5,Blue,ABS; Air Bags; Premium Audio; Backup Camera; Immobilizer Key; Keyless Entry; Navigation; Power Locks; Power Mirrors; Power Steering; Power Windows,"2022 Daihatsu Move (locally used), a well-priced hatchback well suited to quick city runs and easy parking — a good fit for budget-conscious buyers. Comes with ABS.",
Alto,Suzuki,2009,76000,16000,Gasoline,Automatic,Hatchback,local_used,5,Silver,ABS; Premium Audio; Backup Camera; Immobilizer Key; Keyless Entry; Power Locks; Power Steering; Power Windows,"2009 Suzuki Alto (locally used), a well-priced hatchback well suited to quick city runs and easy parking — a good fit for budget-conscious buyers. Comes with ABS.",
City IDSI,Honda,2003,92000,170000,Gasoline,Manual,Sedan,foreign_used,5,Silver,Premium Audio; Immobilizer Key; Keyless Entry; Power Locks; Power Mirrors; Power Steering; Power Windows; Backup Camera,"2003 Honda City IDSI (foreign used), a budget-friendly sedan well suited to daily commuting and city driving — a good fit for urban professionals. Comes with premium audio.",
Corolla GLI,Toyota,2013,137500,150000,Gasoline,Manual,Sedan,local_used,5,Black,ABS; Air Bags; Premium Audio; Heated Seats; Immobilizer Key; Keyless Entry; Navigation; Power Locks; Power Mirrors; Power Steering; Power Windows; Backup Camera,"2013 Toyota Corolla GLI (locally used), a well-priced sedan well suited to daily commuting and city driving — a good fit for urban professionals. Comes with ABS.",
Corrolla Altis,Toyota,2020,174000,58000,Gasoline,Automatic,Sedan,local_used,5,White,ABS; Air Bags; Premium Audio; Keyless Entry; Navigation; Power Locks; Power Mirrors; Power Steering; Power Windows; Backup Camera,"2020 Toyota Corrolla Altis (locally used), a well-priced sedan well suited to daily commuting and city driving — a good fit for urban professionals. Comes with ABS.",
Mira,Daihatsu,2014,78500,121000,Gasoline,Automatic,Hatchback,foreign_used,5,Red,ABS; Air Bags; Heated Seats; Premium Audio; Immobilizer Key; Navigation; Power Locks; Power Mirrors; Power Steering; Power Windows,"2014 Daihatsu Mira (foreign used), a well-priced hatchback well suited to quick city runs and easy parking — a good fit for budget-conscious buyers. Comes with ABS.",
City Aspire,Honda,2020,204000,83900,Gasoline,Automatic,Sedan,foreign_used,5,Red,ABS; Air Bags; Premium Audio; Backup Camera; Immobilizer Key; Navigation; Power Locks; Power Steering; Power Windows,"2020 Honda City Aspire (foreign used), a premium sedan well suited to daily commuting and city driving — a good fit for urban professionals. Comes with ABS.",
Corolla GLI,Toyota,2016,114000,167000,Gasoline,Automatic,Sedan,foreign_used,5,Silver,ABS; Premium Audio; Keyless Entry; Navigation; Power Locks; Power Mirrors; Power Steering; Power Windows; Backup Camera,"2016 Toyota Corolla GLI (foreign used), a well-priced sedan well suited to daily commuting and city driving — a good fit for urban professionals. Comes with ABS.",
Terios Kid,Daihatsu,2015,276500,12345,Gasoline,Automatic,SUV,foreign_used,7,Black,Air Bags; Premium Audio; Heated Seats; Navigation; Power Locks; Power Mirrors; Power Steering; Power Windows; Backup Camera,"2015 Daihatsu Terios Kid (foreign used), a well-priced suv well suited to family trips and weekend getaways — a good fit for family-oriented drivers. Comes with air bags.",
City IVTEC,Honda,2008,123500,166000,Gasoline,Automatic,Sedan,local_used,5,Gray,ABS; Air Bags; Premium Audio; Heated Seats; Immobilizer Key; Power Locks; Power Mirrors; Power Steering; Power Windows; Backup Camera,"2008 Honda City IVTEC (locally used), a well-priced sedan well suited to daily commuting and city driving — a good fit for urban professionals. Comes with ABS.",
Bolan,Suzuki,2015,305000,1234,Gasoline,Manual,Wagon,foreign_used,5,Red,ABS; Air Bags; Premium Audio; Heated Seats; Backup Camera; Immobilizer Key; Keyless Entry; Navigation; Power Locks; Power Mirrors; Power Steering; Power Windows,"2015 Suzuki Bolan (foreign used), a well-priced wagon well suited to family trips with plenty of cargo room — a good fit for family-oriented drivers. Comes with ABS.",
Wagon R,Suzuki,2015,88000,89000,Gasoline,Automatic,Hatchback,foreign_used,5,Red,ABS; Air Bags; Premium Audio; Heated Seats; Immobilizer Key; Keyless Entry; Navigation; Power Locks; Power Mirrors; Power Steering; Power Windows; Backup Camera,"2015 Suzuki Wagon R (foreign used), a well-priced hatchback well suited to quick city runs and easy parking — a good fit for budget-conscious buyers. Comes with ABS.",
Corolla XLI,Toyota,2008,191000,1234,Gasoline,Manual,Sedan,foreign_used,5,Gray,ABS; Premium Audio; Heated Seats; Backup Camera; Immobilizer Key; Keyless Entry; Navigation; Power Locks; Power Mirrors; Power Steering,"2008 Toyota Corolla XLI (foreign used), a well-priced sedan well suited to daily commuting and city driving — a good fit for urban professionals. Comes with ABS.",
Alto,Suzuki,2021,120500,34000,Gasoline,Automatic,Hatchback,foreign_used,5,Gray,ABS; Air Bags; Premium Audio; Heated Seats; Immobilizer Key; Keyless Entry; Navigation; Power Locks; Power Mirrors; Power Steering; Power Windows,"2021 Suzuki Alto (foreign used), a premium hatchback well suited to quick city runs and easy parking — a good fit for budget-conscious buyers. Comes with ABS.",
City IDSI,Honda,2004,120000,130000,Gasoline,Manual,Sedan,local_used,5,White,ABS; Premium Audio; Keyless Entry; Navigation; Power Locks; Power Mirrors; Power Steering; Power Windows; Backup Camera,"2004 Honda City IDSI (locally used), a well-priced sedan well suited to daily commuting and city driving — a good fit for urban professionals. Comes with ABS.",
City Vario,Honda,2005,127000,100000,Gasoline,Manual,Sedan,foreign_used,5,White,Air Bags; Premium Audio; Immobilizer Key; Keyless Entry; Navigation; Power Locks; Power Mirrors; Power Steering; Power Windows; Backup Camera,"2005 Honda City Vario (foreign used), a well-priced sedan well suited to daily commuting and city driving — a good fit for urban professionals. Comes with air bags.",
Swift,Suzuki,2021,111500,30000,Gasoline,Manual,Hatchback,foreign_used,5,Red,ABS; Air Bags; Premium Audio; Immobilizer Key; Keyless Entry; Navigation; Power Locks; Power Steering; Power Windows; Backup Camera,"2021 Suzuki Swift (foreign used), a premium hatchback well suited to quick city runs and easy parking — a good fit for budget-conscious buyers. Comes with ABS.",
Alto,Suzuki,2022,121500,29000,Gasoline,Manual,Hatchback,local_used,5,Silver,Air Bags; Premium Audio; Immobilizer Key; Keyless Entry; Navigation; Power Locks; Power Steering; Backup Camera,"2022 Suzuki Alto (locally used), a premium hatchback well suited to quick city runs and easy parking — a good fit for budget-conscious buyers. Comes with air bags.",
C Class,Mercedes,2006,153500,200000,Gasoline,Automatic,Sedan,foreign_used,5,White,ABS; Air Bags; Premium Audio; Immobilizer Key; Keyless Entry; Navigation; Power Locks; Power Mirrors; Power Steering; Power Windows; Backup Camera,"2006 Mercedes C Class (foreign used), a well-priced sedan well suited to daily commuting and city driving — a good fit for urban professionals. Comes with ABS.",
City Vario,Honda,2008,91000,180000,Gasoline,Automatic,Sedan,foreign_used,5,White,Premium Audio; Backup Camera; Immobilizer Key; Keyless Entry; Navigation; Power Locks; Power Mirrors; Power Steering; Power Windows,"2008 Honda City Vario (foreign used), a budget-friendly sedan well suited to daily commuting and city driving — a good fit for urban professionals. Comes with premium audio.",
Wagon R,Suzuki,2011,61000,200000,Gasoline,Automatic,Hatchback,foreign_used,5,Gray,ABS; Air Bags; Premium Audio; Backup Camera; Immobilizer Key; Keyless Entry; Power Locks; Power Mirrors; Power Steering; Power Windows,"2011 Suzuki Wagon R (foreign used), a well-priced hatchback well suited to quick city runs and easy parking — a good fit for budget-conscious buyers. Comes with ABS.",
City Vario,Honda,2006,164500,30000,Gasoline,Automatic,Sedan,foreign_used,5,White,Premium Audio; Keyless Entry; Navigation; Power Locks; Power Mirrors; Power Steering; Backup Camera,"2006 Honda City Vario (foreign used), a well-priced sedan well suited to daily commuting and city driving — a good fit for urban professionals. Comes with premium audio.",
Swift,Suzuki,2019,102000,58000,Gasoline,Automatic,Hatchback,foreign_used,5,White,ABS; Air Bags; Premium Audio; Immobilizer Key; Keyless Entry; Navigation; Power Locks; Power Mirrors; Power Steering; Power Windows,"2019 Suzuki Swift (foreign used), a well-priced hatchback well suited to quick city runs and easy parking — a good fit for budget-conscious buyers. Comes with ABS.",
Ek Wagon,Mitsubishi,2014,173000,198000,Gasoline,Automatic,Wagon,foreign_used,5,Silver,ABS; Air Bags; Premium Audio; Heated Seats; Immobilizer Key; Keyless Entry; Power Locks; Power Mirrors; Power Steering; Power Windows,"2014 Mitsubishi Ek Wagon (foreign used), a budget-friendly wagon well suited to family trips with plenty of cargo room — a good fit for family-oriented drivers. Comes with ABS.",
City Aspire,Honda,2014,147500,130000,Gasoline,Manual,Sedan,foreign_used,5,Gray,ABS; Air Bags; Premium Audio; Immobilizer Key; Navigation; Power Locks; Power Mirrors; Power Steering; Power Windows; Backup Camera,"2014 Honda City Aspire (foreign used), a well-priced sedan well suited to daily commuting and city driving — a good fit for urban professionals. Comes with ABS.",
Hijet,Daihatsu,2023,343000,41345,Gasoline,Automatic,Truck,local_used,2,Gray,ABS; Air Bags; Premium Audio; Backup Camera; Immobilizer Key; Keyless Entry; Navigation; Power Locks; Power Mirrors; Power Steering; Power Windows,"2023 Daihatsu Hijet (locally used), a well-priced truck well suited to hauling and rough roads — a good fit for adventure seekers. Comes with ABS.",
Alto,Suzuki,2023,122000,8400,Gasoline,Automatic,Hatchback,foreign_used,5,White,ABS; Air Bags; Premium Audio; Heated Seats; Immobilizer Key; Keyless Entry; Navigation; Power Locks; Power Mirrors; Power Steering; Power Windows; Backup Camera,"2023 Suzuki Alto (foreign used), a premium hatchback well suited to quick city runs and easy parking — a good fit for budget-conscious buyers. Comes with ABS.",
Baleno,Suzuki,2004,50500,140000,Gasoline,Manual,Hatchback,foreign_used,5,Gray,ABS; Premium Audio; Immobilizer Key; Keyless Entry; Navigation; Power Locks; Power Mirrors; Power Steering; Power Windows; Backup Camera,"2004 Suzuki Baleno (foreign used), a budget-friendly hatchback well suited to quick city runs and easy parking — a good fit for budget-conscious buyers. Comes with ABS.",
Lancer,Mitsubishi,2004,120000,128000,Gasoline,Automatic,Sedan,foreign_used,5,White,ABS; Air Bags; Premium Audio; Immobilizer Key; Keyless Entry; Navigation; Power Locks; Power Mirrors; Power Steering; Power Windows; Backup Camera,"2004 Mitsubishi Lancer (foreign used), a well-priced sedan well suited to daily commuting and city driving — a good fit for urban professionals. Comes with ABS.",
Hijet,Daihatsu,2013,252500,150000,Gasoline,Automatic,Truck,foreign_used,2,Black,Air Bags; Premium Audio; Navigation; Power Locks; Power Mirrors; Power Steering; Power Windows; Backup Camera,"2013 Daihatsu Hijet (foreign used), a well-priced truck well suited to hauling and rough roads — a good fit for adventure seekers. Comes with air bags.",
Altis Grande,Toyota,2009,112000,125000,Gasoline,Automatic,Sedan,foreign_used,5,Gray,ABS; Air Bags; Premium Audio; Immobilizer Key; Keyless Entry; Navigation; Power Locks; Power Mirrors; Power Steering; Power Windows; Backup Camera,"2009 Toyota Altis Grande (foreign used), a well-priced sedan well suited to daily commuting and city driving — a good fit for urban professionals. Comes with ABS.",
Civic Oriel,Honda,2011,166000,98500,Gasoline,Manual,Sedan,foreign_used,5,Gray,ABS; Air Bags; Premium Audio; Heated Seats; Backup Camera; Immobilizer Key; Keyless Entry; Navigation; Power Locks; Power Mirrors; Power Steering; Power Windows,"2011 Honda Civic Oriel (foreign used), a well-priced sedan well suited to daily commuting and city driving — a good fit for urban professionals. Comes with ABS.",
Swift,Suzuki,2014,80500,85000,Gasoline,Manual,Hatchback,local_used,5,Blue,ABS; Premium Audio; Immobilizer Key; Keyless Entry; Navigation; Power Locks; Power Mirrors; Power Steering; Power Windows,"2014 Suzuki Swift (locally used), a well-priced hatchback well suited to quick city runs and easy parking — a good fit for budget-conscious buyers. Comes with ABS.",
V2,FAW,2018,106500,55600,Gasoline,Manual,Hatchback,foreign_used,5,Gray,ABS; Air Bags; Premium Audio; Immobilizer Key; Navigation; Power Locks; Power Mirrors; Power Steering; Power Windows; Backup Camera,"2018 FAW V2 (foreign used), a well-priced hatchback well suited to quick city runs and easy parking — a good fit for budget-conscious buyers. Comes with ABS.",
Corrolla Altis,Toyota,2021,223500,34000,Gasoline,Manual,Sedan,foreign_used,5,Silver,ABS; Air Bags; Premium Audio; Keyless Entry; Navigation; Power Locks; Power Mirrors; Power Steering,"2021 Toyota Corrolla Altis (foreign used), a premium sedan well suited to daily commuting and city driving — a good fit for urban professionals. Comes with ABS.",
ISIS,Toyota,2011,243000,110000,Gasoline,Automatic,Wagon,foreign_used,5,White,ABS; Air Bags; Premium Audio; Heated Seats; Immobilizer Key; Keyless Entry; Navigation; Power Locks; Power Mirrors; Power Steering; Power Windows; Backup Camera,"2011 Toyota ISIS (foreign used), a well-priced wagon well suited to family trips with plenty of cargo room — a good fit for family-oriented drivers. Comes with ABS.",
Alto,Suzuki,2018,101500,60000,Gasoline,Automatic,Hatchback,local_used,5,Black,ABS; Air Bags; Premium Audio; Backup Camera; Immobilizer Key; Keyless Entry; Navigation; Power Locks; Power Mirrors; Power Steering; Power Windows,"2018 Suzuki Alto (locally used), a well-priced hatchback well suited to quick city runs and easy parking — a good fit for budget-conscious buyers. Comes with ABS.",
Corolla XLI,Toyota,2018,191500,85000,Gasoline,Manual,Sedan,foreign_used,5,Black,ABS; Air Bags; Premium Audio; Immobilizer Key; Navigation; Power Locks; Power Mirrors; Power Steering; Power Windows; Backup Camera,"2018 Toyota Corolla XLI (foreign used), a well-priced sedan well suited to daily commuting and city driving — a good fit for urban professionals. Comes with ABS.",
Corolla GLI,Toyota,2005,115500,123456,Gasoline,Manual,Sedan,foreign_used,5,Black,ABS; Air Bags; Premium Audio; Keyless Entry; Power Locks; Power Steering; Power Windows; Backup Camera,"2005 Toyota Corolla GLI (foreign used), a well-priced sedan well suited to daily commuting and city driving — a good fit for urban professionals. Comes with ABS.",
Karvaan,Changan,2021,340500,21000,Gasoline,Manual,Wagon,foreign_used,5,Yellow,ABS; Air Bags; Premium Audio; Immobilizer Key; Keyless Entry; Navigation; Power Locks; Power Steering; Power Windows; Backup Camera,"2021 Changan Karvaan (foreign used), a well-priced wagon well suited to family trips with plenty of cargo room — a good fit for family-oriented drivers. Comes with ABS.",
Civic Oriel,Honda,2018,193000,60000,Gasoline,Automatic,Sedan,local_used,5,Black,ABS; Air Bags; Premium Audio; Immobilizer Key; Keyless Entry; Navigation; Power Locks; Power Mirrors; Power Steering; Power Windows; Backup Camera,"2018 Honda Civic Oriel (locally used), a well-priced sedan well suited to daily commuting and city driving — a good fit for urban professionals. Comes with ABS.",
Swift,Suzuki,2020,108500,56000,Gasoline,Manual,Hatchback,foreign_used,5,Red,ABS; Air Bags; Premium Audio; Immobilizer Key; Navigation; Power Locks; Power Mirrors; Power Steering; Power Windows; Backup Camera,"2020 Suzuki Swift (foreign used), a well-priced hatchback well suited to quick city runs and easy parking — a good fit for budget-conscious buyers. Comes with ABS.",
Corrolla Altis,Toyota,2000,96000,175000,Gasoline,Automatic,Sedan,local_used,5,Silver,ABS; Air Bags; Premium Audio; Heated Seats; Immobilizer Key; Power Locks; Power Mirrors; Power Steering; Power Windows; Backup Camera,"2000 Toyota Corrolla Altis (locally used), a budget-friendly sedan well suited to daily commuting and city driving — a good fit for urban professionals. Comes with ABS.",
Terios Kid,Daihatsu,2002,238000,1234,Gasoline,Automatic,SUV,foreign_used,7,Blue,ABS; Air Bags; Premium Audio; Keyless Entry; Navigation; Power Locks; Power Mirrors; Power Steering; Power Windows; Backup Camera,"2002 Daihatsu Terios Kid (foreign used), a well-priced suv well suited to family trips and weekend getaways — a good fit for family-oriented drivers. Comes with ABS.",
Passo,Toyota,2012,70500,120000,Gasoline,Automatic,Hatchback,foreign_used,5,Silver,ABS; Air Bags; Heated Seats; Backup Camera; Immobilizer Key; Keyless Entry; Navigation; Power Locks; Power Mirrors; Power Steering; Power Windows,"2012 Toyota Passo (foreign used), a well-priced hatchback well suited to quick city runs and easy parking — a good fit for budget-conscious buyers. Comes with ABS.",
Spectra,KIA,2002,258000,12345,Gasoline,Manual,Sedan,foreign_used,5,Silver,Premium Audio; Heated Seats; Immobilizer Key; Keyless Entry; Power Locks; Power Mirrors; Power Steering; Power Windows,"2002 KIA Spectra (foreign used), a premium sedan well suited to daily commuting and city driving — a good fit for urban professionals. Comes with premium audio. A solid pick for luxury lovers who want a standout badge.",
Wagon R,Suzuki,2022,102000,7500,Gasoline,Manual,Hatchback,foreign_used,5,Silver,ABS; Air Bags; Premium Audio; Backup Camera; Immobilizer Key; Keyless Entry; Navigation; Power Locks; Power Mirrors; Power Steering; Power Windows,"2022 Suzuki Wagon R (foreign used), a well-priced hatchback well suited to quick city runs and easy parking — a good fit for budget-conscious buyers. Comes with ABS.",
Corolla XLI,Toyota,2016,133500,163000,Gasoline,Manual,Sedan,foreign_used,5,White,ABS; Air Bags; Premium Audio; Backup Camera; Immobilizer Key; Keyless Entry; Navigation; Power Locks; Power Mirrors; Power Steering,"2016 Toyota Corolla XLI (foreign used), a well-priced sedan well suited to daily commuting and city driving — a good fit for urban professionals. Comes with ABS.",
V2,FAW,2015,64000,125000,Gasoline,Manual,Hatchback,foreign_used,5,Gray,ABS; Premium Audio; Heated Seats; Immobilizer Key; Navigation; Power Locks; Power Mirrors; Power Steering; Power Windows; Backup Camera,"2015 FAW V2 (foreign used), a well-priced hatchback well suited to quick city runs and easy parking — a good fit for budget-conscious buyers. Comes with ABS.",
Corolla XLI,Toyota,2003,146500,1000,Gasoline,Manual,Sedan,local_used,5,Black,ABS; Premium Audio; Immobilizer Key; Navigation; Power Locks; Power Mirrors; Power Steering; Power Windows; Backup Camera,"2003 Toyota Corolla XLI (locally used), a well-priced sedan well suited to daily commuting and city driving — a good fit for urban professionals. Comes with ABS.",
Corolla GLI,Toyota,2012,122000,150000,Gasoline,Automatic,Sedan,foreign_used,5,White,ABS; Premium Audio; Immobilizer Key; Keyless Entry; Navigation; Power Locks; Power Mirrors; Power Steering; Power Windows,"2012 Toyota Corolla GLI (foreign used), a well-priced sedan well suited to daily commuting and city driving — a good fit for urban professionals. Comes with ABS.",
Mira,Daihatsu,2011,69500,115000,Gasoline,Automatic,Hatchback,foreign_used,5,Gray,ABS; Air Bags; Premium Audio; Backup Camera; Immobilizer Key; Navigation; Power Locks; Power Mirrors; Power Steering; Power Windows,"2011 Daihatsu Mira (foreign used), a well-priced hatchback well suited to quick city runs and easy parking — a good fit for budget-conscious buyers. Comes with ABS.",
Picanto,KIA,2020,181500,24000,Gasoline,Automatic,Hatchback,foreign_used,5,White,ABS; Air Bags; Premium Audio; Immobilizer Key; Keyless Entry; Navigation; Power Locks; Power Mirrors; Power Steering; Power Windows; Backup Camera,"2020 KIA Picanto (foreign used), a premium hatchback well suited to quick city runs and easy parking — a good fit for budget-conscious buyers. Comes with ABS. A solid pick for luxury lovers who want a standout badge.",
City IVTEC,Honda,2011,122000,146000,Gasoline,Manual,Sedan,foreign_used,5,Red,ABS; Premium Audio; Keyless Entry; Navigation; Power Locks; Power Mirrors; Power Steering; Power Windows; Backup Camera,"2011 Honda City IVTEC (foreign used), a well-priced sedan well suited to daily commuting and city driving — a good fit for urban professionals. Comes with ABS.",
Lancer,Mitsubishi,2006,85500,251000,Gasoline,Manual,Sedan,foreign_used,5,Red,Air Bags; Premium Audio; Backup Camera; Immobilizer Key; Keyless Entry; Navigation; Power Locks; Power Mirrors; Power Steering; Power Windows,"2006 Mitsubishi Lancer (foreign used), a budget-friendly sedan well suited to daily commuting and city driving — a good fit for urban professionals. Comes with air bags.",
Wagon R,Suzuki,2018,86000,66000,Gasoline,Manual,Hatchback,foreign_used,5,Red,ABS; Air Bags; Premium Audio; Keyless Entry; Power Locks; Power Steering; Power Windows,"2018 Suzuki Wagon R (foreign used), a well-priced hatchback well suited to quick city runs and easy parking — a good fit for budget-conscious buyers. Comes with ABS.",
City Aspire,Honda,2018,132500,160000,Gasoline,Manual,Sedan,foreign_used,5,Black,ABS; Premium Audio; Immobilizer Key; Navigation; Power Locks; Power Mirrors; Power Steering; Power Windows; Backup Camera,"2018 Honda City Aspire (foreign used), a well-priced sedan well suited to daily commuting and city driving — a good fit for urban professionals. Comes with ABS.",
Ek Wagon,Mitsubishi,2008,182000,150000,Gasoline,Manual,Wagon,local_used,5,White,ABS; Air Bags; Premium Audio; Immobilizer Key; Keyless Entry; Power Locks; Power Mirrors; Power Steering; Power Windows; Backup Camera,"2008 Mitsubishi Ek Wagon (locally used), a budget-friendly wagon well suited to family trips with plenty of cargo room — a good fit for family-oriented drivers. Comes with ABS.",
Passo,Toyota,2021,88500,54000,Gasoline,Automatic,Hatchback,local_used,5,Red,ABS; Air Bags; Premium Audio; Heated Seats; Backup Camera; Immobilizer Key; Keyless Entry; Navigation; Power Locks; Power Mirrors; Power Steering; Power Windows,"2021 Toyota Passo (locally used), a well-priced hatchback well suited to quick city runs and easy parking — a good fit for budget-conscious buyers. Comes with ABS.",
Joy,Chevrolet,2009,72500,107000,Gasoline,Manual,Hatchback,foreign_used,5,Black,ABS; Premium Audio; Immobilizer Key; Keyless Entry; Navigation; Power Locks; Power Mirrors; Power Steering; Power Windows,"2009 Chevrolet Joy (foreign used), a well-priced hatchback well suited to quick city runs and easy parking — a good fit for budget-conscious buyers. Comes with ABS.",
Alto,Suzuki,2007,59500,163000,Gasoline,Automatic,Hatchback,foreign_used,5,Yellow,Air Bags; Premium Audio; Immobilizer Key; Keyless Entry; Navigation; Power Locks; Power Mirrors; Power Steering; Power Windows,"2007 Suzuki Alto (foreign used), a well-priced hatchback well suited to quick city runs and easy parking — a good fit for budget-conscious buyers. Comes with air bags.",
Passo,Toyota,2005,49000,200000,Gasoline,Automatic,Hatchback,foreign_used,5,Yellow,ABS; Air Bags; Premium Audio; Immobilizer Key; Keyless Entry; Navigation; Power Locks; Power Mirrors; Power Steering; Power Windows,"2005 Toyota Passo (foreign used), a budget-friendly hatchback well suited to quick city runs and easy parking — a good fit for budget-conscious buyers. Comes with ABS.",
Passo,Toyota,2010,60500,160000,Gasoline,Automatic,Hatchback,foreign_used,5,Blue,ABS; Air Bags; Premium Audio; Heated Seats; Immobilizer Key; Navigation; Power Locks; Power Mirrors; Power Steering; Power Windows,"2010 Toyota Passo (foreign used), a well-priced hatchback well suited to quick city runs and easy parking — a good fit for budget-conscious buyers. Comes with ABS.",
Terios Kid,Daihatsu,2006,190000,83000,Gasoline,Automatic,SUV,foreign_used,7,Black,ABS; Air Bags; Premium Audio; Immobilizer Key; Keyless Entry; Power Locks; Power Mirrors; Power Steering; Power Windows; Backup Camera,"2006 Daihatsu Terios Kid (foreign used), a well-priced suv well suited to family trips and weekend getaways — a good fit for family-oriented drivers. Comes with ABS.",
Yaris,Toyota,2023,253500,2950,Gasoline,Automatic,Sedan,foreign_used,5,Black,ABS; Air Bags; Premium Audio; Immobilizer Key; Keyless Entry; Navigation; Power Locks; Power Mirrors; Power Steering; Power Windows,"2023 Toyota Yaris (foreign used), a premium sedan well suited to daily commuting and city driving — a good fit for urban professionals. Comes with ABS.",
V2,FAW,2017,85500,95000,Gasoline,Manual,Hatchback,local_used,5,Blue,ABS; Air Bags; Immobilizer Key; Keyless Entry; Navigation; Power Locks; Power Mirrors; Power Steering; Power Windows; Backup Camera,"2017 FAW V2 (locally used), a well-priced hatchback well suited to quick city runs and easy parking — a good fit for budget-conscious buyers. Comes with ABS.",
Alto,Suzuki,2014,89000,54000,Gasoline,Automatic,Hatchback,foreign_used,5,Black,ABS; Air Bags; Premium Audio; Immobilizer Key; Power Locks; Power Mirrors; Power Steering; Power Windows,"2014 Suzuki Alto (foreign used), a well-priced hatchback well suited to quick city runs and easy parking — a good fit for budget-conscious buyers. Comes with ABS.",
Terios Kid,Daihatsu,2010,133000,187905,Gasoline,Manual,SUV,foreign_used,7,White,ABS; Air Bags; Premium Audio; Heated Seats; Navigation; Power Locks; Power Mirrors; Power Steering; Power Windows,"2010 Daihatsu Terios Kid (foreign used), a budget-friendly suv well suited to family trips and weekend getaways — a good fit for family-oriented drivers. Comes with ABS.",
Corolla Assista,Toyota,2004,96500,166000,Gasoline,Manual,Sedan,foreign_used,5,Silver,ABS; Air Bags; Premium Audio; Immobilizer Key; Keyless Entry; Navigation; Power Locks; Power Mirrors; Power Steering; Power Windows; Backup Camera,"2004 Toyota Corolla Assista (foreign used), a budget-friendly sedan well suited to daily commuting and city driving — a good fit for urban professionals. Comes with ABS.",
City IVTEC,Honda,2002,98500,150000,Gasoline,Manual,Sedan,foreign_used,5,Red,Air Bags; Premium Audio; Keyless Entry; Power Locks; Power Mirrors; Power Steering; Power Windows; Backup Camera,"2002 Honda City IVTEC (foreign used), a budget-friendly sedan well suited to daily commuting and city driving — a good fit for urban professionals. Comes with air bags.",
Cultus VXR,Suzuki,2020,101000,37000,Gasoline,Manual,Hatchback,foreign_used,5,Gray,Air Bags; Premium Audio; Immobilizer Key; Keyless Entry; Navigation; Power Locks; Power Mirrors; Power Steering; Power Windows; Backup Camera,"2020 Suzuki Cultus VXR (foreign used), a well-priced hatchback well suited to quick city runs and easy parking — a good fit for budget-conscious buyers. Comes with air bags.",
Classic,KIA,2000,229500,12345,Gasoline,Manual,Sedan,foreign_used,5,Silver,ABS; Air Bags; Premium Audio; Backup Camera; Immobilizer Key; Keyless Entry; Navigation; Power Locks; Power Mirrors,"2000 KIA Classic (foreign used), a premium sedan well suited to daily commuting and city driving — a good fit for urban professionals. Comes with ABS. A solid pick for luxury lovers who want a standout badge.",
Corolla XLI,Toyota,2013,130500,150950,Gasoline,Manual,Sedan,foreign_used,5,White,ABS; Premium Audio; Backup Camera; Keyless Entry; Navigation; Power Locks; Power Mirrors; Power Steering; Power Windows,"2013 Toyota Corolla XLI (foreign used), a well-priced sedan well suited to daily commuting and city driving — a good fit for urban professionals. Comes with ABS.",
Corolla XLI,Toyota,2006,134500,100000,Gasoline,Manual,Sedan,local_used,5,Silver,Air Bags; Premium Audio; Backup Camera; Immobilizer Key; Power Locks; Power Mirrors; Power Steering,"2006 Toyota Corolla XLI (locally used), a well-priced sedan well suited to daily commuting and city driving — a good fit for urban professionals. Comes with air bags.",
Corolla XLI,Toyota,2007,96000,220000,Gasoline,Manual,Sedan,foreign_used,5,Orange,Premium Audio; Keyless Entry; Navigation; Power Locks; Power Mirrors; Power Steering; Power Windows; Backup Camera,"2007 Toyota Corolla XLI (foreign used), a budget-friendly sedan well suited to daily commuting and city driving — a good fit for urban professionals. Comes with premium audio.",
City Vario,Honda,2003,92000,210000,Gasoline,Automatic,Sedan,foreign_used,5,White,ABS; Air Bags; Premium Audio; Keyless Entry; Power Locks; Power Mirrors; Power Steering; Power Windows,"2003 Honda City Vario (foreign used), a budget-friendly sedan well suited to daily commuting and city driving — a good fit for urban professionals. Comes with ABS.",
City IDSI,Honda,2005,172500,2500,Gasoline,Manual,Sedan,foreign_used,5,Silver,Premium Audio; Keyless Entry; Navigation; Power Locks; Power Mirrors; Power Steering; Power Windows; Backup Camera,"2005 Honda City IDSI (foreign used), a well-priced sedan well suited to daily commuting and city driving — a good fit for urban professionals. Comes with premium audio.",
City Aspire,Honda,2012,128500,185000,Gasoline,Manual,Sedan,foreign_used,5,Blue,ABS; Air Bags; Premium Audio; Immobilizer Key; Navigation; Power Locks; Power Mirrors; Power Steering; Power Windows; Backup Camera,"2012 Honda City Aspire (foreign used), a well-priced sedan well suited to daily commuting and city driving — a good fit for urban professionals. Comes with ABS.",
Passo,Toyota,2007,50500,150000,Gasoline,Automatic,Hatchback,foreign_used,5,Gray,ABS; Air Bags; Premium Audio; Immobilizer Key; Keyless Entry; Navigation; Power Locks; Power Mirrors; Power Steering; Power Windows; Backup Camera,"2007 Toyota Passo (foreign used), a budget-friendly hatchback well suited to quick city runs and easy parking — a good fit for budget-conscious buyers. Comes with ABS.",
Ek Wagon,Mitsubishi,2019,237000,130000,Gasoline,Automatic,Wagon,local_used,5,Gray,ABS; Air Bags; Premium Audio; Heated Seats; Navigation; Power Locks; Power Mirrors; Power Steering; Power Windows,"2019 Mitsubishi Ek Wagon (locally used), a well-priced wagon well suited to family trips with plenty of cargo room — a good fit for family-oriented drivers. Comes with ABS.",
Corolla GLI,Toyota,2011,89000,200000,Gasoline,Manual,Sedan,local_used,5,Gray,ABS; Air Bags; Premium Audio; Navigation; Power Locks; Power Mirrors; Power Steering; Power Windows; Backup Camera,"2011 Toyota Corolla GLI (locally used), a budget-friendly sedan well suited to daily commuting and city driving — a good fit for urban professionals. Comes with ABS.",
Corrolla Altis,Toyota,2006,136000,100000,Gasoline,Manual,Sedan,local_used,5,Black,ABS; Air Bags; Heated Seats; Keyless Entry; Navigation; Power Locks; Power Mirrors; Power Steering; Power Windows; Backup Camera,"2006 Toyota Corrolla Altis (locally used), a well-priced sedan well suited to daily commuting and city driving — a good fit for urban professionals. Comes with ABS.",
Move,Daihatsu,2011,84000,99000,Gasoline,Automatic,Hatchback,foreign_used,5,Black,ABS; Air Bags; Heated Seats; Immobilizer Key; Keyless Entry; Navigation; Power Locks; Power Mirrors; Power Steering; Power Windows; Backup Camera,"2011 Daihatsu Move (foreign used), a well-priced hatchback well suited to quick city runs and easy parking — a good fit for budget-conscious buyers. Comes with ABS.",
Corolla XLI,Toyota,2012,140500,89000,Gasoline,Manual,Sedan,foreign_used,5,Blue,Premium Audio; Backup Camera; Keyless Entry; Navigation; Power Mirrors; Power Steering; Power Windows,"2012 Toyota Corolla XLI (foreign used), a well-priced sedan well suited to daily commuting and city driving — a good fit for urban professionals. Comes with premium audio.",
Every,Suzuki,2010,248500,130000,Gasoline,Automatic,Wagon,foreign_used,5,Blue,ABS; Air Bags; Premium Audio; Heated Seats; Power Locks; Power Mirrors; Power Steering; Power Windows; Backup Camera,"2010 Suzuki Every (foreign used), a well-priced wagon well suited to family trips with plenty of cargo room — a good fit for family-oriented drivers. Comes with ABS.",
City IDSI,Honda,2007,101500,143000,Gasoline,Manual,Sedan,foreign_used,5,Blue,ABS; Premium Audio; Heated Seats; Immobilizer Key; Keyless Entry; Power Locks; Power Mirrors; Power Steering; Power Windows; Backup Camera,"2007 Honda City IDSI (foreign used), a budget-friendly sedan well suited to daily commuting and city driving — a good fit for urban professionals. Comes with ABS.",
City IVTEC,Honda,2007,121000,170000,Gasoline,Manual,Sedan,local_used,5,Red,ABS; Premium Audio; Immobilizer Key; Keyless Entry; Navigation; Power Locks; Power Mirrors; Power Steering; Power Windows,"2007 Honda City IVTEC (locally used), a well-priced sedan well suited to daily commuting and city driving — a good fit for urban professionals. Comes with ABS.",
Cuore,Daihatsu,2010,57500,164000,Gasoline,Manual,Hatchback,foreign_used,5,Silver,Premium Audio; Keyless Entry; Power Locks; Power Steering; Backup Camera,"2010 Daihatsu Cuore (foreign used), a budget-friendly hatchback well suited to quick city runs and easy parking — a good fit for budget-conscious buyers. Comes with premium audio.",
Alto,Suzuki,2012,70500,83000,Gasoline,Automatic,Hatchback,foreign_used,5,Silver,ABS; Air Bags; Premium Audio; Heated Seats; Immobilizer Key; Keyless Entry; Power Locks; Power Mirrors; Power Steering; Power Windows,"2012 Suzuki Alto (foreign used), a well-priced hatchback well suited to quick city runs and easy parking — a good fit for budget-conscious buyers. Comes with ABS.",
Baleno,Suzuki,2005,82000,10000,Gasoline,Manual,Hatchback,foreign_used,5,Blue,ABS; Premium Audio; Navigation; Power Locks; Power Mirrors; Power Steering; Power Windows; Backup Camera,"2005 Suzuki Baleno (foreign used), a well-priced hatchback well suited to quick city runs and easy parking — a good fit for budget-conscious buyers. Comes with ABS.",
Move,Daihatsu,2012,69000,108000,Gasoline,Automatic,Hatchback,foreign_used,5,Gray,ABS; Air Bags; Premium Audio; Heated Seats; Immobilizer Key; Keyless Entry; Power Locks; Power Mirrors; Power Steering; Power Windows; Backup Camera,"2012 Daihatsu Move (foreign used), a well-priced hatchback well suited to quick city runs and easy parking — a good fit for budget-conscious buyers. Comes with ABS.",
Wagon R,Suzuki,2020,83500,96000,Gasoline,Manual,Hatchback,foreign_used,5,Gray,Premium Audio; Immobilizer Key; Keyless Entry; Navigation; Power Locks; Power Steering; Power Windows,"2020 Suzuki Wagon R (foreign used), a well-priced hatchback well suited to quick city runs and easy parking — a good fit for budget-conscious buyers. Comes with premium audio.",
Civic Prosmetic,Honda,2002,96000,150000,Gasoline,Automatic,Sedan,foreign_used,5,Blue,ABS; Air Bags; Premium Audio; Keyless Entry; Power Locks; Power Mirrors; Power Steering; Power Windows,"2002 Honda Civic Prosmetic (foreign used), a budget-friendly sedan well suited to daily commuting and city driving — a good fit for urban professionals. Comes with ABS.",
Santro,Hyundai,2007,64500,150000,Gasoline,Manual,Hatchback,foreign_used,5,Red,ABS; Air Bags; Premium Audio; Backup Camera; Immobilizer Key; Keyless Entry; Power Steering,"2007 Hyundai Santro (foreign used), a well-priced hatchback well suited to quick city runs and easy parking — a good fit for budget-conscious buyers. Comes with ABS.",
Ek Wagon,Mitsubishi,2006,223000,100000,Gasoline,Automatic,Wagon,local_used,5,Black,ABS; Air Bags; Premium Audio; Heated Seats; Keyless Entry; Navigation; Power Locks; Power Mirrors; Power Steering; Power Windows; Backup Camera,"2006 Mitsubishi Ek Wagon (locally used), a well-priced wagon well suited to family trips with plenty of cargo room — a good fit for family-oriented drivers. Comes with ABS.",
E Class,Mercedes,2007,144000,201747,Gasoline,Automatic,Sedan,local_used,5,Black,ABS; Air Bags; Premium Audio; Heated Seats; Immobilizer Key; Power Locks; Power Mirrors; Power Steering; Power Windows; Backup Camera,"2007 Mercedes E Class (locally used), a well-priced sedan well suited to daily commuting and city driving — a good fit for urban professionals. Comes with ABS.",
Corolla GLI,Toyota,2004,120000,123456,Gasoline,Manual,Sedan,foreign_used,5,White,ABS; Air Bags; Premium Audio; Backup Camera; Immobilizer Key; Keyless Entry; Power Locks; Power Steering; Power Windows,"2004 Toyota Corolla GLI (foreign used), a well-priced sedan well suited to daily commuting and city driving — a good fit for urban professionals. Comes with ABS.",
Passo,Toyota,2011,74000,126000,Gasoline,Automatic,Hatchback,foreign_used,5,Silver,ABS; Air Bags; Premium Audio; Heated Seats; Immobilizer Key; Keyless Entry; Power Locks; Power Mirrors; Power Steering; Power Windows; Backup Camera,"2011 Toyota Passo (foreign used), a well-priced hatchback well suited to quick city runs and easy parking — a good fit for budget-conscious buyers. Comes with ABS.",
Altis Grande,Toyota,2010,128000,112000,Gasoline,Automatic,Sedan,foreign_used,5,White,ABS; Air Bags; Premium Audio; Power Locks; Power Mirrors; Power Steering; Power Windows; Backup Camera,"2010 Toyota Altis Grande (foreign used), a well-priced sedan well suited to daily commuting and city driving — a good fit for urban professionals. Comes with ABS.",
Terios Kid,Daihatsu,2008,198000,88000,Gasoline,Automatic,SUV,foreign_used,7,Silver,ABS; Air Bags; Premium Audio; Backup Camera; Keyless Entry; Navigation; Power Locks; Power Mirrors; Power Steering; Power Windows,"2008 Daihatsu Terios Kid (foreign used), a well-priced suv well suited to family trips and weekend getaways — a good fit for family-oriented drivers. Comes with ABS.",
Karvaan,Changan,2023,336500,11000,Gasoline,Manual,Wagon,foreign_used,5,Silver,Air Bags; Premium Audio; Power Locks; Power Mirrors; Power Steering; Power Windows; Backup Camera,"2023 Changan Karvaan (foreign used), a well-priced wagon well suited to family trips with plenty of cargo room — a good fit for family-oriented drivers. Comes with air bags.",
Baleno,Suzuki,2022,77000,125000,Gasoline,Automatic,Hatchback,foreign_used,5,Black,ABS; Air Bags; Premium Audio; Navigation; Power Locks; Power Mirrors; Power Steering; Power Windows; Backup Camera,"2022 Suzuki Baleno (foreign used), a well-priced hatchback well suited to quick city runs and easy parking — a good fit for budget-conscious buyers. Comes with ABS.",
Corolla XLI,Toyota,2009,97500,250000,Gasoline,Manual,Sedan,foreign_used,5,Silver,Premium Audio; Keyless Entry; Power Locks; Power Mirrors; Power Steering; Power Windows; Backup Camera,"2009 Toyota Corolla XLI (foreign used), a budget-friendly sedan well suited to daily commuting and city driving — a good fit for urban professionals. Comes with premium audio.",
Santro,Hyundai,2004,42000,200000,Gasoline,Manual,Hatchback,foreign_used,5,White,Premium Audio; Backup Camera; Immobilizer Key; Power Locks; Power Steering; Power Windows,"2004 Hyundai Santro (foreign used), a budget-friendly hatchback well suited to quick city runs and easy parking — a good fit for budget-conscious buyers. Comes with premium audio.",
Corrolla Altis,Toyota,2003,98500,170000,Gasoline,Manual,Sedan,foreign_used,5,White,ABS; Air Bags; Premium Audio; Power Locks; Power Mirrors; Power Steering; Power Windows,"2003 Toyota Corrolla Altis (foreign used), a budget-friendly sedan well suited to daily commuting and city driving — a good fit for urban professionals. Comes with ABS.",
Every,Suzuki,2013,271000,99885,Gasoline,Automatic,Wagon,foreign_used,5,Blue,ABS; Air Bags; Premium Audio; Keyless Entry; Power Locks; Power Mirrors; Power Steering; Power Windows; Backup Camera,"2013 Suzuki Every (foreign used), a well-priced wagon well suited to family trips with plenty of cargo room — a good fit for family-oriented drivers. Comes with ABS.",
Every,Suzuki,2021,286500,63000,Gasoline,Automatic,Wagon,local_used,5,Black,Air Bags; Premium Audio; Immobilizer Key; Keyless Entry; Navigation; Power Locks; Power Mirrors; Power Steering; Power Windows,"2021 Suzuki Every (locally used), a well-priced wagon well suited to family trips with plenty of cargo room — a good fit for family-oriented drivers. Comes with air bags.",
Terios Kid,Daihatsu,2007,149500,186000,Gasoline,Automatic,SUV,local_used,7,White,ABS; Air Bags; Premium Audio; Power Locks; Power Mirrors; Power Steering; Power Windows,"2007 Daihatsu Terios Kid (locally used), a budget-friendly suv well suited to family trips and weekend getaways — a good fit for family-oriented drivers. Comes with ABS.",
E Class,Mercedes,2002,185500,80000,Gasoline,Automatic,Sedan,foreign_used,5,Silver,ABS; Air Bags; Premium Audio; Heated Seats; Power Mirrors; Power Steering; Power Windows; Backup Camera,"2002 Mercedes E Class (foreign used), a well-priced sedan well suited to daily commuting and city driving — a good fit for urban professionals. Comes with ABS.",
Mira,Daihatsu,2009,73500,136000,Gasoline,Automatic,Hatchback,local_used,5,Gray,ABS; Air Bags; Premium Audio; Immobilizer Key; Keyless Entry; Navigation; Power Locks; Power Mirrors; Power Steering; Power Windows; Backup Camera,"2009 Daihatsu Mira (locally used), a well-priced hatchback well suited to quick city runs and easy parking — a good fit for budget-conscious buyers. Comes with ABS.",
Civic Prosmetic,Honda,2004,89500,200000,Gasoline,Automatic,Sedan,foreign_used,5,White,ABS; Heated Seats; Immobilizer Key; Navigation; Power Locks; Power Mirrors; Power Steering; Power Windows; Backup Camera,"2004 Honda Civic Prosmetic (foreign used), a budget-friendly sedan well suited to daily commuting and city driving — a good fit for urban professionals. Comes with ABS.",
Swift,Suzuki,2009,80500,90000,Gasoline,Automatic,Hatchback,local_used,5,Silver,ABS; Air Bags; Premium Audio; Immobilizer Key; Keyless Entry; Power Locks; Power Mirrors; Power Steering; Power Windows,"2009 Suzuki Swift (locally used), a well-priced hatchback well suited to quick city runs and easy parking — a good fit for budget-conscious buyers. Comes with ABS.",
Mehran VXR,Suzuki,2007,66000,120000,Gasoline,Manual,Hatchback,local_used,5,White,Air Bags; Premium Audio; Power Locks; Power Steering,"2007 Suzuki Mehran VXR (locally used), a well-priced hatchback well suited to quick city runs and easy parking — a good fit for budget-conscious buyers. Comes with air bags.",
Passo,Toyota,2015,79500,49000,Gasoline,Automatic,Hatchback,foreign_used,5,White,ABS; Air Bags; Premium Audio; Backup Camera; Navigation; Power Locks; Power Mirrors; Power Steering; Power Windows,"2015 Toyota Passo (foreign used), a well-priced hatchback well suited to quick city runs and easy parking — a good fit for budget-conscious buyers. Comes with ABS.",
Santro,Hyundai,2005,78000,50000,Gasoline,Manual,Hatchback,foreign_used,5,Silver,ABS; Premium Audio; Keyless Entry; Navigation; Power Locks; Power Mirrors; Power Steering; Power Windows; Backup Camera,"2005 Hyundai Santro (foreign used), a well-priced hatchback well suited to quick city runs and easy parking — a good fit for budget-conscious buyers. Comes with ABS.",
Move,Daihatsu,2009,84500,86200,Gasoline,Automatic,Hatchback,foreign_used,5,Silver,ABS; Air Bags; Premium Audio; Keyless Entry; Power Locks; Power Mirrors; Power Steering; Power Windows; Backup Camera,"2009 Daihatsu Move (foreign used), a well-priced hatchback well suited to quick city runs and easy parking — a good fit for budget-conscious buyers. Comes with ABS.",
Corolla GLI,Toyota,2020,180500,91500,Gasoline,Manual,Sedan,foreign_used,5,Silver,ABS; Air Bags; Premium Audio; Immobilizer Key; Keyless Entry; Navigation; Power Locks; Power Mirrors; Power Steering; Power Windows,"2020 Toyota Corolla GLI (foreign used), a well-priced sedan well suited to daily commuting and city driving — a good fit for urban professionals. Comes with ABS.",
Civic Oriel,Honda,2004,91000,245804,Gasoline,Manual,Sedan,foreign_used,5,Gray,ABS; Premium Audio; Immobilizer Key; Navigation; Power Locks; Power Mirrors; Power Steering; Power Windows; Backup Camera,"2004 Honda Civic Oriel (foreign used), a budget-friendly sedan well suited to daily commuting and city driving — a good fit for urban professionals. Comes with ABS.",
Santro,Hyundai,2009,73500,130000,Gasoline,Manual,Hatchback,foreign_used,5,Yellow,Air Bags; Premium Audio; Immobilizer Key; Power Locks; Power Steering; Power Windows; Backup Camera,"2009 Hyundai Santro (foreign used), a well-priced hatchback well suited to quick city runs and easy parking — a good fit for budget-conscious buyers. Comes with air bags.",
Hijet,Daihatsu,2012,233500,94000,Gasoline,Automatic,Truck,foreign_used,2,Silver,ABS; Air Bags; Premium Audio; Immobilizer Key; Navigation; Power Locks; Power Mirrors; Power Steering; Power Windows; Backup Camera,"2012 Daihatsu Hijet (foreign used), a well-priced truck well suited to hauling and rough roads — a good fit for adventure seekers. Comes with ABS.",
Corrolla Altis,Toyota,2011,95500,200000,Gasoline,Manual,Sedan,local_used,5,Black,ABS; Air Bags; Premium Audio; Immobilizer Key; Navigation; Power Locks; Power Mirrors; Power Steering; Power Windows; Backup Camera,"2011 Toyota Corrolla Altis (locally used), a budget-friendly sedan well suited to daily commuting and city driving — a good fit for urban professionals. Comes with ABS.",
Every,Suzuki,2014,299000,59000,Gasoline,Automatic,Wagon,local_used,5,Blue,ABS; Air Bags; Premium Audio; Immobilizer Key; Keyless Entry; Navigation; Power Locks; Power Mirrors; Power Steering; Power Windows; Backup Camera,"2014 Suzuki Every (locally used), a well-priced wagon well suited to family trips with plenty of cargo room — a good fit for family-oriented drivers. Comes with ABS.",
Minicab Bravo,Mitsubishi,2012,300500,15000,Gasoline,Automatic,Truck,foreign_used,2,Black,ABS; Air Bags; Premium Audio; Immobilizer Key; Navigation; Power Locks; Power Mirrors; Power Steering; Power Windows; Backup Camera,"2012 Mitsubishi Minicab Bravo (foreign used), a well-priced truck well suited to hauling and rough roads — a good fit for adventure seekers. Comes with ABS.",
Hijet,Daihatsu,2015,294500,97000,Gasoline,Automatic,Truck,foreign_used,2,Black,ABS; Air Bags; Premium Audio; Immobilizer Key; Navigation; Power Locks; Power Mirrors; Power Steering; Power Windows; Backup Camera,"2015 Daihatsu Hijet (foreign used), a well-priced truck well suited to hauling and rough roads — a good fit for adventure seekers. Comes with ABS.",
Corolla XLI,Toyota,2017,203500,57000,Gasoline,Manual,Sedan,foreign_used,5,White,Air Bags; Premium Audio; Heated Seats; Immobilizer Key; Keyless Entry; Navigation; Power Locks; Power Mirrors; Power Steering; Power Windows; Backup Camera,"2017 Toyota Corolla XLI (foreign used), a premium sedan well suited to daily commuting and city driving — a good fit for urban professionals. Comes with air bags.",
Civic EXi,Honda,2004,79000,266000,Gasoline,Automatic,Sedan,foreign_used,5,White,Premium Audio; Backup Camera; Immobilizer Key; Keyless Entry; Power Locks; Power Mirrors; Power Steering; Power Windows,"2004 Honda Civic EXi (foreign used), a budget-friendly sedan well suited to daily commuting and city driving — a good fit for urban professionals. Comes with premium audio.",
Ek Wagon,Mitsubishi,2012,240000,85000,Gasoline,Automatic,Wagon,local_used,5,Yellow,ABS; Air Bags; Premium Audio; Backup Camera; Immobilizer Key; Keyless Entry; Navigation; Power Mirrors; Power Steering; Power Windows,"2012 Mitsubishi Ek Wagon (locally used), a well-priced wagon well suited to family trips with plenty of cargo room — a good fit for family-oriented drivers. Comes with ABS.",
Ek Wagon,Mitsubishi,2017,323500,69000,Gasoline,Automatic,Wagon,foreign_used,5,Blue,ABS; Air Bags; Premium Audio; Immobilizer Key; Power Locks; Power Mirrors; Power Steering; Power Windows,"2017 Mitsubishi Ek Wagon (foreign used), a well-priced wagon well suited to family trips with plenty of cargo room — a good fit for family-oriented drivers. Comes with ABS.",
Hijet,Daihatsu,2007,221500,80000,Gasoline,Automatic,Truck,foreign_used,2,Gray,ABS; Air Bags; Premium Audio; Navigation; Power Locks; Power Mirrors; Power Steering; Power Windows,"2007 Daihatsu Hijet (foreign used), a well-priced truck well suited to hauling and rough roads — a good fit for adventure seekers. Comes with ABS.",
V2,FAW,2019,114000,30500,Gasoline,Manual,Hatchback,foreign_used,5,Black,ABS; Air Bags; Premium Audio; Backup Camera; Immobilizer Key; Navigation; Power Locks; Power Mirrors; Power Steering; Power Windows,"2019 FAW V2 (foreign used), a premium hatchback well suited to quick city runs and easy parking — a good fit for budget-conscious buyers. Comes with ABS.",
Terios Kid,Daihatsu,2003,128500,190000,Gasoline,Automatic,SUV,foreign_used,7,White,ABS; Air Bags; Premium Audio; Heated Seats; Navigation; Power Locks; Power Mirrors; Power Steering; Power Windows; Backup Camera,"2003 Daihatsu Terios Kid (foreign used), a budget-friendly suv well suited to family trips and weekend getaways — a good fit for family-oriented drivers. Comes with ABS.",
Ek Wagon,Mitsubishi,2013,294000,65000,Gasoline,Automatic,Wagon,foreign_used,5,White,ABS; Air Bags; Immobilizer Key; Keyless Entry; Navigation; Power Locks; Power Mirrors; Power Steering; Power Windows; Backup Camera,"2013 Mitsubishi Ek Wagon (foreign used), a well-priced wagon well suited to family trips with plenty of cargo room — a good fit for family-oriented drivers. Comes with ABS.",
Hijet,Daihatsu,2017,280500,42000,Gasoline,Automatic,Truck,local_used,2,Black,ABS; Air Bags; Premium Audio; Heated Seats; Backup Camera; Power Locks; Power Steering,"2017 Daihatsu Hijet (locally used), a well-priced truck well suited to hauling and rough roads — a good fit for adventure seekers. Comes with ABS.",
Santro,Hyundai,2014,71500,148000,Gasoline,Manual,Hatchback,foreign_used,5,Silver,Premium Audio; Keyless Entry; Power Locks; Power Steering; Power Windows; Backup Camera,"2014 Hyundai Santro (foreign used), a well-priced hatchback well suited to quick city runs and easy parking — a good fit for budget-conscious buyers. Comes with premium audio.",
Santro,Hyundai,2006,71000,75500,Gasoline,Manual,Hatchback,foreign_used,5,Gray,Premium Audio; Immobilizer Key; Keyless Entry; Navigation; Power Locks; Power Steering,"2006 Hyundai Santro (foreign used), a well-priced hatchback well suited to quick city runs and easy parking — a good fit for budget-conscious buyers. Comes with premium audio.",
Santro,Hyundai,2002,72500,45086,Gasoline,Manual,Hatchback,foreign_used,5,Gray,Air Bags; Premium Audio; Power Locks; Power Mirrors; Power Steering; Power Windows,"2002 Hyundai Santro (foreign used), a well-priced hatchback well suited to quick city runs and easy parking — a good fit for budget-conscious buyers. Comes with air bags.",
Bolan,Suzuki,2007,155000,185000,Gasoline,Manual,Wagon,local_used,5,Black,Premium Audio; Immobilizer Key; Navigation; Power Locks; Power Mirrors,"2007 Suzuki Bolan (locally used), a budget-friendly wagon well suited to family trips with plenty of cargo room — a good fit for family-oriented drivers. Comes with premium audio.",
Cultus VXR,Suzuki,2018,101000,63000,Gasoline,Manual,Hatchback,local_used,5,Red,ABS; Premium Audio; Power Locks; Power Mirrors; Power Steering; Power Windows; Backup Camera,"2018 Suzuki Cultus VXR (locally used), a well-priced hatchback well suited to quick city runs and easy parking — a good fit for budget-conscious buyers. Comes with ABS.",
Minica,Mitsubishi,2014,76000,150000,Gasoline,Automatic,Hatchback,foreign_used,5,Gray,ABS; Air Bags; Premium Audio; Immobilizer Key; Navigation; Power Locks; Power Steering; Backup Camera,"2014 Mitsubishi Minica (foreign used), a well-priced hatchback well suited to quick city runs and easy parking — a good fit for budget-conscious buyers. Comes with ABS.",
Corolla GLI,Toyota,2002,108500,99999,Gasoline,Manual,Sedan,foreign_used,5,Silver,ABS; Premium Audio; Immobilizer Key; Keyless Entry; Navigation; Power Locks; Power Mirrors; Power Steering; Power Windows,"2002 Toyota Corolla GLI (foreign used), a well-priced sedan well suited to daily commuting and city driving — a good fit for urban professionals. Comes with ABS.",
Civic Oriel,Honda,2019,148000,100000,Gasoline,Automatic,Sedan,foreign_used,5,Silver,ABS; Air Bags; Premium Audio; Backup Camera; Immobilizer Key; Keyless Entry; Power Locks; Power Mirrors; Power Steering; Power Windows,"2019 Honda Civic Oriel (foreign used), a well-priced sedan well suited to daily commuting and city driving — a good fit for urban professionals. Comes with ABS.",
Minica,Mitsubishi,2007,55500,120000,Gasoline,Automatic,Hatchback,foreign_used,5,Black,Air Bags; Premium Audio; Immobilizer Key; Keyless Entry; Navigation; Power Locks; Power Steering; Backup Camera,"2007 Mitsubishi Minica (foreign used), a budget-friendly hatchback well suited to quick city runs and easy parking — a good fit for budget-conscious buyers. Comes with air bags.",
Civic Oriel,Honda,2001,120500,100000,Gasoline,Manual,Sedan,local_used,5,Black,ABS; Air Bags; Premium Audio; Immobilizer Key; Power Locks; Power Mirrors; Power Steering; Power Windows; Backup Camera,"2001 Honda Civic Oriel (locally used), a well-priced sedan well suited to daily commuting and city driving — a good fit for urban professionals. Comes with ABS.",
E Class,Mercedes,2001,127000,270000,Gasoline,Automatic,Sedan,foreign_used,5,Black,ABS; Air Bags; Premium Audio; Immobilizer Key; Navigation; Power Locks; Power Mirrors; Power Steering; Power Windows; Backup Camera,"2001 Mercedes E Class (foreign used), a well-priced sedan well suited to daily commuting and city driving — a good fit for urban professionals. Comes with ABS.",
Baleno,Suzuki,2003,61000,114000,Gasoline,Manual,Hatchback,foreign_used,5,Gray,Premium Audio; Heated Seats; Immobilizer Key; Power Locks; Power Mirrors; Power Steering; Power Windows,"2003 Suzuki Baleno (foreign used), a well-priced hatchback well suited to quick city runs and easy parking — a good fit for budget-conscious buyers. Comes with premium audio.",
Corolla XLI,Toyota,2005,109500,123456,Gasoline,Manual,Sedan,foreign_used,5,White,Premium Audio; Power Locks; Power Mirrors; Power Steering; Power Windows; Backup Camera,"2005 Toyota Corolla XLI (foreign used), a well-priced sedan well suited to daily commuting and city driving — a good fit for urban professionals. Comes with premium audio.",
City IVTEC,Honda,2023,168000,112076,Gasoline,Manual,Sedan,foreign_used,5,White,Air Bags; Premium Audio; Backup Camera; Power Locks; Power Steering; Power Windows,"2023 Honda City IVTEC (foreign used), a well-priced sedan well suited to daily commuting and city driving — a good fit for urban professionals. Comes with air bags.",
Corolla GLI,Toyota,2006,115500,150000,Gasoline,Manual,Sedan,foreign_used,5,White,ABS; Air Bags; Premium Audio; Power Locks; Power Steering; Power Windows; Backup Camera,"2006 Toyota Corolla GLI (foreign used), a well-priced sedan well suited to daily commuting and city driving — a good fit for urban professionals. Comes with ABS.",
Every Wagon,Suzuki,2018,309000,62000,Gasoline,Automatic,Wagon,local_used,5,White,ABS; Air Bags; Premium Audio; Navigation; Power Locks; Power Mirrors; Power Steering; Power Windows; Backup Camera,"2018 Suzuki Every Wagon (locally used), a well-priced wagon well suited to family trips with plenty of cargo room — a good fit for family-oriented drivers. Comes with ABS.",
V2,FAW,2016,86500,129480,Gasoline,Manual,Hatchback,foreign_used,5,Blue,ABS; Air Bags; Premium Audio; Power Locks; Power Mirrors; Power Steering; Power Windows; Backup Camera,"2016 FAW V2 (foreign used), a well-priced hatchback well suited to quick city runs and easy parking — a good fit for budget-conscious buyers. Comes with ABS.",
Civic Prosmetic,Honda,2001,86000,160000,Gasoline,Automatic,Sedan,foreign_used,5,Gray,ABS; Premium Audio; Keyless Entry; Navigation; Power Locks; Power Mirrors; Power Steering; Power Windows,"2001 Honda Civic Prosmetic (foreign used), a budget-friendly sedan well suited to daily commuting and city driving — a good fit for urban professionals. Comes with ABS.",
Corrolla Altis,Toyota,2004,101500,182000,Gasoline,Manual,Sedan,foreign_used,5,Silver,ABS; Air Bags; Premium Audio; Keyless Entry; Navigation; Power Locks; Power Mirrors; Power Steering; Power Windows; Backup Camera,"2004 Toyota Corrolla Altis (foreign used), a budget-friendly sedan well suited to daily commuting and city driving — a good fit for urban professionals. Comes with ABS.",
City Aspire,Honda,2003,86500,196500,Gasoline,Manual,Sedan,foreign_used,5,White,Premium Audio; Backup Camera; Power Locks; Power Steering; Power Windows,"2003 Honda City Aspire (foreign used), a budget-friendly sedan well suited to daily commuting and city driving — a good fit for urban professionals. Comes with premium audio.",
Alto,Suzuki,2004,65500,85000,Gasoline,Manual,Hatchback,foreign_used,5,Silver,Air Bags; Premium Audio; Heated Seats; Backup Camera; Power Locks,"2004 Suzuki Alto (foreign used), a well-priced hatchback well suited to quick city runs and easy parking — a good fit for budget-conscious buyers. Comes with air bags.",
Mira,Daihatsu,2006,71500,100000,Gasoline,Automatic,Hatchback,foreign_used,5,Silver,ABS; Air Bags; Premium Audio; Keyless Entry; Navigation; Power Locks; Power Mirrors; Power Steering; Power Windows; Backup Camera,"2006 Daihatsu Mira (foreign used), a well-priced hatchback well suited to quick city runs and easy parking — a good fit for budget-conscious buyers. Comes with ABS.",
Spectra,KIA,2005,179500,160000,Gasoline,Manual,Sedan,local_used,5,White,Air Bags; Premium Audio; Power Locks; Power Mirrors; Power Steering; Power Windows; Backup Camera,"2005 KIA Spectra (locally used), a well-priced sedan well suited to daily commuting and city driving — a good fit for urban professionals. Comes with air bags.",
Hijet,Daihatsu,2010,279500,95000,Gasoline,Automatic,Truck,foreign_used,2,Black,ABS; Air Bags; Premium Audio; Heated Seats; Power Locks; Power Mirrors; Power Steering; Power Windows; Backup Camera,"2010 Daihatsu Hijet (foreign used), a well-priced truck well suited to hauling and rough roads — a good fit for adventure seekers. Comes with ABS.",
Lancer,Mitsubishi,2009,82500,296000,Gasoline,Manual,Sedan,foreign_used,5,Black,ABS; Air Bags; Premium Audio; Power Locks; Power Mirrors; Power Steering; Power Windows; Backup Camera,"2009 Mitsubishi Lancer (foreign used), a budget-friendly sedan well suited to daily commuting and city driving — a good fit for urban professionals. Comes with ABS.",
Cultus VXR,Suzuki,2015,87000,20000,Gasoline,Manual,Hatchback,foreign_used,5,Silver,Premium Audio; Keyless Entry; Power Locks; Power Steering,"2015 Suzuki Cultus VXR (foreign used), a well-priced hatchback well suited to quick city runs and easy parking — a good fit for budget-conscious buyers. Comes with premium audio.",
Joy,Chevrolet,2006,91500,1234,Gasoline,Manual,Hatchback,foreign_used,5,Silver,ABS; Air Bags; Premium Audio; Immobilizer Key; Power Locks; Power Steering; Power Windows,"2006 Chevrolet Joy (foreign used), a well-priced hatchback well suited to quick city runs and easy parking — a good fit for budget-conscious buyers. Comes with ABS.",
Karvaan,Changan,2022,389500,2400,Gasoline,Manual,Wagon,local_used,5,White,Air Bags; Premium Audio; Navigation; Power Locks; Power Mirrors; Power Steering; Power Windows; Backup Camera,"2022 Changan Karvaan (locally used), a well-priced wagon well suited to family trips with plenty of cargo room — a good fit for family-oriented drivers. Comes with air bags.",
Corrolla Altis,Toyota,2007,123000,103588,Gasoline,Automatic,Sedan,local_used,5,Black,ABS; Air Bags; Premium Audio; Immobilizer Key; Power Locks; Power Mirrors; Power Steering; Power Windows; Backup Camera,"2007 Toyota Corrolla Altis (locally used), a well-priced sedan well suited to daily commuting and city driving — a good fit for urban professionals. Comes with ABS.",
Alto,Suzuki,2005,41500,198500,Gasoline,Automatic,Hatchback,foreign_used,5,Silver,ABS; Air Bags; Premium Audio; Heated Seats; Power Locks; Power Steering; Power Windows,"2005 Suzuki Alto (foreign used), a budget-friendly hatchback well suited to quick city runs and easy parking — a good fit for budget-conscious buyers. Comes with ABS.",
Corolla XLI,Toyota,2019,170500,43000,Gasoline,Manual,Sedan,foreign_used,5,Silver,ABS; Air Bags; Premium Audio; Power Locks; Power Mirrors; Power Steering; Power Windows; Backup Camera,"2019 Toyota Corolla XLI (foreign used), a well-priced sedan well suited to daily commuting and city driving — a good fit for urban professionals. Comes with ABS.",
Santro,Hyundai,2001,57500,150000,Gasoline,Automatic,Hatchback,foreign_used,5,Blue,Air Bags; Premium Audio; Immobilizer Key; Power Locks; Power Mirrors; Power Steering; Power Windows,"2001 Hyundai Santro (foreign used), a budget-friendly hatchback well suited to quick city runs and easy parking — a good fit for budget-conscious buyers. Comes with air bags.",
Hijet,Daihatsu,2016,236000,113000,Gasoline,Manual,Truck,foreign_used,2,Gray,Air Bags; Premium Audio; Immobilizer Key; Keyless Entry; Navigation; Power Locks; Power Steering; Backup Camera,"2016 Daihatsu Hijet (foreign used), a well-priced truck well suited to hauling and rough roads — a good fit for adventure seekers. Comes with air bags.",
Pajero Mini,Mitsubishi,2011,210500,78000,Gasoline,Automatic,SUV,foreign_used,7,White,Air Bags; Premium Audio; Immobilizer Key; Keyless Entry; Navigation; Power Locks; Power Mirrors; Power Steering; Power Windows; Backup Camera,"2011 Mitsubishi Pajero Mini (foreign used), a well-priced suv well suited to family trips and weekend getaways — a good fit for family-oriented drivers. Comes with air bags.",
Santro,Hyundai,2008,46000,203014,Gasoline,Manual,Hatchback,foreign_used,5,White,Premium Audio; Immobilizer Key; Power Locks; Power Mirrors; Power Steering; Power Windows,"2008 Hyundai Santro (foreign used), a budget-friendly hatchback well suited to quick city runs and easy parking — a good fit for budget-conscious buyers. Comes with premium audio.",
City Vario,Honda,2007,116500,131000,Gasoline,Automatic,Sedan,foreign_used,5,Gray,ABS; Premium Audio; Keyless Entry; Power Locks; Power Mirrors; Power Steering; Power Windows; Backup Camera,"2007 Honda City Vario (foreign used), a well-priced sedan well suited to daily commuting and city driving — a good fit for urban professionals. Comes with ABS.",
Cultus VXR,Suzuki,2022,91000,49000,Gasoline,Manual,Hatchback,foreign_used,5,White,Air Bags; Premium Audio; Immobilizer Key; Power Locks; Power Mirrors; Power Steering; Power Windows,"2022 Suzuki Cultus VXR (foreign used), a well-priced hatchback well suited to quick city runs and easy parking — a good fit for budget-conscious buyers. Comes with air bags.",
City IDSI,Honda,2017,171500,82000,Gasoline,Automatic,Sedan,local_used,5,Silver,ABS; Premium Audio; Keyless Entry; Navigation; Power Locks; Power Mirrors; Power Steering; Power Windows; Backup Camera,"2017 Honda City IDSI (locally used), a well-priced sedan well suited to daily commuting and city driving — a good fit for urban professionals. Comes with ABS.",
Lancer,Mitsubishi,2012,160500,10000,Gasoline,Automatic,Sedan,foreign_used,5,Red,Air Bags; Premium Audio; Keyless Entry; Power Locks; Power Mirrors; Power Steering; Power Windows,"2012 Mitsubishi Lancer (foreign used), a well-priced sedan well suited to daily commuting and city driving — a good fit for urban professionals. Comes with air bags.",
V2,FAW,2014,67000,181000,Gasoline,Manual,Hatchback,foreign_used,5,Silver,ABS; Air Bags; Premium Audio; Immobilizer Key; Power Locks; Power Mirrors; Power Steering; Power Windows,"2014 FAW V2 (foreign used), a well-priced hatchback well suited to quick city runs and easy parking — a good fit for budget-conscious buyers. Comes with ABS.",
Every,Suzuki,2012,218500,118000,Gasoline,Automatic,Wagon,local_used,5,Black,ABS; Air Bags; Premium Audio; Heated Seats; Backup Camera; Immobilizer Key; Keyless Entry; Navigation; Power Steering,"2012 Suzuki Every (locally used), a well-priced wagon well suited to family trips with plenty of cargo room — a good fit for family-oriented drivers. Comes with ABS.",
Every,Suzuki,2017,262000,120506,Gasoline,Automatic,Wagon,foreign_used,5,Gray,ABS; Air Bags; Premium Audio; Power Locks; Power Mirrors; Power Steering; Power Windows; Backup Camera,"2017 Suzuki Every (foreign used), a well-priced wagon well suited to family trips with plenty of cargo room — a good fit for family-oriented drivers. Comes with ABS.",
Terios Kid,Daihatsu,2016,242500,120000,Gasoline,Automatic,SUV,foreign_used,7,Black,ABS; Air Bags; Premium Audio; Heated Seats; Immobilizer Key; Power Locks; Power Mirrors; Power Steering; Power Windows,"2016 Daihatsu Terios Kid (foreign used), a well-priced suv well suited to family trips and weekend getaways — a good fit for family-oriented drivers. Comes with ABS.",
City Aspire,Honda,2001,149500,15000,Gasoline,Manual,Sedan,foreign_used,5,Silver,Air Bags; Premium Audio; Keyless Entry; Power Locks; Power Mirrors; Power Steering; Power Windows,"2001 Honda City Aspire (foreign used), a well-priced sedan well suited to daily commuting and city driving — a good fit for urban professionals. Comes with air bags.",
Spectra,KIA,2001,238000,1234,Gasoline,Manual,Sedan,foreign_used,5,Red,Premium Audio; Immobilizer Key; Navigation; Power Locks; Power Mirrors; Power Steering; Power Windows,"2001 KIA Spectra (foreign used), a premium sedan well suited to daily commuting and city driving — a good fit for urban professionals. Comes with premium audio. A solid pick for luxury lovers who want a standout badge.",
Every,Suzuki,2023,289000,99500,Gasoline,Manual,Wagon,local_used,5,Black,Air Bags; Premium Audio; Keyless Entry; Power Locks; Power Steering; Power Windows,"2023 Suzuki Every (locally used), a well-priced wagon well suited to family trips with plenty of cargo room — a good fit for family-oriented drivers. Comes with air bags.",
Corolla XLI,Toyota,2004,150000,2456,Gasoline,Manual,Sedan,local_used,5,Yellow,Premium Audio; Immobilizer Key; Keyless Entry; Navigation; Power Mirrors; Power Steering; Backup Camera,"2004 Toyota Corolla XLI (locally used), a well-priced sedan well suited to daily commuting and city driving — a good fit for urban professionals. Comes with premium audio.",
Cultus VXR,Suzuki,2006,66000,125000,Gasoline,Manual,Hatchback,foreign_used,5,Red,Premium Audio; Keyless Entry; Power Locks; Power Mirrors; Power Windows; Backup Camera,"2006 Suzuki Cultus VXR (foreign used), a well-priced hatchback well suited to quick city runs and easy parking — a good fit for budget-conscious buyers. Comes with premium audio.",
City IDSI,Honda,2002,90500,250000,Gasoline,Manual,Sedan,foreign_used,5,White,Premium Audio; Navigation; Power Locks; Power Mirrors; Power Steering; Power Windows; Backup Camera,"2002 Honda City IDSI (foreign used), a budget-friendly sedan well suited to daily commuting and city driving — a good fit for urban professionals. Comes with premium audio.",
Ek Wagon,Mitsubishi,2011,228500,140000,Gasoline,Manual,Wagon,foreign_used,5,White,Air Bags; Premium Audio; Power Locks; Power Mirrors; Power Steering; Power Windows; Backup Camera,"2011 Mitsubishi Ek Wagon (foreign used), a well-priced wagon well suited to family trips with plenty of cargo room — a good fit for family-oriented drivers. Comes with air bags.",
Joy,Chevrolet,2008,89000,12345,Gasoline,Automatic,Hatchback,foreign_used,5,White,ABS; Premium Audio; Keyless Entry; Power Locks; Power Steering; Power Windows,"2008 Chevrolet Joy (foreign used), a well-priced hatchback well suited to quick city runs and easy parking — a good fit for budget-conscious buyers. Comes with ABS.",
Hijet,Daihatsu,2008,314000,1000,Gasoline,Automatic,Truck,foreign_used,2,White,ABS; Air Bags; Premium Audio; Power Steering; Backup Camera,"2008 Daihatsu Hijet (foreign used), a well-priced truck well suited to hauling and rough roads — a good fit for adventure seekers. Comes with ABS.",
Santro,Hyundai,2003,79000,1234,Gasoline,Manual,Hatchback,local_used,5,White,Premium Audio; Keyless Entry; Power Locks; Power Steering,"2003 Hyundai Santro (locally used), a well-priced hatchback well suited to quick city runs and easy parking — a good fit for budget-conscious buyers. Comes with premium audio.",
Hijet,Daihatsu,2014,190500,156000,Gasoline,Manual,Truck,foreign_used,2,Gray,ABS; Air Bags; Premium Audio; Power Locks; Power Steering; Backup Camera,"2014 Daihatsu Hijet (foreign used), a budget-friendly truck well suited to hauling and rough roads — a good fit for adventure seekers. Comes with ABS.",
Every,Suzuki,2019,225500,180000,Gasoline,Automatic,Wagon,local_used,5,White,ABS; Air Bags; Premium Audio; Immobilizer Key; Keyless Entry; Power Locks; Power Mirrors; Power Steering; Power Windows; Backup Camera,"2019 Suzuki Every (locally used), a well-priced wagon well suited to family trips with plenty of cargo room — a good fit for family-oriented drivers. Comes with ABS.",
City IVTEC,Honda,2003,138500,99000,Gasoline,Automatic,Sedan,foreign_used,5,Black,Air Bags; Premium Audio; Immobilizer Key; Power Locks; Power Mirrors; Power Steering; Power Windows,"2003 Honda City IVTEC (foreign used), a well-priced sedan well suited to daily commuting and city driving — a good fit for urban professionals. Comes with air bags.",
Corolla XLI,Toyota,2020,177000,48000,Gasoline,Automatic,Sedan,foreign_used,5,Blue,Air Bags; Premium Audio; Heated Seats; Immobilizer Key; Power Mirrors; Power Steering; Power Windows; Backup Camera,"2020 Toyota Corolla XLI (foreign used), a well-priced sedan well suited to daily commuting and city driving — a good fit for urban professionals. Comes with air bags.",
Pajero Mini,Mitsubishi,2006,247500,12345,Gasoline,Automatic,SUV,foreign_used,7,White,Premium Audio; Power Locks; Power Mirrors; Power Steering; Power Windows; Backup Camera,"2006 Mitsubishi Pajero Mini (foreign used), a well-priced suv well suited to family trips and weekend getaways — a good fit for family-oriented drivers. Comes with premium audio.",
Passo,Toyota,2023,100000,35000,Gasoline,Automatic,Hatchback,local_used,5,Blue,ABS; Air Bags; Premium Audio; Immobilizer Key; Power Locks; Power Mirrors; Power Steering; Power Windows; Backup Camera,"2023 Toyota Passo (locally used), a well-priced hatchback well suited to quick city runs and easy parking — a good fit for budget-conscious buyers. Comes with ABS.",
Classic,KIA,2004,201000,100000,Gasoline,Manual,Sedan,local_used,5,Black,Premium Audio; Immobilizer Key; Keyless Entry; Power Locks; Power Mirrors; Power Windows,"2004 KIA Classic (locally used), a premium sedan well suited to daily commuting and city driving — a good fit for urban professionals. Comes with premium audio. A solid pick for luxury lovers who want a standout badge.",
City IDSI,Honda,2009,95500,179000,Gasoline,Manual,Sedan,local_used,5,White,Premium Audio; Immobilizer Key; Power Locks; Power Mirrors; Power Steering; Power Windows; Backup Camera,"2009 Honda City IDSI (locally used), a budget-friendly sedan well suited to daily commuting and city driving — a good fit for urban professionals. Comes with premium audio.",
Corolla GLI,Toyota,2007,87500,277000,Gasoline,Manual,Sedan,foreign_used,5,Gray,ABS; Premium Audio; Power Mirrors; Power Steering; Power Windows; Backup Camera,"2007 Toyota Corolla GLI (foreign used), a budget-friendly sedan well suited to daily commuting and city driving — a good fit for urban professionals. Comes with ABS.",
V2,FAW,2020,108000,52000,Gasoline,Manual,Hatchback,foreign_used,5,Silver,ABS; Air Bags; Premium Audio; Immobilizer Key; Power Locks; Power Mirrors; Power Steering; Power Windows,"2020 FAW V2 (foreign used), a well-priced hatchback well suited to quick city runs and easy parking — a good fit for budget-conscious buyers. Comes with ABS.",
Bolan,Suzuki,2016,171500,500000,Gasoline,Manual,Wagon,local_used,5,Blue,Premium Audio; Keyless Entry; Navigation,"2016 Suzuki Bolan (locally used), a budget-friendly wagon well suited to family trips with plenty of cargo room — a good fit for family-oriented drivers. Comes with premium audio.",
V2,FAW,2021,111000,37000,Gasoline,Manual,Hatchback,foreign_used,5,Gray,ABS; Air Bags; Premium Audio; Heated Seats; Keyless Entry; Power Locks; Power Mirrors; Power Steering,"2021 FAW V2 (foreign used), a premium hatchback well suited to quick city runs and easy parking — a good fit for budget-conscious buyers. Comes with ABS.",
Cuore,Daihatsu,2007,50000,229321,Gasoline,Manual,Hatchback,foreign_used,5,Blue,Premium Audio; Heated Seats; Backup Camera; Power Steering,"2007 Daihatsu Cuore (foreign used), a budget-friendly hatchback well suited to quick city runs and easy parking — a good fit for budget-conscious buyers. Comes with premium audio.",
Lancer,Mitsubishi,2011,199500,20000,Gasoline,Automatic,Sedan,foreign_used,5,Black,Air Bags; Premium Audio; Keyless Entry; Power Locks; Power Mirrors; Power Steering; Power Windows,"2011 Mitsubishi Lancer (foreign used), a premium sedan well suited to daily commuting and city driving — a good fit for urban professionals. Comes with air bags.",
Lancer,Mitsubishi,2014,121500,150000,Gasoline,Automatic,Sedan,local_used,5,White,ABS; Air Bags; Premium Audio; Heated Seats; Navigation; Power Locks; Power Mirrors; Power Steering; Power Windows,"2014 Mitsubishi Lancer (locally used), a well-priced sedan well suited to daily commuting and city driving — a good fit for urban professionals. Comes with ABS.",
Pajero Mini,Mitsubishi,2005,188500,80000,Gasoline,Automatic,SUV,local_used,7,Gray,Premium Audio; Navigation; Power Locks; Power Mirrors; Power Windows,"2005 Mitsubishi Pajero Mini (locally used), a well-priced suv well suited to family trips and weekend getaways — a good fit for family-oriented drivers. Comes with premium audio.",
Picanto,KIA,2023,167000,8400,Gasoline,Automatic,Hatchback,foreign_used,5,Blue,ABS; Air Bags; Immobilizer Key; Power Locks; Power Mirrors; Power Steering; Power Windows,"2023 KIA Picanto (foreign used), a premium hatchback well suited to quick city runs and easy parking — a good fit for budget-conscious buyers. Comes with ABS. A solid pick for luxury lovers who want a standout badge.",
Mira,Daihatsu,2003,85500,32000,Gasoline,Automatic,Hatchback,local_used,5,Orange,ABS; Air Bags; Premium Audio; Keyless Entry; Power Locks; Power Mirrors; Power Steering; Power Windows; Backup Camera,"2003 Daihatsu Mira (locally used), a well-priced hatchback well suited to quick city runs and easy parking — a good fit for budget-conscious buyers. Comes with ABS.",
Baleno,Suzuki,2002,54500,175000,Gasoline,Manual,Hatchback,local_used,5,Black,ABS; Premium Audio; Immobilizer Key; Power Locks; Power Mirrors; Power Steering; Power Windows,"2002 Suzuki Baleno (locally used), a budget-friendly hatchback well suited to quick city runs and easy parking — a good fit for budget-conscious buyers. Comes with ABS.",
Every,Suzuki,2008,249000,75000,Gasoline,Manual,Wagon,foreign_used,5,Black,Air Bags; Keyless Entry; Power Locks; Power Mirrors; Power Steering; Power Windows; Backup Camera,"2008 Suzuki Every (foreign used), a well-priced wagon well suited to family trips with plenty of cargo room — a good fit for family-oriented drivers. Comes with air bags.",
Alto,Suzuki,2017,106000,48000,Gasoline,Automatic,Hatchback,foreign_used,5,Gray,ABS; Air Bags; Premium Audio; Power Locks; Power Steering; Power Windows; Backup Camera,"2017 Suzuki Alto (foreign used), a well-priced hatchback well suited to quick city runs and easy parking — a good fit for budget-conscious buyers. Comes with ABS.",
Baleno,Suzuki,2001,76500,1111,Gasoline,Manual,Hatchback,local_used,5,Black,ABS; Premium Audio; Power Locks; Power Mirrors; Power Steering; Backup Camera,"2001 Suzuki Baleno (locally used), a well-priced hatchback well suited to quick city runs and easy parking — a good fit for budget-conscious buyers. Comes with ABS.",
Alto,Suzuki,2010,65500,150000,Gasoline,Manual,Hatchback,foreign_used,5,Red,ABS; Air Bags; Premium Audio; Immobilizer Key; Power Locks; Power Steering; Power Windows,"2010 Suzuki Alto (foreign used), a well-priced hatchback well suited to quick city runs and easy parking — a good fit for budget-conscious buyers. Comes with ABS.",
Mehran VXR,Suzuki,2008,65000,80000,Gasoline,Manual,Hatchback,foreign_used,5,Blue,Premium Audio; Keyless Entry; Power Locks,"2008 Suzuki Mehran VXR (foreign used), a well-priced hatchback well suited to quick city runs and easy parking — a good fit for budget-conscious buyers. Comes with premium audio.",
Spectra,KIA,2003,197500,120000,Gasoline,Manual,Sedan,foreign_used,5,Black,Premium Audio; Power Locks; Power Mirrors; Power Steering; Power Windows,"2003 KIA Spectra (foreign used), a premium sedan well suited to daily commuting and city driving — a good fit for urban professionals. Comes with premium audio. A solid pick for luxury lovers who want a standout badge.",
City IDSI,Honda,2001,131000,1234,Gasoline,Automatic,Sedan,local_used,5,Gray,Premium Audio; Keyless Entry; Power Locks; Power Mirrors; Power Steering; Power Windows,"2001 Honda City IDSI (locally used), a well-priced sedan well suited to daily commuting and city driving — a good fit for urban professionals. Comes with premium audio.",
Sportage,KIA,2005,383500,32712,Gasoline,Manual,SUV,local_used,7,Gray,Premium Audio; Power Locks; Power Mirrors; Power Steering; Power Windows,"2005 KIA Sportage (locally used), a premium suv well suited to family trips and weekend getaways — a good fit for family-oriented drivers. Comes with premium audio. A solid pick for luxury lovers who want a standout badge.",
Wagon R,Suzuki,2006,73000,100000,Gasoline,Automatic,Hatchback,local_used,5,White,ABS; Air Bags; Premium Audio; Navigation; Power Locks; Power Mirrors; Power Steering; Power Windows; Backup Camera,"2006 Suzuki Wagon R (locally used), a well-priced hatchback well suited to quick city runs and easy parking — a good fit for budget-conscious buyers. Comes with ABS.",
Every,Suzuki,2006,202500,148803,Gasoline,Manual,Wagon,foreign_used,5,Red,Air Bags; Premium Audio; Power Locks; Power Steering; Power Windows; Backup Camera,"2006 Suzuki Every (foreign used), a budget-friendly wagon well suited to family trips with plenty of cargo room — a good fit for family-oriented drivers. Comes with air bags.",
Corrolla Altis,Toyota,2005,114000,85000,Gasoline,Automatic,Sedan,local_used,5,Silver,ABS; Premium Audio; Immobilizer Key; Power Locks; Power Mirrors; Power Steering; Power Windows,"2005 Toyota Corrolla Altis (locally used), a well-priced sedan well suited to daily commuting and city driving — a good fit for urban professionals. Comes with ABS.",
Exclusive,Chevrolet,2003,67000,50000,Gasoline,Manual,Hatchback,local_used,5,Blue,Premium Audio; Immobilizer Key; Power Locks; Power Mirrors; Power Steering; Power Windows,"2003 Chevrolet Exclusive (locally used), a well-priced hatchback well suited to quick city runs and easy parking — a good fit for budget-conscious buyers. Comes with premium audio.",
Pajero Mini,Mitsubishi,2000,130500,150000,Gasoline,Automatic,SUV,foreign_used,7,Black,ABS; Air Bags; Premium Audio; Keyless Entry; Power Locks; Power Mirrors; Power Steering; Power Windows,"2000 Mitsubishi Pajero Mini (foreign used), a budget-friendly suv well suited to family trips and weekend getaways — a good fit for family-oriented drivers. Comes with ABS.",
Hijet,Daihatsu,2018,280500,83000,Gasoline,Automatic,Truck,local_used,2,Red,ABS; Air Bags; Premium Audio; Immobilizer Key; Power Locks; Power Mirrors; Power Steering; Power Windows; Backup Camera,"2018 Daihatsu Hijet (locally used), a well-priced truck well suited to hauling and rough roads — a good fit for adventure seekers. Comes with ABS.",
City Aspire,Honda,2009,125000,90000,Gasoline,Automatic,Sedan,foreign_used,5,Black,ABS; Premium Audio; Power Locks; Power Mirrors; Power Steering; Power Windows; Backup Camera,"2009 Honda City Aspire (foreign used), a well-priced sedan well suited to daily commuting and city driving — a good fit for urban professionals. Comes with ABS.",
Alto,Suzuki,2016,103000,63000,Gasoline,Automatic,Hatchback,foreign_used,5,White,ABS; Air Bags; Premium Audio; Heated Seats; Keyless Entry; Power Locks; Power Steering; Power Windows; Backup Camera,"2016 Suzuki Alto (foreign used), a well-priced hatchback well suited to quick city runs and easy parking — a good fit for budget-conscious buyers. Comes with ABS.",
Alto,Suzuki,2006,68500,98000,Gasoline,Manual,Hatchback,foreign_used,5,Red,ABS; Premium Audio; Keyless Entry; Power Locks; Power Steering; Power Windows,"2006 Suzuki Alto (foreign used), a well-priced hatchback well suited to quick city runs and easy parking — a good fit for budget-conscious buyers. Comes with ABS.",
Cultus VXR,Suzuki,2019,97000,34000,Gasoline,Manual,Hatchback,foreign_used,5,White,Premium Audio; Immobilizer Key; Keyless Entry; Power Locks; Power Steering; Power Windows,"2019 Suzuki Cultus VXR (foreign used), a well-priced hatchback well suited to quick city runs and easy parking — a good fit for budget-conscious buyers. Comes with premium audio.",
Corolla GLI,Toyota,2021,190500,53000,Gasoline,Automatic,Sedan,foreign_used,5,Black,ABS; Air Bags; Premium Audio; Power Locks; Power Mirrors; Power Steering; Power Windows,"2021 Toyota Corolla GLI (foreign used), a well-priced sedan well suited to daily commuting and city driving — a good fit for urban professionals. Comes with ABS.",
Cultus VXR,Suzuki,2005,71000,65000,Gasoline,Manual,Hatchback,foreign_used,5,Red,Premium Audio; Power Steering,"2005 Suzuki Cultus VXR (foreign used), a well-priced hatchback well suited to quick city runs and easy parking — a good fit for budget-conscious buyers. Comes with premium audio.",
Mira,Daihatsu,2004,61500,125000,Gasoline,Automatic,Hatchback,foreign_used,5,Red,Air Bags; Premium Audio; Keyless Entry; Navigation; Power Steering; Power Windows,"2004 Daihatsu Mira (foreign used), a well-priced hatchback well suited to quick city runs and easy parking — a good fit for budget-conscious buyers. Comes with air bags.",
Passo,Toyota,2004,63000,110000,Gasoline,Automatic,Hatchback,local_used,5,Silver,ABS; Air Bags; Premium Audio; Keyless Entry; Power Locks; Power Mirrors; Power Steering; Power Windows,"2004 Toyota Passo (locally used), a well-priced hatchback well suited to quick city runs and easy parking — a good fit for budget-conscious buyers. Comes with ABS.",
Cultus VXR,Suzuki,2016,98000,80000,Gasoline,Manual,Hatchback,foreign_used,5,Silver,Premium Audio; Immobilizer Key; Keyless Entry; Power Locks,"2016 Suzuki Cultus VXR (foreign used), a well-priced hatchback well suited to quick city runs and easy parking — a good fit for budget-conscious buyers. Comes with premium audio.",
Every,Suzuki,2011,306000,10000,Gasoline,Manual,Wagon,foreign_used,5,Black,Air Bags; Premium Audio; Immobilizer Key; Keyless Entry; Power Locks; Power Steering,"2011 Suzuki Every (foreign used), a well-priced wagon well suited to family trips with plenty of cargo room — a good fit for family-oriented drivers. Comes with air bags.",
Alto,Suzuki,2003,55000,185000,Gasoline,Manual,Hatchback,foreign_used,5,Black,Premium Audio; Backup Camera; Power Locks,"2003 Suzuki Alto (foreign used), a budget-friendly hatchback well suited to quick city runs and easy parking — a good fit for budget-conscious buyers. Comes with premium audio.",
Every,Suzuki,2020,373500,40000,Gasoline,Manual,Wagon,local_used,5,Black,ABS; Air Bags; Premium Audio; Power Locks; Power Steering; Power Windows; Backup Camera,"2020 Suzuki Every (locally used), a well-priced wagon well suited to family trips with plenty of cargo room — a good fit for family-oriented drivers. Comes with ABS.",
X-PV,FAW,2017,59000,183000,Gasoline,Manual,Hatchback,foreign_used,5,Gray,Premium Audio,"2017 FAW X-PV (foreign used), a well-priced hatchback well suited to quick city runs and easy parking — a good fit for budget-conscious buyers. Comes with premium audio.",
City IDSI,Honda,2010,151500,120000,Gasoline,Manual,Sedan,foreign_used,5,Gray,Premium Audio; Power Locks; Power Mirrors; Power Steering; Power Windows; Backup Camera,"2010 Honda City IDSI (foreign used), a well-priced sedan well suited to daily commuting and city driving — a good fit for urban professionals. Comes with premium audio.",
Altis Grande,Toyota,2011,138000,71800,Gasoline,Automatic,Sedan,local_used,5,Blue,ABS; Air Bags; Premium Audio; Keyless Entry; Power Locks; Power Mirrors; Power Windows,"2011 Toyota Altis Grande (locally used), a well-priced sedan well suited to daily commuting and city driving — a good fit for urban professionals. Comes with ABS.",
Cervo,Suzuki,2007,78000,88000,Gasoline,Automatic,Hatchback,foreign_used,5,Blue,ABS; Air Bags; Premium Audio; Power Locks; Power Mirrors; Power Steering; Power Windows,"2007 Suzuki Cervo (foreign used), a well-priced hatchback well suited to quick city runs and easy parking — a good fit for budget-conscious buyers. Comes with ABS.",
Terios Kid,Daihatsu,2005,206000,41816,Gasoline,Automatic,SUV,foreign_used,7,White,Air Bags; Premium Audio; Keyless Entry; Power Locks; Power Mirrors; Power Steering; Power Windows,"2005 Daihatsu Terios Kid (foreign used), a well-priced suv well suited to family trips and weekend getaways — a good fit for family-oriented drivers. Comes with air bags.",
Civic EXi,Honda,2002,97000,195000,Gasoline,Automatic,Sedan,foreign_used,5,Silver,ABS; Air Bags; Premium Audio; Navigation; Power Locks; Power Mirrors; Power Steering; Power Windows,"2002 Honda Civic EXi (foreign used), a budget-friendly sedan well suited to daily commuting and city driving — a good fit for urban professionals. Comes with ABS.",
City Aspire,Honda,2010,136500,148000,Gasoline,Manual,Sedan,local_used,5,White,ABS; Premium Audio; Navigation; Power Locks; Power Mirrors; Power Steering; Power Windows; Backup Camera,"2010 Honda City Aspire (locally used), a well-priced sedan well suited to daily commuting and city driving — a good fit for urban professionals. Comes with ABS.",
Move,Daihatsu,2010,89000,60000,Gasoline,Automatic,Hatchback,foreign_used,5,Silver,ABS; Air Bags; Premium Audio; Power Locks; Power Mirrors; Power Steering; Power Windows; Backup Camera,"2010 Daihatsu Move (foreign used), a well-priced hatchback well suited to quick city runs and easy parking — a good fit for budget-conscious buyers. Comes with ABS.",
Bolan,Suzuki,2014,305500,70515,Gasoline,Manual,Wagon,local_used,5,Black,Premium Audio,"2014 Suzuki Bolan (locally used), a well-priced wagon well suited to family trips with plenty of cargo room — a good fit for family-oriented drivers. Comes with premium audio.",
Cultus VXR,Suzuki,2014,74500,99999,Gasoline,Manual,Hatchback,foreign_used,5,Red,ABS; Premium Audio; Immobilizer Key; Power Locks; Power Steering; Power Windows,"2014 Suzuki Cultus VXR (foreign used), a well-priced hatchback well suited to quick city runs and easy parking — a good fit for budget-conscious buyers. Comes with ABS.",
Cuore,Daihatsu,2011,81500,12345,Gasoline,Manual,Hatchback,local_used,5,Black,Premium Audio; Keyless Entry; Power Locks; Power Steering,"2011 Daihatsu Cuore (locally used), a well-priced hatchback well suited to quick city runs and easy parking — a good fit for budget-conscious buyers. Comes with premium audio.",
Cuore,Daihatsu,2005,69000,70000,Gasoline,Manual,Hatchback,local_used,5,White,ABS; Premium Audio; Power Windows,"2005 Daihatsu Cuore (locally used), a well-priced hatchback well suited to quick city runs and easy parking — a good fit for budget-conscious buyers. Comes with ABS.",
Cuore,Daihatsu,2012,46000,240000,Gasoline,Manual,Hatchback,local_used,5,White,Premium Audio; Keyless Entry; Power Locks; Backup Camera,"2012 Daihatsu Cuore (locally used), a budget-friendly hatchback well suited to quick city runs and easy parking — a good fit for budget-conscious buyers. Comes with premium audio.",
Lancer,Mitsubishi,2008,129500,135823,Gasoline,Manual,Sedan,foreign_used,5,Gray,ABS; Air Bags; Premium Audio; Keyless Entry; Power Locks; Power Mirrors; Power Steering; Power Windows,"2008 Mitsubishi Lancer (foreign used), a well-priced sedan well suited to daily commuting and city driving — a good fit for urban professionals. Comes with ABS.",
Minicab Bravo,Mitsubishi,2017,262000,100000,Gasoline,Manual,Truck,local_used,2,Silver,ABS; Air Bags; Premium Audio; Navigation; Power Locks; Power Steering; Power Windows; Backup Camera,"2017 Mitsubishi Minicab Bravo (locally used), a well-priced truck well suited to hauling and rough roads — a good fit for adventure seekers. Comes with ABS.",
Altis Grande,Toyota,2013,115000,374545,Gasoline,Automatic,Sedan,foreign_used,5,White,ABS; Air Bags; Premium Audio; Keyless Entry; Power Locks; Power Mirrors; Power Steering; Power Windows,"2013 Toyota Altis Grande (foreign used), a well-priced sedan well suited to daily commuting and city driving — a good fit for urban professionals. Comes with ABS.",
X-PV,FAW,2016,109500,1000,Gasoline,Manual,Hatchback,foreign_used,5,White,Premium Audio; Power Steering,"2016 FAW X-PV (foreign used), a premium hatchback well suited to quick city runs and easy parking — a good fit for budget-conscious buyers. Comes with premium audio.",
Mehran VXR,Suzuki,2019,95500,100000,Gasoline,Manual,Hatchback,foreign_used,5,Gray,Premium Audio; Immobilizer Key; Keyless Entry; Power Locks,"2019 Suzuki Mehran VXR (foreign used), a well-priced hatchback well suited to quick city runs and easy parking — a good fit for budget-conscious buyers. Comes with premium audio.",
Cuore,Daihatsu,2004,38000,260000,Gasoline,Manual,Hatchback,local_used,5,White,Premium Audio; Keyless Entry; Power Locks; Backup Camera,"2004 Daihatsu Cuore (locally used), a budget-friendly hatchback well suited to quick city runs and easy parking — a good fit for budget-conscious buyers. Comes with premium audio.",
Liana,Suzuki,2006,96000,242000,Gasoline,Manual,Sedan,local_used,5,Blue,ABS; Premium Audio; Power Locks; Power Mirrors; Power Steering; Power Windows,"2006 Suzuki Liana (locally used), a budget-friendly sedan well suited to daily commuting and city driving — a good fit for urban professionals. Comes with ABS.",
Civic VTi,Honda,2016,180000,99000,Gasoline,Automatic,Sedan,local_used,5,Gray,ABS; Air Bags; Premium Audio; Heated Seats; Backup Camera,"2016 Honda Civic VTi (locally used), a well-priced sedan well suited to daily commuting and city driving — a good fit for urban professionals. Comes with ABS.",
Alto,Suzuki,2013,80500,87000,Gasoline,Automatic,Hatchback,foreign_used,5,White,ABS; Air Bags; Premium Audio; Power Locks; Power Mirrors; Power Steering; Power Windows,"2013 Suzuki Alto (foreign used), a well-priced hatchback well suited to quick city runs and easy parking — a good fit for budget-conscious buyers. Comes with ABS.",
City Vario,Honda,2013,155500,100000,Gasoline,Manual,Sedan,foreign_used,5,White,ABS; Premium Audio; Power Locks; Power Mirrors; Power Steering; Power Windows; Backup Camera,"2013 Honda City Vario (foreign used), a well-priced sedan well suited to daily commuting and city driving — a good fit for urban professionals. Comes with ABS.",
Wagon R,Suzuki,2013,68000,169575,Gasoline,Automatic,Hatchback,local_used,5,Orange,ABS; Air Bags; Premium Audio; Power Locks; Power Mirrors; Power Steering; Power Windows; Backup Camera,"2013 Suzuki Wagon R (locally used), a well-priced hatchback well suited to quick city runs and easy parking — a good fit for budget-conscious buyers. Comes with ABS.",
Every,Suzuki,2022,336000,12345,Gasoline,Automatic,Wagon,foreign_used,5,Black,ABS; Air Bags; Premium Audio; Keyless Entry; Power Locks; Power Steering; Power Windows,"2022 Suzuki Every (foreign used), a well-priced wagon well suited to family trips with plenty of cargo room — a good fit for family-oriented drivers. Comes with ABS.",
Lancer,Mitsubishi,2003,117000,114000,Gasoline,Manual,Sedan,foreign_used,5,Black,Power Locks; Power Mirrors; Power Steering; Power Windows; Backup Camera,"2003 Mitsubishi Lancer (foreign used), a well-priced sedan well suited to daily commuting and city driving — a good fit for urban professionals. Comes with power locks.",
Alto,Suzuki,2015,79500,96000,Gasoline,Automatic,Hatchback,foreign_used,5,Blue,ABS; Air Bags; Premium Audio; Power Locks; Power Steering; Power Windows,"2015 Suzuki Alto (foreign used), a well-priced hatchback well suited to quick city runs and easy parking — a good fit for budget-conscious buyers. Comes with ABS.",
Bolan,Suzuki,2010,200500,123456,Gasoline,Manual,Wagon,foreign_used,5,Red,Premium Audio; Immobilizer Key; Keyless Entry; Navigation; Power Locks,"2010 Suzuki Bolan (foreign used), a budget-friendly wagon well suited to family trips with plenty of cargo room — a good fit for family-oriented drivers. Comes with premium audio.",
Cultus VXR,Suzuki,2011,66000,130000,Gasoline,Manual,Hatchback,foreign_used,5,Orange,ABS; Premium Audio,"2011 Suzuki Cultus VXR (foreign used), a well-priced hatchback well suited to quick city runs and easy parking — a good fit for budget-conscious buyers. Comes with ABS.",
City Aspire,Honda,2006,96000,154378,Gasoline,Manual,Sedan,foreign_used,5,Gray,Premium Audio; Power Steering; Power Windows; Backup Camera,"2006 Honda City Aspire (foreign used), a budget-friendly sedan well suited to daily commuting and city driving — a good fit for urban professionals. Comes with premium audio.",
City IDSI,Honda,2000,120500,11000,Gasoline,Automatic,Sedan,foreign_used,5,Black,Premium Audio; Immobilizer Key; Keyless Entry; Power Locks; Power Mirrors; Power Windows,"2000 Honda City IDSI (foreign used), a well-priced sedan well suited to daily commuting and city driving — a good fit for urban professionals. Comes with premium audio.",
Mehran VXR,Suzuki,2018,90000,35000,Gasoline,Manual,Hatchback,foreign_used,5,White,Premium Audio; Immobilizer Key,"2018 Suzuki Mehran VXR (foreign used), a well-priced hatchback well suited to quick city runs and easy parking — a good fit for budget-conscious buyers. Comes with premium audio.",
Alto,Suzuki,2000,57000,150000,Gasoline,Automatic,Hatchback,local_used,5,Gray,ABS; Air Bags; Premium Audio; Power Locks; Power Windows,"2000 Suzuki Alto (locally used), a budget-friendly hatchback well suited to quick city runs and easy parking — a good fit for budget-conscious buyers. Comes with ABS.",
Classic,KIA,2001,213500,50000,Gasoline,Manual,Sedan,foreign_used,5,Silver,Premium Audio; Power Steering,"2001 KIA Classic (foreign used), a premium sedan well suited to daily commuting and city driving — a good fit for urban professionals. Comes with premium audio. A solid pick for luxury lovers who want a standout badge.",
Terios Kid,Daihatsu,2004,191500,123123,Gasoline,Automatic,SUV,foreign_used,7,Black,Air Bags; Premium Audio; Power Locks; Power Mirrors; Power Windows,"2004 Daihatsu Terios Kid (foreign used), a well-priced suv well suited to family trips and weekend getaways — a good fit for family-oriented drivers. Comes with air bags.",
Alto,Suzuki,2001,73000,10000,Gasoline,Automatic,Hatchback,foreign_used,5,Red,Air Bags; Premium Audio; Power Locks; Power Mirrors; Power Steering; Power Windows,"2001 Suzuki Alto (foreign used), a well-priced hatchback well suited to quick city runs and easy parking — a good fit for budget-conscious buyers. Comes with air bags.",
Terios Kid,Daihatsu,2000,156000,95000,Gasoline,Automatic,SUV,foreign_used,7,White,ABS; Air Bags; Premium Audio; Power Locks; Power Mirrors; Power Steering; Power Windows,"2000 Daihatsu Terios Kid (foreign used), a well-priced suv well suited to family trips and weekend getaways — a good fit for family-oriented drivers. Comes with ABS.",
City Vario,Honda,2001,93000,171000,Gasoline,Automatic,Sedan,local_used,5,Silver,Premium Audio; Power Locks; Power Mirrors; Power Steering; Power Windows,"2001 Honda City Vario (locally used), a budget-friendly sedan well suited to daily commuting and city driving — a good fit for urban professionals. Comes with premium audio.",
Every,Suzuki,2005,214500,95000,Gasoline,Manual,Wagon,local_used,5,White,Air Bags; Premium Audio; Power Locks; Power Mirrors; Power Steering; Power Windows,"2005 Suzuki Every (locally used), a well-priced wagon well suited to family trips with plenty of cargo room — a good fit for family-oriented drivers. Comes with air bags.",
Mehran VXR,Suzuki,2015,71500,98000,Gasoline,Manual,Hatchback,foreign_used,5,Silver,Premium Audio; Immobilizer Key; Keyless Entry; Power Locks,"2015 Suzuki Mehran VXR (foreign used), a well-priced hatchback well suited to quick city runs and easy parking — a good fit for budget-conscious buyers. Comes with premium audio.",
Bolan,Suzuki,2017,325000,51230,Gasoline,Manual,Wagon,foreign_used,5,White,Premium Audio; Navigation,"2017 Suzuki Bolan (foreign used), a well-priced wagon well suited to family trips with plenty of cargo room — a good fit for family-oriented drivers. Comes with premium audio.",
City IVTEC,Honda,2000,68500,250000,Gasoline,Manual,Sedan,local_used,5,White,Premium Audio; Immobilizer Key; Navigation; Power Locks; Power Steering,"2000 Honda City IVTEC (locally used), a budget-friendly sedan well suited to daily commuting and city driving — a good fit for urban professionals. Comes with premium audio.",
Terios Kid,Daihatsu,2012,243000,65000,Gasoline,Manual,SUV,local_used,7,White,Air Bags; Power Locks; Power Mirrors; Power Steering; Power Windows; Backup Camera,"2012 Daihatsu Terios Kid (locally used), a well-priced suv well suited to family trips and weekend getaways — a good fit for family-oriented drivers. Comes with air bags.",
Alsvin,Changan,2023,230500,18650,Gasoline,Automatic,Sedan,foreign_used,5,Gray,ABS; Air Bags; Premium Audio; Power Locks; Power Mirrors; Backup Camera,"2023 Changan Alsvin (foreign used), a premium sedan well suited to daily commuting and city driving — a good fit for urban professionals. Comes with ABS.",
Cuore,Daihatsu,2002,55500,94523,Gasoline,Manual,Hatchback,foreign_used,5,Gray,Premium Audio; Power Mirrors; Power Windows; Backup Camera,"2002 Daihatsu Cuore (foreign used), a budget-friendly hatchback well suited to quick city runs and easy parking — a good fit for budget-conscious buyers. Comes with premium audio.",
Move,Daihatsu,2006,60000,89000,Gasoline,Automatic,Hatchback,foreign_used,5,Silver,ABS; Air Bags; Premium Audio; Power Locks; Power Mirrors; Power Steering; Power Windows,"2006 Daihatsu Move (foreign used), a well-priced hatchback well suited to quick city runs and easy parking — a good fit for budget-conscious buyers. Comes with ABS.",
Sportage,KIA,2004,312000,100000,Gasoline,Automatic,SUV,local_used,7,Yellow,ABS; Air Bags; Premium Audio; Power Locks; Power Mirrors; Power Steering; Power Windows,"2004 KIA Sportage (locally used), a premium suv well suited to family trips and weekend getaways — a good fit for family-oriented drivers. Comes with ABS. A solid pick for luxury lovers who want a standout badge.",
Hijet,Daihatsu,2019,304000,71000,Gasoline,Automatic,Truck,foreign_used,2,Black,ABS; Air Bags; Premium Audio; Immobilizer Key; Power Locks; Power Steering; Power Windows,"2019 Daihatsu Hijet (foreign used), a well-priced truck well suited to hauling and rough roads — a good fit for adventure seekers. Comes with ABS.",
Cuore,Daihatsu,2003,67500,13000,Gasoline,Manual,Hatchback,local_used,5,Black,Premium Audio; Power Windows,"2003 Daihatsu Cuore (locally used), a well-priced hatchback well suited to quick city runs and easy parking — a good fit for budget-conscious buyers. Comes with premium audio.",
Cultus VXR,Suzuki,2012,94000,75000,Gasoline,Manual,Hatchback,foreign_used,5,Blue,Power Locks; Power Steering; Power Windows; Backup Camera,"2012 Suzuki Cultus VXR (foreign used), a well-priced hatchback well suited to quick city runs and easy parking — a good fit for budget-conscious buyers. Comes with power locks.",
Pajero Mini,Mitsubishi,2009,128000,196000,Gasoline,Automatic,SUV,foreign_used,7,White,ABS; Premium Audio; Backup Camera; Power Locks; Power Mirrors; Power Steering; Power Windows,"2009 Mitsubishi Pajero Mini (foreign used), a budget-friendly suv well suited to family trips and weekend getaways — a good fit for family-oriented drivers. Comes with ABS.",
Picanto,KIA,2019,174000,34500,Gasoline,Automatic,Hatchback,foreign_used,5,Yellow,ABS; Air Bags; Power Locks; Power Mirrors; Power Steering; Power Windows; Backup Camera,"2019 KIA Picanto (foreign used), a premium hatchback well suited to quick city runs and easy parking — a good fit for budget-conscious buyers. Comes with ABS. A solid pick for luxury lovers who want a standout badge.",
X-PV,FAW,2015,96500,85000,Gasoline,Manual,Hatchback,foreign_used,5,White,Premium Audio; Power Steering,"2015 FAW X-PV (foreign used), a well-priced hatchback well suited to quick city runs and easy parking — a good fit for budget-conscious buyers. Comes with premium audio.",
Baleno,Suzuki,2006,53500,150000,Gasoline,Manual,Hatchback,foreign_used,5,Yellow,Navigation; Power Locks; Power Mirrors; Power Windows; Backup Camera,"2006 Suzuki Baleno (foreign used), a budget-friendly hatchback well suited to quick city runs and easy parking — a good fit for budget-conscious buyers. Comes with navigation.",
City IVTEC,Honda,2001,70000,215000,Gasoline,Automatic,Sedan,foreign_used,5,White,ABS; Air Bags; Premium Audio; Power Locks; Power Mirrors; Power Steering; Power Windows,"2001 Honda City IVTEC (foreign used), a budget-friendly sedan well suited to daily commuting and city driving — a good fit for urban professionals. Comes with ABS.",
Every,Suzuki,2004,220000,35000,Gasoline,Automatic,Wagon,foreign_used,5,Red,ABS; Air Bags; Premium Audio; Backup Camera; Power Steering; Power Windows,"2004 Suzuki Every (foreign used), a well-priced wagon well suited to family trips with plenty of cargo room — a good fit for family-oriented drivers. Comes with ABS.",
E Class,Mercedes,2006,178000,133333,Gasoline,Automatic,Sedan,local_used,5,Silver,ABS; Air Bags; Premium Audio; Power Locks; Power Mirrors; Power Steering,"2006 Mercedes E Class (locally used), a well-priced sedan well suited to daily commuting and city driving — a good fit for urban professionals. Comes with ABS.",
Mehran VXR,Suzuki,2012,84000,9999,Gasoline,Manual,Hatchback,foreign_used,5,Orange,Premium Audio; Power Locks; Power Steering; Power Windows,"2012 Suzuki Mehran VXR (foreign used), a well-priced hatchback well suited to quick city runs and easy parking — a good fit for budget-conscious buyers. Comes with premium audio.",
Joy,Chevrolet,2004,65000,115000,Gasoline,Manual,Hatchback,foreign_used,5,White,Premium Audio; Power Locks; Power Mirrors; Power Steering; Power Windows,"2004 Chevrolet Joy (foreign used), a well-priced hatchback well suited to quick city runs and easy parking — a good fit for budget-conscious buyers. Comes with premium audio.",
Cultus VXR,Suzuki,2007,51000,152000,Gasoline,Manual,Hatchback,local_used,5,Silver,ABS; Air Bags; Premium Audio; Keyless Entry; Power Locks; Backup Camera,"2007 Suzuki Cultus VXR (locally used), a budget-friendly hatchback well suited to quick city runs and easy parking — a good fit for budget-conscious buyers. Comes with ABS.",
Bolan,Suzuki,2019,301500,80000,Gasoline,Manual,Wagon,local_used,5,Yellow,Premium Audio; Immobilizer Key; Keyless Entry; Power Locks; Power Mirrors; Power Steering; Power Windows,"2019 Suzuki Bolan (locally used), a well-priced wagon well suited to family trips with plenty of cargo room — a good fit for family-oriented drivers. Comes with premium audio.",
X-PV,FAW,2021,113000,67000,Gasoline,Manual,Hatchback,local_used,5,Silver,Air Bags; Premium Audio; Power Locks; Power Mirrors; Power Steering; Power Windows; Backup Camera,"2021 FAW X-PV (locally used), a premium hatchback well suited to quick city runs and easy parking — a good fit for budget-conscious buyers. Comes with air bags.",
Mehran VXR,Suzuki,2006,67000,132000,Gasoline,Manual,Hatchback,local_used,5,Silver,Premium Audio,"2006 Suzuki Mehran VXR (locally used), a well-priced hatchback well suited to quick city runs and easy parking — a good fit for budget-conscious buyers. Comes with premium audio.",
Bolan,Suzuki,2012,301500,40000,Gasoline,Manual,Wagon,foreign_used,5,Gray,Premium Audio; Navigation; Backup Camera,"2012 Suzuki Bolan (foreign used), a well-priced wagon well suited to family trips with plenty of cargo room — a good fit for family-oriented drivers. Comes with premium audio.",
Alto,Suzuki,2011,59000,158000,Gasoline,Manual,Hatchback,foreign_used,5,Black,ABS; Air Bags; Premium Audio; Navigation; Power Mirrors; Power Steering; Power Windows; Backup Camera,"2011 Suzuki Alto (foreign used), a well-priced hatchback well suited to quick city runs and easy parking — a good fit for budget-conscious buyers. Comes with ABS.",
Altis Grande,Toyota,2002,94000,185000,Gasoline,Automatic,Sedan,local_used,5,Silver,ABS; Backup Camera; Power Locks; Power Mirrors; Power Steering; Power Windows,"2002 Toyota Altis Grande (locally used), a budget-friendly sedan well suited to daily commuting and city driving — a good fit for urban professionals. Comes with ABS.",
Cuore,Daihatsu,2000,54000,130000,Gasoline,Manual,Hatchback,foreign_used,5,Silver,Premium Audio; Power Steering; Power Windows,"2000 Daihatsu Cuore (foreign used), a budget-friendly hatchback well suited to quick city runs and easy parking — a good fit for budget-conscious buyers. Comes with premium audio.",
Cuore,Daihatsu,2008,46000,248000,Gasoline,Manual,Hatchback,foreign_used,5,Red,Premium Audio; Power Steering; Backup Camera,"2008 Daihatsu Cuore (foreign used), a budget-friendly hatchback well suited to quick city runs and easy parking — a good fit for budget-conscious buyers. Comes with premium audio.",
Bolan,Suzuki,2008,261000,1001,Gasoline,Manual,Wagon,local_used,5,White,Premium Audio; Navigation,"2008 Suzuki Bolan (locally used), a well-priced wagon well suited to family trips with plenty of cargo room — a good fit for family-oriented drivers. Comes with premium audio.",
Hijet,Daihatsu,2009,251500,115000,Gasoline,Automatic,Truck,foreign_used,2,Black,Premium Audio; Power Steering; Power Windows; Backup Camera,"2009 Daihatsu Hijet (foreign used), a well-priced truck well suited to hauling and rough roads — a good fit for adventure seekers. Comes with premium audio.",
X-PV,FAW,2019,93000,70000,Gasoline,Manual,Hatchback,foreign_used,5,Red,ABS; Air Bags; Premium Audio,"2019 FAW X-PV (foreign used), a well-priced hatchback well suited to quick city runs and easy parking — a good fit for budget-conscious buyers. Comes with ABS.",
Swift,Suzuki,2000,55500,82000,Gasoline,Manual,Hatchback,foreign_used,5,Red,ABS; Air Bags; Premium Audio; Navigation; Power Locks; Power Mirrors; Power Steering; Power Windows,"2000 Suzuki Swift (foreign used), a budget-friendly hatchback well suited to quick city runs and easy parking — a good fit for budget-conscious buyers. Comes with ABS.",
Corolla XLI,Toyota,2002,80500,205555,Gasoline,Automatic,Sedan,foreign_used,5,Black,Air Bags; Power Locks; Power Mirrors; Power Steering; Power Windows; Backup Camera,"2002 Toyota Corolla XLI (foreign used), a budget-friendly sedan well suited to daily commuting and city driving — a good fit for urban professionals. Comes with air bags.",
Minica,Mitsubishi,2011,78000,75000,Gasoline,Manual,Hatchback,foreign_used,5,Silver,Air Bags; Premium Audio; Power Steering; Backup Camera,"2011 Mitsubishi Minica (foreign used), a well-priced hatchback well suited to quick city runs and easy parking — a good fit for budget-conscious buyers. Comes with air bags.",
Joy,Chevrolet,2007,72500,115000,Gasoline,Manual,Hatchback,foreign_used,5,Black,Keyless Entry; Power Mirrors; Power Steering; Power Windows,"2007 Chevrolet Joy (foreign used), a well-priced hatchback well suited to quick city runs and easy parking — a good fit for budget-conscious buyers. Comes with keyless entry.",
Mehran VXR,Suzuki,2013,88000,80000,Gasoline,Manual,Hatchback,local_used,5,White,Premium Audio; Power Locks,"2013 Suzuki Mehran VXR (locally used), a well-priced hatchback well suited to quick city runs and easy parking — a good fit for budget-conscious buyers. Comes with premium audio.",
Civic Oriel,Honda,2000,136000,57000,Gasoline,Manual,Sedan,foreign_used,5,Silver,Keyless Entry; Navigation; Power Locks; Power Mirrors; Power Steering; Power Windows; Backup Camera,"2000 Honda Civic Oriel (foreign used), a well-priced sedan well suited to daily commuting and city driving — a good fit for urban professionals. Comes with keyless entry.",
Exclusive,Chevrolet,2004,66000,25100,Gasoline,Manual,Hatchback,foreign_used,5,Black,Premium Audio; Power Steering; Power Windows,"2004 Chevrolet Exclusive (foreign used), a well-priced hatchback well suited to quick city runs and easy parking — a good fit for budget-conscious buyers. Comes with premium audio.",
City Vario,Honda,2002,108000,123456,Gasoline,Automatic,Sedan,local_used,5,Silver,Premium Audio; Power Locks; Power Mirrors; Power Steering; Power Windows,"2002 Honda City Vario (locally used), a well-priced sedan well suited to daily commuting and city driving — a good fit for urban professionals. Comes with premium audio.",
Cultus VXR,Suzuki,2013,85500,62442,Gasoline,Manual,Hatchback,local_used,5,White,Premium Audio; Navigation,"2013 Suzuki Cultus VXR (locally used), a well-priced hatchback well suited to quick city runs and easy parking — a good fit for budget-conscious buyers. Comes with premium audio.",
Cultus VXR,Suzuki,2009,66000,74000,Gasoline,Manual,Hatchback,local_used,5,Yellow,Premium Audio; Power Windows,"2009 Suzuki Cultus VXR (locally used), a well-priced hatchback well suited to quick city runs and easy parking — a good fit for budget-conscious buyers. Comes with premium audio.",
Classic,KIA,2005,152000,170000,Gasoline,Manual,Sedan,local_used,5,Orange,Premium Audio; Power Locks; Power Steering,"2005 KIA Classic (locally used), a well-priced sedan well suited to daily commuting and city driving — a good fit for urban professionals. Comes with premium audio.",
Santro,Hyundai,2000,71500,50000,Gasoline,Manual,Hatchback,foreign_used,5,Gray,Premium Audio; Power Windows; Backup Camera,"2000 Hyundai Santro (foreign used), a well-priced hatchback well suited to quick city runs and easy parking — a good fit for budget-conscious buyers. Comes with premium audio.",
Pajero Mini,Mitsubishi,2018,236500,60000,Gasoline,Automatic,SUV,foreign_used,7,Silver,ABS; Air Bags; Premium Audio; Keyless Entry; Power Locks; Power Steering; Power Windows,"2018 Mitsubishi Pajero Mini (foreign used), a well-priced suv well suited to family trips and weekend getaways — a good fit for family-oriented drivers. Comes with ABS.",
X-PV,FAW,2020,101500,50719,Gasoline,Manual,Hatchback,foreign_used,5,Black,Premium Audio; Power Locks; Power Steering; Power Windows,"2020 FAW X-PV (foreign used), a well-priced hatchback well suited to quick city runs and easy parking — a good fit for budget-conscious buyers. Comes with premium audio.",
Terios Kid,Daihatsu,2001,144500,120000,Gasoline,Automatic,SUV,foreign_used,7,Blue,Air Bags; Power Locks; Power Mirrors; Power Steering; Power Windows; Backup Camera,"2001 Daihatsu Terios Kid (foreign used), a budget-friendly suv well suited to family trips and weekend getaways — a good fit for family-oriented drivers. Comes with air bags.",
Alto,Suzuki,2008,59500,104400,Gasoline,Manual,Hatchback,foreign_used,5,Gray,Premium Audio; Power Locks; Power Steering; Backup Camera,"2008 Suzuki Alto (foreign used), a well-priced hatchback well suited to quick city runs and easy parking — a good fit for budget-conscious buyers. Comes with premium audio.",
Mehran VXR,Suzuki,2005,75000,14672,Gasoline,Manual,Hatchback,foreign_used,5,White,Premium Audio; Navigation,"2005 Suzuki Mehran VXR (foreign used), a well-priced hatchback well suited to quick city runs and easy parking — a good fit for budget-conscious buyers. Comes with premium audio.",
Cultus VXR,Suzuki,2003,52000,200000,Gasoline,Manual,Hatchback,local_used,5,Red,Premium Audio; Immobilizer Key; Power Locks; Backup Camera,"2003 Suzuki Cultus VXR (locally used), a budget-friendly hatchback well suited to quick city runs and easy parking — a good fit for budget-conscious buyers. Comes with premium audio.",
Bolan,Suzuki,2021,355000,62000,Gasoline,Manual,Wagon,foreign_used,5,Blue,Premium Audio; Immobilizer Key; Navigation; Backup Camera,"2021 Suzuki Bolan (foreign used), a well-priced wagon well suited to family trips with plenty of cargo room — a good fit for family-oriented drivers. Comes with premium audio.",
City Aspire,Honda,2004,96000,216000,Gasoline,Manual,Sedan,foreign_used,5,Red,Premium Audio; Keyless Entry; Power Locks; Power Mirrors; Power Steering; Power Windows,"2004 Honda City Aspire (foreign used), a budget-friendly sedan well suited to daily commuting and city driving — a good fit for urban professionals. Comes with premium audio.",
Civic Oriel,Honda,2012,112500,185000,Gasoline,Manual,Sedan,foreign_used,5,Gray,Power Locks; Power Steering; Power Windows,"2012 Honda Civic Oriel (foreign used), a well-priced sedan well suited to daily commuting and city driving — a good fit for urban professionals. Comes with power locks.",
Minica,Mitsubishi,2008,45000,198000,Gasoline,Automatic,Hatchback,foreign_used,5,Silver,ABS; Navigation; Power Locks; Backup Camera,"2008 Mitsubishi Minica (foreign used), a budget-friendly hatchback well suited to quick city runs and easy parking — a good fit for budget-conscious buyers. Comes with ABS.",
Bolan,Suzuki,2013,312000,25750,Gasoline,Manual,Wagon,foreign_used,5,Black,Navigation; Backup Camera,"2013 Suzuki Bolan (foreign used), a well-priced wagon well suited to family trips with plenty of cargo room — a good fit for family-oriented drivers. Comes with navigation.",
Cultus VXR,Suzuki,2004,63500,100000,Gasoline,Manual,Hatchback,local_used,5,Red,Premium Audio; Keyless Entry; Power Locks,"2004 Suzuki Cultus VXR (locally used), a well-priced hatchback well suited to quick city runs and easy parking — a good fit for budget-conscious buyers. Comes with premium audio.",
Exclusive,Chevrolet,2006,55500,190000,Gasoline,Automatic,Hatchback,foreign_used,5,Blue,ABS; Air Bags; Premium Audio; Power Locks; Power Windows,"2006 Chevrolet Exclusive (foreign used), a budget-friendly hatchback well suited to quick city runs and easy parking — a good fit for budget-conscious buyers. Comes with ABS.",
Cultus VXR,Suzuki,2002,67000,12345,Gasoline,Manual,Hatchback,foreign_used,5,White,ABS; Air Bags; Premium Audio,"2002 Suzuki Cultus VXR (foreign used), a well-priced hatchback well suited to quick city runs and easy parking — a good fit for budget-conscious buyers. Comes with ABS.",
City IDSI,Honda,2014,151000,105000,Gasoline,Manual,Sedan,foreign_used,5,White,Premium Audio; Power Locks; Power Mirrors; Power Steering; Power Windows; Backup Camera,"2014 Honda City IDSI (foreign used), a well-priced sedan well suited to daily commuting and city driving — a good fit for urban professionals. Comes with premium audio.",
Bolan,Suzuki,2022,314000,38000,Gasoline,Manual,Wagon,local_used,5,Black,Premium Audio; Keyless Entry; Power Steering,"2022 Suzuki Bolan (locally used), a well-priced wagon well suited to family trips with plenty of cargo room — a good fit for family-oriented drivers. Comes with premium audio.",
Mehran VXR,Suzuki,2016,70000,138000,Gasoline,Manual,Hatchback,foreign_used,5,Blue,Premium Audio; Keyless Entry; Power Locks,"2016 Suzuki Mehran VXR (foreign used), a well-priced hatchback well suited to quick city runs and easy parking — a good fit for budget-conscious buyers. Comes with premium audio.",
Altis Grande,Toyota,2012,105500,300000,Gasoline,Automatic,Sedan,foreign_used,5,Orange,ABS; Air Bags; Premium Audio; Power Mirrors; Power Windows,"2012 Toyota Altis Grande (foreign used), a well-priced sedan well suited to daily commuting and city driving — a good fit for urban professionals. Comes with ABS.",
Pajero Mini,Mitsubishi,2007,149500,178000,Gasoline,Manual,SUV,foreign_used,7,White,ABS; Premium Audio; Power Locks; Power Mirrors; Power Steering,"2007 Mitsubishi Pajero Mini (foreign used), a budget-friendly suv well suited to family trips and weekend getaways — a good fit for family-oriented drivers. Comes with ABS.",
Wagon R,Suzuki,2007,53500,170000,Gasoline,Automatic,Hatchback,foreign_used,5,Silver,ABS; Air Bags; Premium Audio; Power Locks; Power Steering; Power Windows; Backup Camera,"2007 Suzuki Wagon R (foreign used), a budget-friendly hatchback well suited to quick city runs and easy parking — a good fit for budget-conscious buyers. Comes with ABS.",
Santro,Hyundai,2010,88500,12563,Gasoline,Manual,Hatchback,local_used,5,Black,Premium Audio; Backup Camera; Immobilizer Key; Keyless Entry,"2010 Hyundai Santro (locally used), a well-priced hatchback well suited to quick city runs and easy parking — a good fit for budget-conscious buyers. Comes with premium audio.",
Cultus VXR,Suzuki,2021,104500,36000,Gasoline,Manual,Hatchback,local_used,5,Yellow,ABS; Air Bags; Premium Audio; Power Mirrors; Power Steering; Backup Camera,"2021 Suzuki Cultus VXR (locally used), a well-priced hatchback well suited to quick city runs and easy parking — a good fit for budget-conscious buyers. Comes with ABS.",
Mehran VXR,Suzuki,2014,93500,70000,Gasoline,Manual,Hatchback,foreign_used,5,Blue,Premium Audio,"2014 Suzuki Mehran VXR (foreign used), a well-priced hatchback well suited to quick city runs and easy parking — a good fit for budget-conscious buyers. Comes with premium audio.",
Cuore,Daihatsu,2001,83500,10000,Gasoline,Manual,Hatchback,local_used,5,Blue,Premium Audio; Power Steering,"2001 Daihatsu Cuore (locally used), a well-priced hatchback well suited to quick city runs and easy parking — a good fit for budget-conscious buyers. Comes with premium audio.",
City Aspire,Honda,2000,100500,178000,Gasoline,Automatic,Sedan,local_used,5,Silver,Air Bags; Premium Audio; Power Locks; Power Mirrors; Power Steering; Power Windows,"2000 Honda City Aspire (locally used), a budget-friendly sedan well suited to daily commuting and city driving — a good fit for urban professionals. Comes with air bags.",
Cultus VXR,Suzuki,2001,71000,65000,Gasoline,Manual,Hatchback,local_used,5,Black,Premium Audio,"2001 Suzuki Cultus VXR (locally used), a well-priced hatchback well suited to quick city runs and easy parking — a good fit for budget-conscious buyers. Comes with premium audio.",
Civic VTi Oriel,Honda,2006,115000,123456,Gasoline,Manual,Sedan,local_used,5,Black,ABS; Premium Audio; Power Steering; Backup Camera,"2006 Honda Civic VTi Oriel (locally used), a well-priced sedan well suited to daily commuting and city driving — a good fit for urban professionals. Comes with ABS.",
Passo,Toyota,2019,105500,46000,Gasoline,Automatic,Hatchback,foreign_used,5,White,ABS; Air Bags; Premium Audio; Heated Seats,"2019 Toyota Passo (foreign used), a well-priced hatchback well suited to quick city runs and easy parking — a good fit for budget-conscious buyers. Comes with ABS.",
X-PV,FAW,2014,78000,100000,Gasoline,Manual,Hatchback,foreign_used,5,Blue,Premium Audio,"2014 FAW X-PV (foreign used), a well-priced hatchback well suited to quick city runs and easy parking — a good fit for budget-conscious buyers. Comes with premium audio.",
City IDSI,Honda,2011,123500,129000,Gasoline,Manual,Sedan,foreign_used,5,Blue,Premium Audio; Power Locks; Power Mirrors; Power Steering; Power Windows,"2011 Honda City IDSI (foreign used), a well-priced sedan well suited to daily commuting and city driving — a good fit for urban professionals. Comes with premium audio.",
Minica,Mitsubishi,2013,86000,100000,Gasoline,Manual,Hatchback,local_used,5,Orange,ABS; Air Bags; Premium Audio; Power Steering; Power Windows,"2013 Mitsubishi Minica (locally used), a well-priced hatchback well suited to quick city runs and easy parking — a good fit for budget-conscious buyers. Comes with ABS.",
Classic,KIA,2003,159000,118000,Gasoline,Manual,Sedan,foreign_used,5,Orange,Premium Audio; Power Steering; Power Windows,"2003 KIA Classic (foreign used), a well-priced sedan well suited to daily commuting and city driving — a good fit for urban professionals. Comes with premium audio.",
City Vario,Honda,2000,157500,10000,Gasoline,Manual,Sedan,local_used,5,Silver,Premium Audio; Power Locks; Power Steering,"2000 Honda City Vario (locally used), a well-priced sedan well suited to daily commuting and city driving — a good fit for urban professionals. Comes with premium audio.",
Ravi,Suzuki,2019,312000,61000,Gasoline,Manual,Truck,local_used,2,Gray,Premium Audio; Immobilizer Key; Power Locks,"2019 Suzuki Ravi (locally used), a well-priced truck well suited to hauling and rough roads — a good fit for adventure seekers. Comes with premium audio.",
City Aspire,Honda,2005,123500,124178,Gasoline,Automatic,Sedan,foreign_used,5,Red,Power Locks; Power Mirrors; Power Steering; Power Windows,"2005 Honda City Aspire (foreign used), a well-priced sedan well suited to daily commuting and city driving — a good fit for urban professionals. Comes with power locks.",
Bolan,Suzuki,2018,335500,48000,Gasoline,Manual,Wagon,local_used,5,Blue,Premium Audio; Power Locks,"2018 Suzuki Bolan (locally used), a well-priced wagon well suited to family trips with plenty of cargo room — a good fit for family-oriented drivers. Comes with premium audio.",
Hijet,Daihatsu,2006,246500,100000,Gasoline,Automatic,Truck,foreign_used,2,Black,ABS; Premium Audio; Power Steering,"2006 Daihatsu Hijet (foreign used), a well-priced truck well suited to hauling and rough roads — a good fit for adventure seekers. Comes with ABS.",
Bolan,Suzuki,2011,269000,80000,Gasoline,Manual,Wagon,foreign_used,5,Black,Premium Audio; Keyless Entry; Power Locks; Power Windows,"2011 Suzuki Bolan (foreign used), a well-priced wagon well suited to family trips with plenty of cargo room — a good fit for family-oriented drivers. Comes with premium audio.",
Mehran VXR,Suzuki,2010,78500,87000,Gasoline,Manual,Hatchback,local_used,5,White,Premium Audio; Keyless Entry,"2010 Suzuki Mehran VXR (locally used), a well-priced hatchback well suited to quick city runs and easy parking — a good fit for budget-conscious buyers. Comes with premium audio.",
Joy,Chevrolet,2005,66000,45000,Gasoline,Manual,Hatchback,foreign_used,5,Red,Air Bags; Premium Audio; Power Steering; Power Windows,"2005 Chevrolet Joy (foreign used), a well-priced hatchback well suited to quick city runs and easy parking — a good fit for budget-conscious buyers. Comes with air bags.",
Minicab Bravo,Mitsubishi,2011,271000,64000,Gasoline,Automatic,Truck,local_used,2,Silver,Air Bags; Premium Audio; Backup Camera,"2011 Mitsubishi Minicab Bravo (locally used), a well-priced truck well suited to hauling and rough roads — a good fit for adventure seekers. Comes with air bags.",
Joy,Chevrolet,2011,63500,120000,Gasoline,Manual,Hatchback,local_used,5,White,Power Locks; Power Mirrors; Power Steering; Power Windows,"2011 Chevrolet Joy (locally used), a well-priced hatchback well suited to quick city runs and easy parking — a good fit for budget-conscious buyers. Comes with power locks.",
Mehran VXR,Suzuki,2004,64500,123456,Gasoline,Manual,Hatchback,foreign_used,5,Gray,Premium Audio,"2004 Suzuki Mehran VXR (foreign used), a well-priced hatchback well suited to quick city runs and easy parking — a good fit for budget-conscious buyers. Comes with premium audio.",
City Aspire,Honda,2002,113500,116922,Gasoline,Manual,Sedan,foreign_used,5,Silver,Power Locks; Power Steering; Power Windows,"2002 Honda City Aspire (foreign used), a well-priced sedan well suited to daily commuting and city driving — a good fit for urban professionals. Comes with power locks.",
Bolan,Suzuki,2006,258500,59421,Gasoline,Automatic,Wagon,foreign_used,5,Black,Premium Audio,"2006 Suzuki Bolan (foreign used), a well-priced wagon well suited to family trips with plenty of cargo room — a good fit for family-oriented drivers. Comes with premium audio.",
Minicab Bravo,Mitsubishi,2010,207000,100000,Gasoline,Automatic,Truck,foreign_used,2,White,Air Bags; Premium Audio; Power Locks; Power Steering,"2010 Mitsubishi Minicab Bravo (foreign used), a well-priced truck well suited to hauling and rough roads — a good fit for adventure seekers. Comes with air bags.",
Minicab Bravo,Mitsubishi,2013,229500,90000,Gasoline,Manual,Truck,local_used,2,Gray,ABS; Air Bags; Premium Audio,"2013 Mitsubishi Minicab Bravo (locally used), a well-priced truck well suited to hauling and rough roads — a good fit for adventure seekers. Comes with ABS.",
Every,Suzuki,2003,167000,185000,Gasoline,Automatic,Wagon,foreign_used,5,Silver,Air Bags; Premium Audio; Power Locks; Power Steering,"2003 Suzuki Every (foreign used), a budget-friendly wagon well suited to family trips with plenty of cargo room — a good fit for family-oriented drivers. Comes with air bags.",
Altis Grande,Toyota,2020,158500,78000,Gasoline,Manual,Sedan,foreign_used,5,Gray,Air Bags; Power Steering; Power Windows; Backup Camera,"2020 Toyota Altis Grande (foreign used), a well-priced sedan well suited to daily commuting and city driving — a good fit for urban professionals. Comes with air bags.",
Picanto,KIA,2008,88000,136000,Gasoline,Manual,Hatchback,foreign_used,5,Silver,Premium Audio,"2008 KIA Picanto (foreign used), a well-priced hatchback well suited to quick city runs and easy parking — a good fit for budget-conscious buyers. Comes with premium audio.",
Minica,Mitsubishi,2010,41500,300000,Gasoline,Automatic,Hatchback,foreign_used,5,Blue,Air Bags; Premium Audio; Power Steering; Backup Camera,"2010 Mitsubishi Minica (foreign used), a budget-friendly hatchback well suited to quick city runs and easy parking — a good fit for budget-conscious buyers. Comes with air bags.",
Alto,Suzuki,2002,86500,12345,Gasoline,Automatic,Hatchback,local_used,5,Silver,Premium Audio,"2002 Suzuki Alto (locally used), a well-priced hatchback well suited to quick city runs and easy parking — a good fit for budget-conscious buyers. Comes with premium audio.",
Classic,KIA,2002,175000,150000,Gasoline,Manual,Sedan,foreign_used,5,Silver,Premium Audio,"2002 KIA Classic (foreign used), a well-priced sedan well suited to daily commuting and city driving — a good fit for urban professionals. Comes with premium audio.",
Mehran VXR,Suzuki,2011,91000,1200,Gasoline,Manual,Hatchback,local_used,5,Blue,Premium Audio,"2011 Suzuki Mehran VXR (locally used), a well-priced hatchback well suited to quick city runs and easy parking — a good fit for budget-conscious buyers. Comes with premium audio.",
Mehran VXR,Suzuki,2009,71000,81512,Gasoline,Manual,Hatchback,foreign_used,5,Black,Premium Audio,"2009 Suzuki Mehran VXR (foreign used), a well-priced hatchback well suited to quick city runs and easy parking — a good fit for budget-conscious buyers. Comes with premium audio.",
Cultus VXR,Suzuki,2010,89000,1234,Gasoline,Manual,Hatchback,local_used,5,White,Premium Audio; Power Locks,"2010 Suzuki Cultus VXR (locally used), a well-priced hatchback well suited to quick city runs and easy parking — a good fit for budget-conscious buyers. Comes with premium audio.",
Bolan,Suzuki,2002,187000,150000,Gasoline,Manual,Wagon,foreign_used,5,White,Premium Audio,"2002 Suzuki Bolan (foreign used), a budget-friendly wagon well suited to family trips with plenty of cargo room — a good fit for family-oriented drivers. Comes with premium audio.",
Every,Suzuki,2002,227500,70000,Gasoline,Manual,Wagon,foreign_used,5,Gray,Air Bags; Power Steering; Power Windows,"2002 Suzuki Every (foreign used), a well-priced wagon well suited to family trips with plenty of cargo room — a good fit for family-oriented drivers. Comes with air bags.",
Bolan,Suzuki,2020,306000,40000,Gasoline,Manual,Wagon,local_used,5,Silver,Premium Audio,"2020 Suzuki Bolan (locally used), a well-priced wagon well suited to family trips with plenty of cargo room — a good fit for family-oriented drivers. Comes with premium audio.",
Ravi,Suzuki,2018,288000,49000,Gasoline,Manual,Truck,foreign_used,2,Gray,Premium Audio,"2018 Suzuki Ravi (foreign used), a well-priced truck well suited to hauling and rough roads — a good fit for adventure seekers. Comes with premium audio.",
Mehran VXR,Suzuki,2020,85500,65000,Gasoline,Manual,Hatchback,local_used,5,White,Premium Audio,"2020 Suzuki Mehran VXR (locally used), a well-priced hatchback well suited to quick city runs and easy parking — a good fit for budget-conscious buyers. Comes with premium audio.",
Minicab Bravo,Mitsubishi,2018,235500,171000,Gasoline,Manual,Truck,foreign_used,2,White,ABS; Air Bags; Premium Audio; Power Steering,"2018 Mitsubishi Minicab Bravo (foreign used), a well-priced truck well suited to hauling and rough roads — a good fit for adventure seekers. Comes with ABS.",
Minica,Mitsubishi,2017,73000,170000,Gasoline,Automatic,Hatchback,foreign_used,5,White,ABS; Air Bags; Power Steering; Power Windows,"2017 Mitsubishi Minica (foreign used), a well-priced hatchback well suited to quick city runs and easy parking — a good fit for budget-conscious buyers. Comes with ABS.",
Picanto,KIA,2006,107500,74000,Gasoline,Manual,Hatchback,foreign_used,5,Black,Backup Camera; Power Steering,"2006 KIA Picanto (foreign used), a well-priced hatchback well suited to quick city runs and easy parking — a good fit for budget-conscious buyers. Comes with backup camera.",
Hijet,Daihatsu,2020,248000,100000,Gasoline,Manual,Truck,local_used,2,Silver,Premium Audio; Power Steering; Backup Camera,"2020 Daihatsu Hijet (locally used), a well-priced truck well suited to hauling and rough roads — a good fit for adventure seekers. Comes with premium audio.",
Minica,Mitsubishi,2016,72500,98000,Gasoline,Automatic,Hatchback,foreign_used,5,Black,ABS; Premium Audio,"2016 Mitsubishi Minica (foreign used), a well-priced hatchback well suited to quick city runs and easy parking — a good fit for budget-conscious buyers. Comes with ABS.",
Mehran VXR,Suzuki,2003,82500,44000,Gasoline,Manual,Hatchback,foreign_used,5,Black,Premium Audio,"2003 Suzuki Mehran VXR (foreign used), a well-priced hatchback well suited to quick city runs and easy parking — a good fit for budget-conscious buyers. Comes with premium audio.",
Cultus VXR,Suzuki,2000,55500,93000,Gasoline,Manual,Hatchback,foreign_used,5,Red,Premium Audio,"2000 Suzuki Cultus VXR (foreign used), a budget-friendly hatchback well suited to quick city runs and easy parking — a good fit for budget-conscious buyers. Comes with premium audio.",
Bolan,Suzuki,2009,282500,60000,Gasoline,Manual,Wagon,foreign_used,5,Black,Premium Audio,"2009 Suzuki Bolan (foreign used), a well-priced wagon well suited to family trips with plenty of cargo room — a good fit for family-oriented drivers. Comes with premium audio.",
Ravi,Suzuki,2014,194500,200000,Gasoline,Manual,Truck,foreign_used,2,Silver,Premium Audio,"2014 Suzuki Ravi (foreign used), a budget-friendly truck well suited to hauling and rough roads — a good fit for adventure seekers. Comes with premium audio.",
City IVTEC,Honda,2004,98500,165000,Gasoline,Automatic,Sedan,local_used,5,Blue,ABS; Premium Audio,"2004 Honda City IVTEC (locally used), a budget-friendly sedan well suited to daily commuting and city driving — a good fit for urban professionals. Comes with ABS.",
Minicab Bravo,Mitsubishi,2020,232500,143143,Gasoline,Manual,Truck,local_used,2,Black,ABS; Air Bags; Premium Audio,"2020 Mitsubishi Minicab Bravo (locally used), a well-priced truck well suited to hauling and rough roads — a good fit for adventure seekers. Comes with ABS.",
Ravi,Suzuki,2013,226000,100000,Gasoline,Manual,Truck,local_used,2,Silver,ABS; Premium Audio; Power Steering; Power Windows,"2013 Suzuki Ravi (locally used), a well-priced truck well suited to hauling and rough roads — a good fit for adventure seekers. Comes with ABS.",
Mehran VX,Suzuki,2017,101000,42000,Gasoline,Manual,Hatchback,local_used,5,Blue,Premium Audio,"2017 Suzuki Mehran VX (locally used), a well-priced hatchback well suited to quick city runs and easy parking — a good fit for budget-conscious buyers. Comes with premium audio.",
X-PV,FAW,2013,65000,183000,Gasoline,Manual,Hatchback,foreign_used,5,Red,Backup Camera; Keyless Entry; Power Steering,"2013 FAW X-PV (foreign used), a well-priced hatchback well suited to quick city runs and easy parking — a good fit for budget-conscious buyers. Comes with backup camera.",
Ek Wagon,Mitsubishi,2023,400500,6000,Gasoline,Automatic,Wagon,local_used,5,White,ABS; Air Bags; Premium Audio,"2023 Mitsubishi Ek Wagon (locally used), a premium wagon well suited to family trips with plenty of cargo room — a good fit for family-oriented drivers. Comes with ABS.",
City Vario,Honda,2017,205000,10000,Gasoline,Manual,Sedan,foreign_used,5,Red,Air Bags; Premium Audio; Power Windows,"2017 Honda City Vario (foreign used), a premium sedan well suited to daily commuting and city driving — a good fit for urban professionals. Comes with air bags.",
Ravi,Suzuki,2022,310500,27500,Gasoline,Manual,Truck,foreign_used,2,Silver,Premium Audio,"2022 Suzuki Ravi (foreign used), a well-priced truck well suited to hauling and rough roads — a good fit for adventure seekers. Comes with premium audio.",
Ravi,Suzuki,2021,382500,50000,Gasoline,Manual,Truck,foreign_used,2,Black,Premium Audio; Immobilizer Key,"2021 Suzuki Ravi (foreign used), a premium truck well suited to hauling and rough roads — a good fit for adventure seekers. Comes with premium audio.",
Ravi,Suzuki,2016,317000,72000,Gasoline,Manual,Truck,foreign_used,2,Black,Premium Audio,"2016 Suzuki Ravi (foreign used), a well-priced truck well suited to hauling and rough roads — a good fit for adventure seekers. Comes with premium audio.",
Bolan,Suzuki,2000,206500,44500,Gasoline,Manual,Wagon,local_used,5,Orange,,"2000 Suzuki Bolan (locally used), a budget-friendly wagon well suited to family trips with plenty of cargo room — a good fit for family-oriented drivers.",
Bolan,Suzuki,2005,299500,22000,Gasoline,Manual,Wagon,foreign_used,5,Silver,Premium Audio,"2005 Suzuki Bolan (foreign used), a well-priced wagon well suited to family trips with plenty of cargo room — a good fit for family-oriented drivers. Comes with premium audio.",
Ravi,Suzuki,2020,358000,28000,Gasoline,Manual,Truck,foreign_used,2,Black,Premium Audio,"2020 Suzuki Ravi (foreign used), a well-priced truck well suited to hauling and rough roads — a good fit for adventure seekers. Comes with premium audio.",
Mehran VXR,Suzuki,2001,76000,12345,Gasoline,Manual,Hatchback,foreign_used,5,Silver,Premium Audio,"2001 Suzuki Mehran VXR (foreign used), a well-priced hatchback well suited to quick city runs and easy parking — a good fit for budget-conscious buyers. Comes with premium audio.",
Baleno,Suzuki,2018,99000,72000,Gasoline,Manual,Hatchback,local_used,5,Black,Premium Audio,"2018 Suzuki Baleno (locally used), a well-priced hatchback well suited to quick city runs and easy parking — a good fit for budget-conscious buyers. Comes with premium audio.",
Bolan,Suzuki,2003,283000,6790,Gasoline,Manual,Wagon,foreign_used,5,White,,"2003 Suzuki Bolan (foreign used), a well-priced wagon well suited to family trips with plenty of cargo room — a good fit for family-oriented drivers.",
Ravi,Suzuki,2005,213000,120000,Gasoline,Manual,Truck,foreign_used,2,White,Premium Audio,"2005 Suzuki Ravi (foreign used), a well-priced truck well suited to hauling and rough roads — a good fit for adventure seekers. Comes with premium audio.",
City Aspire,Honda,2008,102000,155555,Gasoline,Manual,Sedan,foreign_used,5,White,,"2008 Honda City Aspire (foreign used), a budget-friendly sedan well suited to daily commuting and city driving — a good fit for urban professionals.",
Ravi,Suzuki,2015,313500,12345,Gasoline,Manual,Truck,local_used,2,White,Premium Audio,"2015 Suzuki Ravi (locally used), a well-priced truck well suited to hauling and rough roads — a good fit for adventure seekers. Comes with premium audio.",
Pajero Mini,Mitsubishi,2016,224000,150000,Gasoline,Manual,SUV,foreign_used,7,White,Premium Audio; Power Windows,"2016 Mitsubishi Pajero Mini (foreign used), a well-priced suv well suited to family trips and weekend getaways — a good fit for family-oriented drivers. Comes with premium audio.",
Yaris,Toyota,2010,130000,100000,Gasoline,Manual,Sedan,foreign_used,5,Gray,Premium Audio,"2010 Toyota Yaris (foreign used), a well-priced sedan well suited to daily commuting and city driving — a good fit for urban professionals. Comes with premium audio.",
Khyber,Suzuki,1989,35500,142536,Gasoline,Manual,Hatchback,foreign_used,5,White,Premium Audio,"1989 Suzuki Khyber (foreign used), a budget-friendly hatchback well suited to quick city runs and easy parking — a good fit for budget-conscious buyers. Comes with premium audio.",
Surf,Toyota,1993,122000,123456,Diesel,Automatic,SUV,foreign_used,7,Black,ABS,"1993 Toyota Surf (foreign used), a budget-friendly suv well suited to family trips and weekend getaways — a good fit for family-oriented drivers. Comes with ABS.",
City IVTEC,Honda,2005,125000,100000,Gasoline,Automatic,Sedan,foreign_used,5,Red,Power Steering,"2005 Honda City IVTEC (foreign used), a well-priced sedan well suited to daily commuting and city driving — a good fit for urban professionals. Comes with power steering.",
Minica,Mitsubishi,2012,83500,80000,Gasoline,Automatic,Hatchback,foreign_used,5,Silver,Power Steering,"2012 Mitsubishi Minica (foreign used), a well-priced hatchback well suited to quick city runs and easy parking — a good fit for budget-conscious buyers. Comes with power steering.",
Bolan,Suzuki,2023,437000,4000,Gasoline,Manual,Wagon,local_used,5,Gray,Immobilizer Key,"2023 Suzuki Bolan (locally used), a premium wagon well suited to family trips with plenty of cargo room — a good fit for family-oriented drivers. Comes with immobilizer key.",
Ravi,Suzuki,2017,281000,60585,Gasoline,Manual,Truck,foreign_used,2,White,Power Steering; Power Windows,"2017 Suzuki Ravi (foreign used), a well-priced truck well suited to hauling and rough roads — a good fit for adventure seekers. Comes with power steering.",
Bolan,Suzuki,2004,197000,80000,Gasoline,Manual,Wagon,foreign_used,5,White,Navigation,"2004 Suzuki Bolan (foreign used), a budget-friendly wagon well suited to family trips with plenty of cargo room — a good fit for family-oriented drivers. Comes with navigation.",
Minicab Bravo,Mitsubishi,2009,255500,30000,Gasoline,Automatic,Truck,local_used,2,White,ABS; Air Bags,"2009 Mitsubishi Minicab Bravo (locally used), a well-priced truck well suited to hauling and rough roads — a good fit for adventure seekers. Comes with ABS.",
Move,Daihatsu,2001,85000,1222,Gasoline,Automatic,Hatchback,foreign_used,5,White,ABS; Air Bags; Power Mirrors,"2001 Daihatsu Move (foreign used), a well-priced hatchback well suited to quick city runs and easy parking — a good fit for budget-conscious buyers. Comes with ABS.",
Ravi,Suzuki,2012,261000,100000,Gasoline,Manual,Truck,foreign_used,2,Black,Premium Audio,"2012 Suzuki Ravi (foreign used), a well-priced truck well suited to hauling and rough roads — a good fit for adventure seekers. Comes with premium audio.",
Ravi,Suzuki,2008,268000,12345,Gasoline,Manual,Truck,foreign_used,2,White,Premium Audio,"2008 Suzuki Ravi (foreign used), a well-priced truck well suited to hauling and rough roads — a good fit for adventure seekers. Comes with premium audio.",
Mehran VXR,Suzuki,2002,76000,52852,Gasoline,Manual,Hatchback,foreign_used,5,White,,"2002 Suzuki Mehran VXR (foreign used), a well-priced hatchback well suited to quick city runs and easy parking — a good fit for budget-conscious buyers.",
Cultus VXL,Suzuki,2007,76500,98000,Gasoline,Manual,Hatchback,local_used,5,White,,"2007 Suzuki Cultus VXL (locally used), a well-priced hatchback well suited to quick city runs and easy parking — a good fit for budget-conscious buyers.",
Ravi,Suzuki,2006,243000,100000,Gasoline,Manual,Truck,foreign_used,2,Silver,,"2006 Suzuki Ravi (foreign used), a well-priced truck well suited to hauling and rough roads — a good fit for adventure seekers.",
Ravi,Suzuki,2011,345000,10000,Gasoline,Manual,Truck,local_used,2,White,Premium Audio,"2011 Suzuki Ravi (locally used), a well-priced truck well suited to hauling and rough roads — a good fit for adventure seekers. Comes with premium audio.",
Ravi,Suzuki,2007,233500,56897,Gasoline,Manual,Truck,foreign_used,2,Black,Premium Audio,"2007 Suzuki Ravi (foreign used), a well-priced truck well suited to hauling and rough roads — a good fit for adventure seekers. Comes with premium audio.",
Minicab Bravo,Mitsubishi,2008,308000,12345,Gasoline,Automatic,Truck,foreign_used,2,Silver,Premium Audio,"2008 Mitsubishi Minicab Bravo (foreign used), a well-priced truck well suited to hauling and rough roads — a good fit for adventure seekers. Comes with premium audio.",
City Aspire,Honda,2007,106000,170000,Gasoline,Manual,Sedan,foreign_used,5,Gray,,"2007 Honda City Aspire (foreign used), a well-priced sedan well suited to daily commuting and city driving — a good fit for urban professionals.",
Mehran VXR,Suzuki,2021,111500,55000,Gasoline,Automatic,Hatchback,foreign_used,5,White,,"2021 Suzuki Mehran VXR (foreign used), a premium hatchback well suited to quick city runs and easy parking — a good fit for budget-conscious buyers.",
Ravi,Suzuki,2010,239000,124532,Gasoline,Manual,Truck,foreign_used,2,Blue,Premium Audio,"2010 Suzuki Ravi (foreign used), a well-priced truck well suited to hauling and rough roads — a good fit for adventure seekers. Comes with premium audio.",
Bolan,Suzuki,2001,235500,60000,Gasoline,Manual,Wagon,local_used,5,Silver,Premium Audio,"2001 Suzuki Bolan (locally used), a well-priced wagon well suited to family trips with plenty of cargo room — a good fit for family-oriented drivers. Comes with premium audio.",
Lancer,Mitsubishi,2023,154500,165000,Gasoline,Manual,Sedan,foreign_used,5,White,Power Steering,"2023 Mitsubishi Lancer (foreign used), a well-priced sedan well suited to daily commuting and city driving — a good fit for urban professionals. Comes with power steering.",
City IDSI,Honda,2019,159000,83000,Gasoline,Manual,Sedan,local_used,5,Blue,Backup Camera,"2019 Honda City IDSI (locally used), a well-priced sedan well suited to daily commuting and city driving — a good fit for urban professionals. Comes with backup camera.",
Corolla GLI,Toyota,2001,117000,100000,Gasoline,Manual,Sedan,foreign_used,5,Red,Premium Audio,"2001 Toyota Corolla GLI (foreign used), a well-priced sedan well suited to daily commuting and city driving — a good fit for urban professionals. Comes with premium audio.",
Mira,Daihatsu,2023,134000,7500,Gasoline,Automatic,Hatchback,local_used,5,White,,"2023 Daihatsu Mira (locally used), a premium hatchback well suited to quick city runs and easy parking — a good fit for budget-conscious buyers.",
Ravi,Suzuki,2023,436000,4000,Gasoline,Manual,Truck,local_used,2,Black,,"2023 Suzuki Ravi (locally used), a premium truck well suited to hauling and rough roads — a good fit for adventure seekers.",
Corolla XLI,Toyota,2023,155500,99000,Gasoline,Manual,Sedan,local_used,5,Blue,,"2023 Toyota Corolla XLI (locally used), a well-priced sedan well suited to daily commuting and city driving — a good fit for urban professionals.",
Mehran VX,Suzuki,2006,75500,11223,Gasoline,Manual,Hatchback,local_used,5,Gray,,"2006 Suzuki Mehran VX (locally used), a well-priced hatchback well suited to quick city runs and easy parking — a good fit for budget-conscious buyers.",
Every,Suzuki,2024,275000,100000,Gasoline,Automatic,Wagon,local_used,5,White,Air Bags,"2024 Suzuki Every (locally used), a well-priced wagon well suited to family trips with plenty of cargo room — a good fit for family-oriented drivers. Comes with air bags.",
Hijet,Daihatsu,2021,254000,169000,Gasoline,Automatic,Truck,foreign_used,2,White,Air Bags,"2021 Daihatsu Hijet (foreign used), a well-priced truck well suited to hauling and rough roads — a good fit for adventure seekers. Comes with air bags.",
City IDSI,Honda,2012,162000,100000,Gasoline,Manual,Sedan,foreign_used,5,Black,ABS,"2012 Honda City IDSI (foreign used), a well-priced sedan well suited to daily commuting and city driving — a good fit for urban professionals. Comes with ABS.",
Baleno,Suzuki,2007,49000,180000,Gasoline,Manual,Hatchback,foreign_used,5,Silver,ABS,"2007 Suzuki Baleno (foreign used), a budget-friendly hatchback well suited to quick city runs and easy parking — a good fit for budget-conscious buyers. Comes with ABS.",
i10,Hyundai,2020,104000,1000,Gasoline,Manual,Hatchback,foreign_used,5,Blue,,"2020 Hyundai i10 (foreign used), a well-priced hatchback well suited to quick city runs and easy parking — a good fit for budget-conscious buyers.",
Swift,Maruti,2020,115500,1000,Gasoline,Manual,Hatchback,foreign_used,5,White,,"2020 Maruti Swift (foreign used), a well-priced hatchback well suited to quick city runs and easy parking — a good fit for budget-conscious buyers.",
i20,Hyundai,2020,105000,2000,Gasoline,Manual,Hatchback,foreign_used,5,Silver,,"2020 Hyundai i20 (foreign used), a well-priced hatchback well suited to quick city runs and easy parking — a good fit for budget-conscious buyers.",
EcoSport,Ford,2019,359000,2600,Diesel,Manual,SUV,foreign_used,5,Silver,,"2019 Ford EcoSport (foreign used), a premium suv well suited to family trips and weekend getaways — a good fit for family-oriented drivers.",
i20,Hyundai,2019,124500,3000,Gasoline,Manual,Hatchback,foreign_used,5,Red,,"2019 Hyundai i20 (foreign used), a well-priced hatchback well suited to quick city runs and easy parking — a good fit for budget-conscious buyers.",
Swift,Maruti,2019,128000,3000,Gasoline,Manual,Hatchback,foreign_used,5,Blue,,"2019 Maruti Swift (foreign used), a premium hatchback well suited to quick city runs and easy parking — a good fit for budget-conscious buyers.",
i10,Hyundai,2019,127500,3010,Gasoline,Automatic,Hatchback,local_used,5,Silver,,"2019 Hyundai i10 (locally used), a premium hatchback well suited to quick city runs and easy parking — a good fit for budget-conscious buyers.",
Swift,Maruti,2018,124500,4773,Gasoline,Manual,Hatchback,foreign_used,5,White,,"2018 Maruti Swift (foreign used), a well-priced hatchback well suited to quick city runs and easy parking — a good fit for budget-conscious buyers.",
WagonR,Maruti,2019,98500,4875,Gasoline,Manual,Hatchback,foreign_used,5,Red,,"2019 Maruti WagonR (foreign used), a well-priced hatchback well suited to quick city runs and easy parking — a good fit for budget-conscious buyers.",
WagonR,Maruti,2015,93000,5000,Gasoline,Manual,Hatchback,foreign_used,5,Gray,,"2015 Maruti WagonR (foreign used), a well-priced hatchback well suited to quick city runs and easy parking — a good fit for budget-conscious buyers.",
Alto,Maruti,2020,104000,5000,Gasoline,Manual,Hatchback,local_used,5,Black,,"2020 Maruti Alto (locally used), a well-priced hatchback well suited to quick city runs and easy parking — a good fit for budget-conscious buyers.",
Etios,Toyota,2017,184000,5000,Diesel,Manual,Sedan,local_used,5,Silver,,"2017 Toyota Etios (locally used), a well-priced sedan well suited to daily commuting and city driving — a good fit for urban professionals.",
WagonR,Maruti,2018,115000,5000,Gasoline,Automatic,Hatchback,local_used,5,White,,"2018 Maruti WagonR (locally used), a well-priced hatchback well suited to quick city runs and easy parking — a good fit for budget-conscious buyers.",
Lodgy,Renault,2019,368500,5000,Gasoline,Manual,Wagon,foreign_used,7,Black,,"2019 Renault Lodgy (foreign used), a well-priced wagon well suited to family trips with plenty of cargo room — a good fit for family-oriented drivers.",
i20,Hyundai,2017,108000,5000,Gasoline,Manual,Hatchback,foreign_used,5,Red,,"2017 Hyundai i20 (foreign used), a well-priced hatchback well suited to quick city runs and easy parking — a good fit for budget-conscious buyers.",
Duster,Renault,2018,302000,5000,Gasoline,Manual,SUV,foreign_used,5,White,,"2018 Renault Duster (foreign used), a well-priced suv well suited to family trips and weekend getaways — a good fit for family-oriented drivers.",
Alto,Maruti,2016,103500,5000,Gasoline,Manual,Hatchback,foreign_used,5,Black,,"2016 Maruti Alto (foreign used), a well-priced hatchback well suited to quick city runs and easy parking — a good fit for budget-conscious buyers.",
Tiago,Tata,2019,132000,5200,Gasoline,Manual,Hatchback,foreign_used,5,Black,,"2019 Tata Tiago (foreign used), a premium hatchback well suited to quick city runs and easy parking — a good fit for budget-conscious buyers.",
Vento,Volkswagen,2019,201000,5400,Diesel,Manual,Sedan,foreign_used,5,Silver,,"2019 Volkswagen Vento (foreign used), a well-priced sedan well suited to daily commuting and city driving — a good fit for urban professionals.",
WagonR,Maruti,2016,121000,5800,Gasoline,Manual,Hatchback,foreign_used,5,Blue,,"2016 Maruti WagonR (foreign used), a well-priced hatchback well suited to quick city runs and easy parking — a good fit for budget-conscious buyers.",
Scorpio,Mahindra,2019,347000,6544,Diesel,Manual,SUV,local_used,5,Gray,,"2019 Mahindra Scorpio (locally used), a premium suv well suited to family trips and weekend getaways — a good fit for family-oriented drivers.",
Swift,Maruti,2016,116500,6757,Gasoline,Manual,Hatchback,local_used,5,Black,,"2016 Maruti Swift (locally used), a well-priced hatchback well suited to quick city runs and easy parking — a good fit for budget-conscious buyers.",
i10,Hyundai,2018,105500,7000,Gasoline,Manual,Hatchback,foreign_used,5,Red,,"2018 Hyundai i10 (foreign used), a well-priced hatchback well suited to quick city runs and easy parking — a good fit for budget-conscious buyers.",
Lodgy,Renault,2016,335500,7000,Diesel,Manual,Wagon,foreign_used,8,White,,"2016 Renault Lodgy (foreign used), a well-priced wagon well suited to family trips with plenty of cargo room — a good fit for family-oriented drivers.",
Santro,Hyundai,2016,110500,7672,Gasoline,Manual,Hatchback,foreign_used,5,Silver,,"2016 Hyundai Santro (foreign used), a well-priced hatchback well suited to quick city runs and easy parking — a good fit for budget-conscious buyers.",
Swift,Maruti,2015,99000,7967,Gasoline,Manual,Hatchback,foreign_used,5,Silver,,"2015 Maruti Swift (foreign used), a well-priced hatchback well suited to quick city runs and easy parking — a good fit for budget-conscious buyers.",
Santro,Hyundai,2017,109000,8000,Gasoline,Manual,Hatchback,local_used,5,Silver,,"2017 Hyundai Santro (locally used), a well-priced hatchback well suited to quick city runs and easy parking — a good fit for budget-conscious buyers.",
Indigo,Tata,2018,204500,8000,Diesel,Automatic,Sedan,local_used,5,Gray,,"2018 Tata Indigo (locally used), a well-priced sedan well suited to daily commuting and city driving — a good fit for urban professionals.",
Swift,Maruti,2012,90000,8500,Gasoline,Manual,Hatchback,local_used,5,Silver,,"2012 Maruti Swift (locally used), a well-priced hatchback well suited to quick city runs and easy parking — a good fit for budget-conscious buyers.",
i10,Hyundai,2016,115500,9750,Gasoline,Manual,Hatchback,foreign_used,5,Black,,"2016 Hyundai i10 (foreign used), a well-priced hatchback well suited to quick city runs and easy parking — a good fit for budget-conscious buyers.",
Santro,Hyundai,2018,104500,10000,Gasoline,Manual,Hatchback,foreign_used,5,Black,,"2018 Hyundai Santro (foreign used), a well-priced hatchback well suited to quick city runs and easy parking — a good fit for budget-conscious buyers.",
i10,Hyundai,2014,112000,10000,Gasoline,Manual,Hatchback,foreign_used,5,Gray,,"2014 Hyundai i10 (foreign used), a well-priced hatchback well suited to quick city runs and easy parking — a good fit for budget-conscious buyers.",
Alto,Maruti,2011,84000,10000,Gasoline,Manual,Hatchback,foreign_used,5,White,,"2011 Maruti Alto (foreign used), a well-priced hatchback well suited to quick city runs and easy parking — a good fit for budget-conscious buyers.",
Swift,Maruti,2017,110000,10000,Gasoline,Automatic,Hatchback,foreign_used,5,Silver,,"2017 Maruti Swift (foreign used), a well-priced hatchback well suited to quick city runs and easy parking — a good fit for budget-conscious buyers.",
Tiago,Tata,2018,114000,10000,Gasoline,Automatic,Hatchback,foreign_used,5,Black,,"2018 Tata Tiago (foreign used), a well-priced hatchback well suited to quick city runs and easy parking — a good fit for budget-conscious buyers.",
WagonR,Maruti,2017,107000,10000,Gasoline,Manual,Hatchback,foreign_used,5,White,,"2017 Maruti WagonR (foreign used), a well-priced hatchback well suited to quick city runs and easy parking — a good fit for budget-conscious buyers.",
i20,Hyundai,2018,123000,10000,Gasoline,Manual,Hatchback,foreign_used,5,Silver,,"2018 Hyundai i20 (foreign used), a well-priced hatchback well suited to quick city runs and easy parking — a good fit for budget-conscious buyers.",
i20,Hyundai,2016,92000,10000,Diesel,Manual,Hatchback,foreign_used,5,White,,"2016 Hyundai i20 (foreign used), a well-priced hatchback well suited to quick city runs and easy parking — a good fit for budget-conscious buyers.",
Tiago,Tata,2017,104000,10000,Gasoline,Manual,Hatchback,foreign_used,5,White,,"2017 Tata Tiago (foreign used), a well-priced hatchback well suited to quick city runs and easy parking — a good fit for budget-conscious buyers.",
Indigo,Tata,2019,209000,10000,Diesel,Automatic,Sedan,foreign_used,5,Silver,,"2019 Tata Indigo (foreign used), a well-priced sedan well suited to daily commuting and city driving — a good fit for urban professionals.",
WagonR,Maruti,2014,100500,10000,Gasoline,Manual,Hatchback,foreign_used,5,Gray,,"2014 Maruti WagonR (foreign used), a well-priced hatchback well suited to quick city runs and easy parking — a good fit for budget-conscious buyers.",
Bolero,Mahindra,2018,323000,10000,Diesel,Manual,SUV,local_used,8,White,,"2018 Mahindra Bolero (locally used), a well-priced suv well suited to family trips and weekend getaways — a good fit for family-oriented drivers.",
Alto,Maruti,2014,89000,10300,Gasoline,Manual,Hatchback,foreign_used,5,Gray,,"2014 Maruti Alto (foreign used), a well-priced hatchback well suited to quick city runs and easy parking — a good fit for budget-conscious buyers.",
WagonR,Maruti,2012,79500,13000,Gasoline,Manual,Hatchback,foreign_used,5,Gray,,"2012 Maruti WagonR (foreign used), a well-priced hatchback well suited to quick city runs and easy parking — a good fit for budget-conscious buyers.",
Kwid,Renault,2018,123000,13000,Gasoline,Manual,Hatchback,local_used,5,Silver,,"2018 Renault Kwid (locally used), a well-priced hatchback well suited to quick city runs and easy parking — a good fit for budget-conscious buyers.",
Figo,Ford,2018,119500,13000,Gasoline,Manual,Hatchback,local_used,5,Black,,"2018 Ford Figo (locally used), a well-priced hatchback well suited to quick city runs and easy parking — a good fit for budget-conscious buyers.",
WagonR,Maruti,2020,120500,13000,Gasoline,Manual,Hatchback,foreign_used,5,Yellow,,"2020 Maruti WagonR (foreign used), a well-priced hatchback well suited to quick city runs and easy parking — a good fit for budget-conscious buyers.",
Ertiga,Maruti,2015,321000,14000,Diesel,Manual,Wagon,foreign_used,7,Black,,"2015 Maruti Ertiga (foreign used), a well-priced wagon well suited to family trips with plenty of cargo room — a good fit for family-oriented drivers.",
Ertiga,Maruti,2014,299000,15000,Diesel,Manual,Wagon,foreign_used,7,White,,"2014 Maruti Ertiga (foreign used), a well-priced wagon well suited to family trips with plenty of cargo room — a good fit for family-oriented drivers.",
Ciaz,Maruti,2019,208000,15000,Gasoline,Automatic,Sedan,local_used,5,Black,,"2019 Maruti Ciaz (locally used), a well-priced sedan well suited to daily commuting and city driving — a good fit for urban professionals.",
Alto,Maruti,2015,93000,15000,Gasoline,Manual,Hatchback,foreign_used,5,Gray,,"2015 Maruti Alto (foreign used), a well-priced hatchback well suited to quick city runs and easy parking — a good fit for budget-conscious buyers.",
i20,Hyundai,2014,98500,15000,Gasoline,Manual,Hatchback,foreign_used,5,Blue,,"2014 Hyundai i20 (foreign used), a well-priced hatchback well suited to quick city runs and easy parking — a good fit for budget-conscious buyers.",
Duster,Renault,2019,339000,15000,Gasoline,Manual,SUV,foreign_used,5,Silver,,"2019 Renault Duster (foreign used), a well-priced suv well suited to family trips and weekend getaways — a good fit for family-oriented drivers.",
Duster,Renault,2017,274500,16500,Gasoline,Manual,SUV,local_used,5,Black,,"2017 Renault Duster (locally used), a well-priced suv well suited to family trips and weekend getaways — a good fit for family-oriented drivers.",
Santro,Hyundai,2015,91000,17000,Gasoline,Manual,Hatchback,foreign_used,5,Black,,"2015 Hyundai Santro (foreign used), a well-priced hatchback well suited to quick city runs and easy parking — a good fit for budget-conscious buyers.",
Alto,Maruti,2009,82000,17000,Gasoline,Manual,Hatchback,foreign_used,5,Silver,,"2009 Maruti Alto (foreign used), a well-priced hatchback well suited to quick city runs and easy parking — a good fit for budget-conscious buyers.",
EcoSport,Ford,2018,267500,17000,Diesel,Manual,SUV,foreign_used,5,White,,"2018 Ford EcoSport (foreign used), a well-priced suv well suited to family trips and weekend getaways — a good fit for family-oriented drivers.",
Alto,Maruti,2013,101000,18000,Gasoline,Manual,Hatchback,local_used,5,Black,,"2013 Maruti Alto (locally used), a well-priced hatchback well suited to quick city runs and easy parking — a good fit for budget-conscious buyers.",
Vento,Volkswagen,2018,187500,18000,Diesel,Manual,Sedan,foreign_used,5,Gray,,"2018 Volkswagen Vento (foreign used), a well-priced sedan well suited to daily commuting and city driving — a good fit for urban professionals.",
Alto,Maruti,2008,65500,19000,Gasoline,Manual,Hatchback,local_used,5,White,,"2008 Maruti Alto (locally used), a budget-friendly hatchback well suited to quick city runs and easy parking — a good fit for budget-conscious buyers.",
Duster,Renault,2016,268000,20000,Gasoline,Manual,SUV,foreign_used,5,White,,"2016 Renault Duster (foreign used), a well-priced suv well suited to family trips and weekend getaways — a good fit for family-oriented drivers.",
Santro,Hyundai,2013,104500,20000,Gasoline,Manual,Hatchback,foreign_used,5,Red,,"2013 Hyundai Santro (foreign used), a well-priced hatchback well suited to quick city runs and easy parking — a good fit for budget-conscious buyers.",
Alto,Maruti,2010,91000,20000,Gasoline,Manual,Hatchback,foreign_used,5,Black,,"2010 Maruti Alto (foreign used), a well-priced hatchback well suited to quick city runs and easy parking — a good fit for budget-conscious buyers.",
Santro,Hyundai,2012,79500,20000,Gasoline,Manual,Hatchback,foreign_used,5,Black,,"2012 Hyundai Santro (foreign used), a well-priced hatchback well suited to quick city runs and easy parking — a good fit for budget-conscious buyers.",
i10,Hyundai,2015,96000,20000,Gasoline,Manual,Hatchback,local_used,5,Gray,,"2015 Hyundai i10 (locally used), a well-priced hatchback well suited to quick city runs and easy parking — a good fit for budget-conscious buyers.",
Verna,Hyundai,2019,219000,20000,Diesel,Automatic,Sedan,foreign_used,5,Yellow,,"2019 Hyundai Verna (foreign used), a premium sedan well suited to daily commuting and city driving — a good fit for urban professionals.",
i10,Hyundai,2012,76500,20000,Gasoline,Manual,Hatchback,foreign_used,5,Red,,"2012 Hyundai i10 (foreign used), a well-priced hatchback well suited to quick city runs and easy parking — a good fit for budget-conscious buyers.",
Nano,Tata,2015,91000,20000,Gasoline,Automatic,Hatchback,local_used,4,White,,"2015 Tata Nano (locally used), a well-priced hatchback well suited to quick city runs and easy parking — a good fit for budget-conscious buyers.",
Swift,Maruti,2010,83500,20000,Gasoline,Manual,Hatchback,foreign_used,5,Silver,,"2010 Maruti Swift (foreign used), a well-priced hatchback well suited to quick city runs and easy parking — a good fit for budget-conscious buyers.",
Ciaz,Maruti,2016,184000,20000,Gasoline,Manual,Sedan,foreign_used,5,Black,,"2016 Maruti Ciaz (foreign used), a well-priced sedan well suited to daily commuting and city driving — a good fit for urban professionals.",
i10,Hyundai,2010,75000,20000,Gasoline,Manual,Hatchback,foreign_used,5,Red,,"2010 Hyundai i10 (foreign used), a well-priced hatchback well suited to quick city runs and easy parking — a good fit for budget-conscious buyers.",
Ciaz,Maruti,2018,240500,22000,Gasoline,Manual,Sedan,foreign_used,5,Blue,,"2018 Maruti Ciaz (foreign used), a premium sedan well suited to daily commuting and city driving — a good fit for urban professionals.",
Nano,Tata,2016,103500,22000,Gasoline,Automatic,Hatchback,foreign_used,4,White,,"2016 Tata Nano (foreign used), a well-priced hatchback well suited to quick city runs and easy parking — a good fit for budget-conscious buyers.",
Scorpio,Mahindra,2018,330500,22000,Diesel,Manual,SUV,foreign_used,5,Red,,"2018 Mahindra Scorpio (foreign used), a well-priced suv well suited to family trips and weekend getaways — a good fit for family-oriented drivers.",
Mobilio,Honda,2017,382000,24000,Diesel,Manual,Wagon,local_used,7,Gray,,"2017 Honda Mobilio (locally used), a premium wagon well suited to family trips with plenty of cargo room — a good fit for family-oriented drivers.",
Swift Dzire,Maruti,2013,157000,24019,Diesel,Manual,Sedan,local_used,5,Gray,,"2013 Maruti Swift Dzire (locally used), a well-priced sedan well suited to daily commuting and city driving — a good fit for urban professionals.",
i20,Hyundai,2012,75500,25000,Gasoline,Manual,Hatchback,local_used,5,White,,"2012 Hyundai i20 (locally used), a well-priced hatchback well suited to quick city runs and easy parking — a good fit for budget-conscious buyers.",
Verna,Hyundai,2017,193000,25000,Diesel,Manual,Sedan,foreign_used,5,White,,"2017 Hyundai Verna (foreign used), a well-priced sedan well suited to daily commuting and city driving — a good fit for urban professionals.",
Etios,Toyota,2015,179000,25000,Diesel,Manual,Sedan,foreign_used,5,White,,"2015 Toyota Etios (foreign used), a well-priced sedan well suited to daily commuting and city driving — a good fit for urban professionals.",
Indigo,Tata,2013,158000,25000,Diesel,Manual,Sedan,local_used,5,Silver,,"2013 Tata Indigo (locally used), a well-priced sedan well suited to daily commuting and city driving — a good fit for urban professionals.",
Vento,Volkswagen,2020,237000,25000,Diesel,Manual,Sedan,foreign_used,5,White,,"2020 Volkswagen Vento (foreign used), a premium sedan well suited to daily commuting and city driving — a good fit for urban professionals.",
Aspire,Ford,2013,194000,25000,Diesel,Manual,Sedan,foreign_used,5,Black,,"2013 Ford Aspire (foreign used), a well-priced sedan well suited to daily commuting and city driving — a good fit for urban professionals.",
Indigo,Tata,2017,203000,25000,Diesel,Manual,Sedan,foreign_used,5,White,,"2017 Tata Indigo (foreign used), a well-priced sedan well suited to daily commuting and city driving — a good fit for urban professionals.",
Scorpio,Mahindra,2012,246000,25000,Diesel,Manual,SUV,foreign_used,5,White,,"2012 Mahindra Scorpio (foreign used), a well-priced suv well suited to family trips and weekend getaways — a good fit for family-oriented drivers.",
WagonR,Maruti,2013,105500,25000,Gasoline,Manual,Hatchback,foreign_used,5,Black,,"2013 Maruti WagonR (foreign used), a well-priced hatchback well suited to quick city runs and easy parking — a good fit for budget-conscious buyers.",
Swift Dzire,Maruti,2012,191000,25000,Diesel,Manual,Sedan,local_used,5,Black,,"2012 Maruti Swift Dzire (locally used), a well-priced sedan well suited to daily commuting and city driving — a good fit for urban professionals.",
Tiago,Tata,2015,93500,25000,Diesel,Manual,Hatchback,foreign_used,5,Blue,,"2015 Tata Tiago (foreign used), a well-priced hatchback well suited to quick city runs and easy parking — a good fit for budget-conscious buyers.",
i10,Hyundai,2017,114000,25000,Gasoline,Manual,Hatchback,foreign_used,5,Silver,,"2017 Hyundai i10 (foreign used), a well-priced hatchback well suited to quick city runs and easy parking — a good fit for budget-conscious buyers.",
Ciaz,Maruti,2015,176500,26000,Gasoline,Manual,Sedan,foreign_used,5,White,,"2015 Maruti Ciaz (foreign used), a well-priced sedan well suited to daily commuting and city driving — a good fit for urban professionals.",
Ciaz,Maruti,2017,215500,27000,Gasoline,Manual,Sedan,foreign_used,5,Blue,,"2017 Maruti Ciaz (foreign used), a premium sedan well suited to daily commuting and city driving — a good fit for urban professionals.",
Swift Dzire,Maruti,2017,189500,28832,Diesel,Manual,Sedan,foreign_used,5,Blue,,"2017 Maruti Swift Dzire (foreign used), a well-priced sedan well suited to daily commuting and city driving — a good fit for urban professionals.",
Vento,Volkswagen,2017,186500,29000,Diesel,Manual,Sedan,foreign_used,5,Silver,,"2017 Volkswagen Vento (foreign used), a well-priced sedan well suited to daily commuting and city driving — a good fit for urban professionals.",
Verna,Hyundai,2014,184500,29340,Diesel,Manual,Sedan,foreign_used,5,Silver,,"2014 Hyundai Verna (foreign used), a well-priced sedan well suited to daily commuting and city driving — a good fit for urban professionals.",
Swift Dzire,Maruti,2014,167500,30000,Diesel,Manual,Sedan,local_used,5,Red,,"2014 Maruti Swift Dzire (locally used), a well-priced sedan well suited to daily commuting and city driving — a good fit for urban professionals.",
Alto,Maruti,2006,62000,30000,Gasoline,Manual,Hatchback,foreign_used,5,White,,"2006 Maruti Alto (foreign used), a budget-friendly hatchback well suited to quick city runs and easy parking — a good fit for budget-conscious buyers.",
Aspire,Ford,2014,157500,30000,Diesel,Manual,Sedan,foreign_used,5,Orange,,"2014 Ford Aspire (foreign used), a well-priced sedan well suited to daily commuting and city driving — a good fit for urban professionals.",
Ertiga,Maruti,2013,318500,30000,Diesel,Manual,Wagon,local_used,7,Blue,,"2013 Maruti Ertiga (locally used), a well-priced wagon well suited to family trips with plenty of cargo room — a good fit for family-oriented drivers.",
WagonR,Maruti,2011,88000,30000,Gasoline,Manual,Hatchback,foreign_used,5,Gray,,"2011 Maruti WagonR (foreign used), a well-priced hatchback well suited to quick city runs and easy parking — a good fit for budget-conscious buyers.",
EcoSport,Ford,2016,311500,30000,Diesel,Manual,SUV,foreign_used,5,Blue,,"2016 Ford EcoSport (foreign used), a well-priced suv well suited to family trips and weekend getaways — a good fit for family-oriented drivers.",
Alto,Maruti,2012,95500,30000,Gasoline,Manual,Hatchback,local_used,5,Silver,,"2012 Maruti Alto (locally used), a well-priced hatchback well suited to quick city runs and easy parking — a good fit for budget-conscious buyers.",
i10,Hyundai,2011,78000,30000,Gasoline,Manual,Hatchback,local_used,5,Black,,"2011 Hyundai i10 (locally used), a well-priced hatchback well suited to quick city runs and easy parking — a good fit for budget-conscious buyers.",
i20,Hyundai,2013,89000,30000,Gasoline,Manual,Hatchback,local_used,5,Black,,"2013 Hyundai i20 (locally used), a well-priced hatchback well suited to quick city runs and easy parking — a good fit for budget-conscious buyers.",
i10,Hyundai,2008,74500,30000,Gasoline,Manual,Hatchback,foreign_used,5,White,,"2008 Hyundai i10 (foreign used), a well-priced hatchback well suited to quick city runs and easy parking — a good fit for budget-conscious buyers.",
Verna,Hyundai,2018,178500,30000,Diesel,Automatic,Sedan,foreign_used,5,White,,"2018 Hyundai Verna (foreign used), a well-priced sedan well suited to daily commuting and city driving — a good fit for urban professionals.",
Tiago,Tata,2010,79000,30000,Diesel,Manual,Hatchback,foreign_used,5,Red,,"2010 Tata Tiago (foreign used), a well-priced hatchback well suited to quick city runs and easy parking — a good fit for budget-conscious buyers.",
Etios,Toyota,2014,175000,31000,Diesel,Manual,Sedan,foreign_used,5,Blue,,"2014 Toyota Etios (foreign used), a well-priced sedan well suited to daily commuting and city driving — a good fit for urban professionals.",
Vento,Volkswagen,2015,166500,33000,Diesel,Manual,Sedan,foreign_used,5,White,,"2015 Volkswagen Vento (foreign used), a well-priced sedan well suited to daily commuting and city driving — a good fit for urban professionals.",
EcoSport,Ford,2017,326000,33000,Diesel,Manual,SUV,local_used,5,Gray,,"2017 Ford EcoSport (locally used), a well-priced suv well suited to family trips and weekend getaways — a good fit for family-oriented drivers.",
Lodgy,Renault,2017,305000,34000,Diesel,Manual,Wagon,foreign_used,8,Black,,"2017 Renault Lodgy (foreign used), a well-priced wagon well suited to family trips with plenty of cargo room — a good fit for family-oriented drivers.",
Indigo,Tata,2012,161000,35000,Diesel,Manual,Sedan,local_used,5,Gray,,"2012 Tata Indigo (locally used), a well-priced sedan well suited to daily commuting and city driving — a good fit for urban professionals.",
Santro,Hyundai,2011,83500,35000,Gasoline,Manual,Hatchback,foreign_used,5,White,,"2011 Hyundai Santro (foreign used), a well-priced hatchback well suited to quick city runs and easy parking — a good fit for budget-conscious buyers.",
i10,Hyundai,2009,83500,35000,Gasoline,Manual,Hatchback,foreign_used,5,White,,"2009 Hyundai i10 (foreign used), a well-priced hatchback well suited to quick city runs and easy parking — a good fit for budget-conscious buyers.",
Alto,Maruti,2007,77500,35000,Gasoline,Manual,Hatchback,foreign_used,5,White,,"2007 Maruti Alto (foreign used), a well-priced hatchback well suited to quick city runs and easy parking — a good fit for budget-conscious buyers.",
Lodgy,Renault,2018,320000,35000,Diesel,Manual,Wagon,foreign_used,7,Black,,"2018 Renault Lodgy (foreign used), a well-priced wagon well suited to family trips with plenty of cargo room — a good fit for family-oriented drivers.",
Verna,Hyundai,2011,153000,35000,Diesel,Manual,Sedan,local_used,5,Gray,,"2011 Hyundai Verna (locally used), a well-priced sedan well suited to daily commuting and city driving — a good fit for urban professionals.",
Swift,Maruti,2014,88500,35000,Gasoline,Manual,Hatchback,local_used,5,Yellow,,"2014 Maruti Swift (locally used), a well-priced hatchback well suited to quick city runs and easy parking — a good fit for budget-conscious buyers.",
i20,Hyundai,2008,67500,35000,Gasoline,Manual,Hatchback,foreign_used,5,Black,,"2008 Hyundai i20 (foreign used), a well-priced hatchback well suited to quick city runs and easy parking — a good fit for budget-conscious buyers.",
WagonR,Maruti,2008,65500,35008,Gasoline,Manual,Hatchback,foreign_used,5,White,,"2008 Maruti WagonR (foreign used), a budget-friendly hatchback well suited to quick city runs and easy parking — a good fit for budget-conscious buyers.",
Beat,Chevrolet,2014,96000,38000,Diesel,Manual,Hatchback,foreign_used,5,Blue,,"2014 Chevrolet Beat (foreign used), a well-priced hatchback well suited to quick city runs and easy parking — a good fit for budget-conscious buyers.",
Polo,Volkswagen,2013,89000,38000,Diesel,Manual,Hatchback,local_used,5,Silver,,"2013 Volkswagen Polo (locally used), a well-priced hatchback well suited to quick city runs and easy parking — a good fit for budget-conscious buyers.",
Verna,Hyundai,2016,172500,38600,Diesel,Manual,Sedan,foreign_used,5,Silver,,"2016 Hyundai Verna (foreign used), a well-priced sedan well suited to daily commuting and city driving — a good fit for urban professionals.",
Alto,Maruti,2005,73500,39000,Gasoline,Manual,Hatchback,foreign_used,5,White,,"2005 Maruti Alto (foreign used), a well-priced hatchback well suited to quick city runs and easy parking — a good fit for budget-conscious buyers.",
Aspire,Ford,2011,163500,40000,Diesel,Manual,Sedan,foreign_used,5,Gray,,"2011 Ford Aspire (foreign used), a well-priced sedan well suited to daily commuting and city driving — a good fit for urban professionals.",
Vento,Volkswagen,2016,191500,40000,Diesel,Manual,Sedan,foreign_used,5,Silver,,"2016 Volkswagen Vento (foreign used), a well-priced sedan well suited to daily commuting and city driving — a good fit for urban professionals.",
Duster,Renault,2014,280000,40000,Diesel,Manual,SUV,foreign_used,5,White,,"2014 Renault Duster (foreign used), a well-priced suv well suited to family trips and weekend getaways — a good fit for family-oriented drivers.",
i20,Hyundai,2015,106500,40000,Diesel,Manual,Hatchback,foreign_used,5,White,,"2015 Hyundai i20 (foreign used), a well-priced hatchback well suited to quick city runs and easy parking — a good fit for budget-conscious buyers.",
Alto,Maruti,2004,58000,40000,Gasoline,Manual,Hatchback,local_used,5,Blue,,"2004 Maruti Alto (locally used), a budget-friendly hatchback well suited to quick city runs and easy parking — a good fit for budget-conscious buyers.",
Aspire,Ford,2012,161500,40000,Diesel,Manual,Sedan,foreign_used,5,Silver,,"2012 Ford Aspire (foreign used), a well-priced sedan well suited to daily commuting and city driving — a good fit for urban professionals.",
i20,Hyundai,2011,94000,40000,Gasoline,Manual,Hatchback,foreign_used,5,Black,,"2011 Hyundai i20 (foreign used), a well-priced hatchback well suited to quick city runs and easy parking — a good fit for budget-conscious buyers.",
Tiago,Tata,2012,97500,40000,Diesel,Manual,Hatchback,foreign_used,5,Gray,,"2012 Tata Tiago (foreign used), a well-priced hatchback well suited to quick city runs and easy parking — a good fit for budget-conscious buyers.",
Jetta,Volkswagen,2012,157500,40000,Diesel,Manual,Sedan,local_used,5,Silver,,"2012 Volkswagen Jetta (locally used), a well-priced sedan well suited to daily commuting and city driving — a good fit for urban professionals.",
Verna,Hyundai,2015,161000,40000,Diesel,Manual,Sedan,foreign_used,5,Gray,,"2015 Hyundai Verna (foreign used), a well-priced sedan well suited to daily commuting and city driving — a good fit for urban professionals.",
Swift,Maruti,2011,84000,40000,Gasoline,Manual,Hatchback,foreign_used,5,White,,"2011 Maruti Swift (foreign used), a well-priced hatchback well suited to quick city runs and easy parking — a good fit for budget-conscious buyers.",
i20,Hyundai,2009,86500,40000,Diesel,Manual,Hatchback,foreign_used,5,Black,,"2009 Hyundai i20 (foreign used), a well-priced hatchback well suited to quick city runs and easy parking — a good fit for budget-conscious buyers.",
Vento,Volkswagen,2014,153000,40000,Diesel,Manual,Sedan,foreign_used,5,Silver,,"2014 Volkswagen Vento (foreign used), a well-priced sedan well suited to daily commuting and city driving — a good fit for urban professionals.",
EcoSport,Ford,2015,245000,40000,Diesel,Manual,SUV,foreign_used,5,Black,,"2015 Ford EcoSport (foreign used), a well-priced suv well suited to family trips and weekend getaways — a good fit for family-oriented drivers.",
XUV500,Mahindra,2015,244500,40200,Diesel,Manual,SUV,local_used,7,Silver,,"2015 Mahindra XUV500 (locally used), a well-priced suv well suited to family trips and weekend getaways — a good fit for family-oriented drivers.",
Indigo,Tata,2010,130000,42000,Diesel,Manual,Sedan,local_used,5,Gray,,"2010 Tata Indigo (locally used), a well-priced sedan well suited to daily commuting and city driving — a good fit for urban professionals.",
Duster,Renault,2013,228000,44500,Diesel,Manual,SUV,local_used,5,Gray,,"2013 Renault Duster (locally used), a well-priced suv well suited to family trips and weekend getaways — a good fit for family-oriented drivers.",
Etios,Toyota,2013,191500,45000,Diesel,Manual,Sedan,foreign_used,5,White,,"2013 Toyota Etios (foreign used), a well-priced sedan well suited to daily commuting and city driving — a good fit for urban professionals.",
Beat,Chevrolet,2013,82000,46815,Diesel,Manual,Hatchback,foreign_used,5,Black,,"2013 Chevrolet Beat (foreign used), a well-priced hatchback well suited to quick city runs and easy parking — a good fit for budget-conscious buyers.",
EcoSport,Ford,2013,262000,48000,Diesel,Manual,SUV,local_used,5,Gray,,"2013 Ford EcoSport (locally used), a well-priced suv well suited to family trips and weekend getaways — a good fit for family-oriented drivers.",
EcoSport,Ford,2014,244500,48000,Diesel,Manual,SUV,local_used,5,Blue,,"2014 Ford EcoSport (locally used), a well-priced suv well suited to family trips and weekend getaways — a good fit for family-oriented drivers.",
Eeco,Maruti,2008,240500,48676,Gasoline,Manual,Wagon,local_used,8,Black,,"2008 Maruti Eeco (locally used), a well-priced wagon well suited to family trips with plenty of cargo room — a good fit for family-oriented drivers.",
Tiago,Tata,2016,86500,50000,Diesel,Manual,Hatchback,local_used,5,White,,"2016 Tata Tiago (locally used), a well-priced hatchback well suited to quick city runs and easy parking — a good fit for budget-conscious buyers.",
Mobilio,Honda,2019,353500,50000,Diesel,Manual,Wagon,local_used,7,Blue,,"2019 Honda Mobilio (locally used), a well-priced wagon well suited to family trips with plenty of cargo room — a good fit for family-oriented drivers.",
Tiago,Tata,2013,82500,50000,Diesel,Manual,Hatchback,foreign_used,5,Black,,"2013 Tata Tiago (foreign used), a well-priced hatchback well suited to quick city runs and easy parking — a good fit for budget-conscious buyers.",
Tiago,Tata,2011,73500,50000,Diesel,Manual,Hatchback,foreign_used,5,Silver,,"2011 Tata Tiago (foreign used), a well-priced hatchback well suited to quick city runs and easy parking — a good fit for budget-conscious buyers.",
Indigo,Tata,2011,142000,50000,Diesel,Manual,Sedan,foreign_used,5,Gray,,"2011 Tata Indigo (foreign used), a well-priced sedan well suited to daily commuting and city driving — a good fit for urban professionals.",
Aspire,Ford,2010,171500,50000,Diesel,Manual,Sedan,foreign_used,5,Gray,,"2010 Ford Aspire (foreign used), a well-priced sedan well suited to daily commuting and city driving — a good fit for urban professionals.",
Scorpio,Mahindra,2014,235500,50000,Diesel,Manual,SUV,local_used,5,White,,"2014 Mahindra Scorpio (locally used), a well-priced suv well suited to family trips and weekend getaways — a good fit for family-oriented drivers.",
Alto,Maruti,2002,47500,50000,Gasoline,Manual,Hatchback,local_used,5,Black,,"2002 Maruti Alto (locally used), a budget-friendly hatchback well suited to quick city runs and easy parking — a good fit for budget-conscious buyers.",
i20,Hyundai,2010,77000,50000,Gasoline,Manual,Hatchback,foreign_used,5,Silver,,"2010 Hyundai i20 (foreign used), a well-priced hatchback well suited to quick city runs and easy parking — a good fit for budget-conscious buyers.",
Nano,Tata,2018,93000,55000,Gasoline,Automatic,Hatchback,foreign_used,4,Blue,,"2018 Tata Nano (foreign used), a well-priced hatchback well suited to quick city runs and easy parking — a good fit for budget-conscious buyers.",
Scorpio,Mahindra,2011,228000,57000,Diesel,Manual,SUV,local_used,5,Black,,"2011 Mahindra Scorpio (locally used), a well-priced suv well suited to family trips and weekend getaways — a good fit for family-oriented drivers.",
Tiago,Tata,2014,97500,60000,Diesel,Manual,Hatchback,foreign_used,5,Silver,,"2014 Tata Tiago (foreign used), a well-priced hatchback well suited to quick city runs and easy parking — a good fit for budget-conscious buyers.",
Etios,Toyota,2010,141500,60000,Diesel,Manual,Sedan,foreign_used,5,Gray,,"2010 Toyota Etios (foreign used), a well-priced sedan well suited to daily commuting and city driving — a good fit for urban professionals.",
Swift Dzire,Maruti,2011,173000,60000,Diesel,Manual,Sedan,foreign_used,5,Yellow,,"2011 Maruti Swift Dzire (foreign used), a well-priced sedan well suited to daily commuting and city driving — a good fit for urban professionals.",
Beat,Chevrolet,2016,86000,60000,Diesel,Manual,Hatchback,foreign_used,5,White,,"2016 Chevrolet Beat (foreign used), a well-priced hatchback well suited to quick city runs and easy parking — a good fit for budget-conscious buyers.",
Mobilio,Honda,2016,290500,60000,Diesel,Manual,Wagon,local_used,7,Gray,,"2016 Honda Mobilio (locally used), a well-priced wagon well suited to family trips with plenty of cargo room — a good fit for family-oriented drivers.",
Verna,Hyundai,2012,179000,60000,Diesel,Manual,Sedan,local_used,5,White,,"2012 Hyundai Verna (locally used), a well-priced sedan well suited to daily commuting and city driving — a good fit for urban professionals.",
EcoSport,Ford,2012,218000,60000,Diesel,Manual,SUV,foreign_used,5,Silver,,"2012 Ford EcoSport (foreign used), a well-priced suv well suited to family trips and weekend getaways — a good fit for family-oriented drivers.",
Ciaz,Maruti,2002,108000,60000,Diesel,Manual,Sedan,foreign_used,5,Black,,"2002 Maruti Ciaz (foreign used), a budget-friendly sedan well suited to daily commuting and city driving — a good fit for urban professionals.",
City,Honda,2008,135000,60000,Gasoline,Automatic,Sedan,foreign_used,5,Blue,,"2008 Honda City (foreign used), a well-priced sedan well suited to daily commuting and city driving — a good fit for urban professionals.",
Duster,Renault,2015,247500,60000,Diesel,Manual,SUV,foreign_used,5,White,,"2015 Renault Duster (foreign used), a well-priced suv well suited to family trips and weekend getaways — a good fit for family-oriented drivers.",
Swift Dzire,Maruti,2016,203000,60000,Diesel,Manual,Sedan,foreign_used,5,White,,"2016 Maruti Swift Dzire (foreign used), a well-priced sedan well suited to daily commuting and city driving — a good fit for urban professionals.",
Polo,Volkswagen,2012,90500,60300,Diesel,Manual,Hatchback,foreign_used,5,Red,,"2012 Volkswagen Polo (foreign used), a well-priced hatchback well suited to quick city runs and easy parking — a good fit for budget-conscious buyers.",
Swift,Maruti,2013,80000,62000,Gasoline,Manual,Hatchback,foreign_used,5,Gray,,"2013 Maruti Swift (foreign used), a well-priced hatchback well suited to quick city runs and easy parking — a good fit for budget-conscious buyers.",
Swift Dzire,Maruti,2010,133000,64000,Diesel,Manual,Sedan,local_used,5,White,,"2010 Maruti Swift Dzire (locally used), a well-priced sedan well suited to daily commuting and city driving — a good fit for urban professionals.",
Jetta,Volkswagen,2011,150000,65000,Diesel,Manual,Sedan,foreign_used,5,Yellow,,"2011 Volkswagen Jetta (foreign used), a well-priced sedan well suited to daily commuting and city driving — a good fit for urban professionals.",
Ertiga,Maruti,2016,319500,66000,Diesel,Manual,Wagon,foreign_used,7,Gray,,"2016 Maruti Ertiga (foreign used), a well-priced wagon well suited to family trips with plenty of cargo room — a good fit for family-oriented drivers.",
Duster,Renault,2012,206500,67000,Diesel,Manual,SUV,foreign_used,5,Black,,"2012 Renault Duster (foreign used), a well-priced suv well suited to family trips and weekend getaways — a good fit for family-oriented drivers.",
Ertiga,Maruti,2012,290500,67000,Diesel,Manual,Wagon,local_used,7,Black,,"2012 Maruti Ertiga (locally used), a well-priced wagon well suited to family trips with plenty of cargo room — a good fit for family-oriented drivers.",
Verna,Hyundai,2013,141500,69000,Diesel,Manual,Sedan,local_used,5,White,,"2013 Hyundai Verna (locally used), a well-priced sedan well suited to daily commuting and city driving — a good fit for urban professionals.",
Aspire,Ford,2015,187000,70000,Diesel,Manual,Sedan,local_used,5,Red,,"2015 Ford Aspire (locally used), a well-priced sedan well suited to daily commuting and city driving — a good fit for urban professionals.",
Swift Dzire,Maruti,2009,139000,70000,Diesel,Manual,Sedan,foreign_used,5,Gray,,"2009 Maruti Swift Dzire (foreign used), a well-priced sedan well suited to daily commuting and city driving — a good fit for urban professionals.",
Vento,Volkswagen,2013,166000,70000,Diesel,Manual,Sedan,foreign_used,5,White,,"2013 Volkswagen Vento (foreign used), a well-priced sedan well suited to daily commuting and city driving — a good fit for urban professionals.",
Etios,Toyota,2018,203000,70000,Diesel,Manual,Sedan,foreign_used,5,Blue,,"2018 Toyota Etios (foreign used), a well-priced sedan well suited to daily commuting and city driving — a good fit for urban professionals.",
WagonR,Maruti,2010,75500,70000,Gasoline,Manual,Hatchback,foreign_used,5,Black,,"2010 Maruti WagonR (foreign used), a well-priced hatchback well suited to quick city runs and easy parking — a good fit for budget-conscious buyers.",
i10,Hyundai,2013,79500,70000,Gasoline,Manual,Hatchback,foreign_used,5,Silver,,"2013 Hyundai i10 (foreign used), a well-priced hatchback well suited to quick city runs and easy parking — a good fit for budget-conscious buyers.",
i10,Hyundai,2007,65500,70000,Gasoline,Manual,Hatchback,foreign_used,5,Silver,,"2007 Hyundai i10 (foreign used), a budget-friendly hatchback well suited to quick city runs and easy parking — a good fit for budget-conscious buyers.",
XUV500,Mahindra,2018,280500,74250,Diesel,Manual,SUV,local_used,7,Yellow,,"2018 Mahindra XUV500 (locally used), a well-priced suv well suited to family trips and weekend getaways — a good fit for family-oriented drivers.",
WagonR,Maruti,2009,64500,77000,Gasoline,Manual,Hatchback,local_used,5,White,,"2009 Maruti WagonR (locally used), a budget-friendly hatchback well suited to quick city runs and easy parking — a good fit for budget-conscious buyers.",
Polo,Volkswagen,2011,81000,77000,Diesel,Manual,Hatchback,foreign_used,5,Silver,,"2011 Volkswagen Polo (foreign used), a well-priced hatchback well suited to quick city runs and easy parking — a good fit for budget-conscious buyers.",
Beat,Chevrolet,2015,82000,80000,Diesel,Manual,Hatchback,local_used,5,Silver,,"2015 Chevrolet Beat (locally used), a well-priced hatchback well suited to quick city runs and easy parking — a good fit for budget-conscious buyers.",
Lodgy,Renault,2015,244000,80000,Diesel,Manual,Wagon,local_used,8,Black,,"2015 Renault Lodgy (locally used), a well-priced wagon well suited to family trips with plenty of cargo room — a good fit for family-oriented drivers.",
Polo,Volkswagen,2010,77500,80000,Diesel,Manual,Hatchback,local_used,5,White,,"2010 Volkswagen Polo (locally used), a well-priced hatchback well suited to quick city runs and easy parking — a good fit for budget-conscious buyers.",
Etios,Toyota,2016,170000,80000,Diesel,Manual,Sedan,foreign_used,5,Silver,,"2016 Toyota Etios (foreign used), a well-priced sedan well suited to daily commuting and city driving — a good fit for urban professionals.",
Etios,Toyota,2012,156500,85000,Diesel,Manual,Sedan,local_used,5,Black,,"2012 Toyota Etios (locally used), a well-priced sedan well suited to daily commuting and city driving — a good fit for urban professionals.",
Jetta,Volkswagen,2014,144500,90000,Diesel,Manual,Sedan,foreign_used,5,White,,"2014 Volkswagen Jetta (foreign used), a well-priced sedan well suited to daily commuting and city driving — a good fit for urban professionals.",
Eeco,Maruti,2009,242500,90000,Gasoline,Manual,Wagon,local_used,8,White,,"2009 Maruti Eeco (locally used), a well-priced wagon well suited to family trips with plenty of cargo room — a good fit for family-oriented drivers.",
Etios,Toyota,2011,150500,90000,Diesel,Manual,Sedan,local_used,5,Silver,,"2011 Toyota Etios (locally used), a well-priced sedan well suited to daily commuting and city driving — a good fit for urban professionals.",
Swift Dzire,Maruti,2015,145000,90000,Diesel,Manual,Sedan,foreign_used,5,White,,"2015 Maruti Swift Dzire (foreign used), a well-priced sedan well suited to daily commuting and city driving — a good fit for urban professionals.",
Ciaz,Maruti,2010,145000,90000,Gasoline,Manual,Sedan,foreign_used,5,Red,,"2010 Maruti Ciaz (foreign used), a well-priced sedan well suited to daily commuting and city driving — a good fit for urban professionals.",
Indigo,Tata,2007,103000,90000,Diesel,Manual,Sedan,local_used,5,Red,,"2007 Tata Indigo (locally used), a budget-friendly sedan well suited to daily commuting and city driving — a good fit for urban professionals.",
Alto,Maruti,2000,46000,90000,Gasoline,Manual,Hatchback,local_used,5,Blue,,"2000 Maruti Alto (locally used), a budget-friendly hatchback well suited to quick city runs and easy parking — a good fit for budget-conscious buyers.",
Jetta,Volkswagen,2013,137500,100000,Diesel,Manual,Sedan,foreign_used,5,White,,"2013 Volkswagen Jetta (foreign used), a well-priced sedan well suited to daily commuting and city driving — a good fit for urban professionals.",
Scorpio,Mahindra,2016,203000,100000,Diesel,Manual,SUV,local_used,5,Red,,"2016 Mahindra Scorpio (locally used), a well-priced suv well suited to family trips and weekend getaways — a good fit for family-oriented drivers.",
Indigo,Tata,2008,131000,100000,Diesel,Manual,Sedan,foreign_used,5,Silver,,"2008 Tata Indigo (foreign used), a well-priced sedan well suited to daily commuting and city driving — a good fit for urban professionals.",
Ciaz,Maruti,2006,118000,110000,Diesel,Manual,Sedan,foreign_used,5,White,,"2006 Maruti Ciaz (foreign used), a well-priced sedan well suited to daily commuting and city driving — a good fit for urban professionals.",
Alto,Maruti,2003,46500,114000,Gasoline,Manual,Hatchback,foreign_used,5,Blue,,"2003 Maruti Alto (foreign used), a budget-friendly hatchback well suited to quick city runs and easy parking — a good fit for budget-conscious buyers.",
Jetta,Volkswagen,2010,107500,120000,Diesel,Manual,Sedan,foreign_used,5,Gray,,"2010 Volkswagen Jetta (foreign used), a budget-friendly sedan well suited to daily commuting and city driving — a good fit for urban professionals.",
Ciaz,Maruti,2003,100500,120000,Diesel,Manual,Sedan,foreign_used,5,Black,,"2003 Maruti Ciaz (foreign used), a budget-friendly sedan well suited to daily commuting and city driving — a good fit for urban professionals.",
Eeco,Maruti,2012,249500,120000,Gasoline,Manual,Wagon,local_used,8,Black,,"2012 Maruti Eeco (locally used), a well-priced wagon well suited to family trips with plenty of cargo room — a good fit for family-oriented drivers.",
Eeco,Maruti,2010,236000,120000,Gasoline,Manual,Wagon,foreign_used,8,Silver,,"2010 Maruti Eeco (foreign used), a well-priced wagon well suited to family trips with plenty of cargo room — a good fit for family-oriented drivers.",
Scorpio,Mahindra,2015,199000,120000,Diesel,Manual,SUV,local_used,5,Black,,"2015 Mahindra Scorpio (locally used), a well-priced suv well suited to family trips and weekend getaways — a good fit for family-oriented drivers.",
Swift Dzire,Maruti,2018,186000,120000,Diesel,Manual,Sedan,local_used,5,White,,"2018 Maruti Swift Dzire (locally used), a well-priced sedan well suited to daily commuting and city driving — a good fit for urban professionals.",
Scorpio,Mahindra,2013,162500,180000,Diesel,Manual,SUV,local_used,5,White,,"2013 Mahindra Scorpio (locally used), a budget-friendly suv well suited to family trips and weekend getaways — a good fit for family-oriented drivers.",
Zephyr,Lincoln,2006,166000,224945,Gasoline,Automatic,Sedan,local_used,5,Black,Leather Seats,"2006 Lincoln Zephyr (locally used), a well-priced sedan well suited to daily commuting and city driving — a good fit for urban professionals. Comes with leather seats.",
1 Series M,BMW,2011,278500,220564,Gasoline,Manual,Coupe,foreign_used,4,Silver,Leather Seats,"2011 BMW 1 Series M (foreign used), a well-priced coupe well suited to weekend drives and spirited handling — a good fit for lifestyle-focused drivers. Comes with leather seats.",
1 Series,BMW,2011,472000,200879,Gasoline,Manual,Convertible,local_used,4,White,Leather Seats,"2011 BMW 1 Series (locally used), a well-priced convertible well suited to weekend adventures and open-top cruising — a good fit for adventure seekers and luxury lovers. Comes with leather seats.",
1 Series,BMW,2012,313000,176287,Gasoline,Manual,Coupe,foreign_used,4,Black,Leather Seats,"2012 BMW 1 Series (foreign used), a well-priced coupe well suited to weekend drives and spirited handling — a good fit for lifestyle-focused drivers. Comes with leather seats.",
Yukon,GMC,2016,330000,99361,Gasoline,Automatic,SUV,local_used,7,Silver,All-Wheel Drive,"2016 GMC Yukon (locally used), a well-priced suv well suited to family trips and weekend getaways — a good fit for family-oriented drivers. Comes with all-wheel drive.",
Yukon,GMC,2017,329500,89424,Gasoline,Automatic,SUV,foreign_used,7,Silver,All-Wheel Drive,"2017 GMC Yukon (foreign used), a well-priced suv well suited to family trips and weekend getaways — a good fit for family-oriented drivers. Comes with all-wheel drive.",
Z3,BMW,2000,288000,243061,Gasoline,Manual,Convertible,foreign_used,4,Black,Leather Seats,"2000 BMW Z3 (foreign used), a budget-friendly convertible well suited to weekend adventures and open-top cruising — a good fit for adventure seekers and luxury lovers. Comes with leather seats.",
Yukon,GMC,2015,252000,156168,Gasoline,Automatic,SUV,foreign_used,7,Orange,,"2015 GMC Yukon (foreign used), a well-priced suv well suited to family trips and weekend getaways — a good fit for family-oriented drivers.",
Yukon XL,GMC,2017,314000,113460,Gasoline,Automatic,SUV,foreign_used,7,Red,,"2017 GMC Yukon XL (foreign used), a well-priced suv well suited to family trips and weekend getaways — a good fit for family-oriented drivers.",
Yukon XL,GMC,2015,240000,145733,Gasoline,Automatic,SUV,local_used,7,Silver,,"2015 GMC Yukon XL (locally used), a well-priced suv well suited to family trips and weekend getaways — a good fit for family-oriented drivers.",
Yukon XL,GMC,2016,332500,91235,Gasoline,Automatic,SUV,foreign_used,7,Silver,,"2016 GMC Yukon XL (foreign used), a well-priced suv well suited to family trips and weekend getaways — a good fit for family-oriented drivers.",
200,Chrysler,2015,154500,163014,Gasoline,Automatic,Sedan,foreign_used,5,Silver,All-Wheel Drive,"2015 Chrysler 200 (foreign used), a well-priced sedan well suited to daily commuting and city driving — a good fit for urban professionals. Comes with all-wheel drive.",
200,Chrysler,2016,160000,139947,Gasoline,Automatic,Sedan,local_used,5,White,,"2016 Chrysler 200 (locally used), a well-priced sedan well suited to daily commuting and city driving — a good fit for urban professionals.",
200,Audi,1990,69500,280000,Gasoline,Automatic,Sedan,foreign_used,5,Black,Leather Seats,"1990 Audi 200 (foreign used), a budget-friendly sedan well suited to daily commuting and city driving — a good fit for urban professionals. Comes with leather seats.",
200,Audi,1991,81000,280000,Gasoline,Manual,Sedan,local_used,5,White,Leather Seats; All-Wheel Drive,"1991 Audi 200 (locally used), a budget-friendly sedan well suited to daily commuting and city driving — a good fit for urban professionals. Comes with leather seats.",
2 Series,BMW,2017,435000,90904,Gasoline,Automatic,Coupe,local_used,4,Silver,Leather Seats; All-Wheel Drive,"2017 BMW 2 Series (locally used), a premium coupe well suited to weekend drives and spirited handling — a good fit for lifestyle-focused drivers. Comes with leather seats. A solid pick for luxury lovers who want a standout badge.",
2 Series,BMW,2016,656000,108255,Gasoline,Automatic,Convertible,foreign_used,4,Silver,Leather Seats,"2016 BMW 2 Series (foreign used), a well-priced convertible well suited to weekend adventures and open-top cruising — a good fit for adventure seekers and luxury lovers. Comes with leather seats.",
240SX,Nissan,1997,100000,280000,Gasoline,Manual,Coupe,local_used,4,White,,"1997 Nissan 240SX (locally used), a budget-friendly coupe well suited to weekend drives and spirited handling — a good fit for lifestyle-focused drivers.",
240SX,Nissan,1998,101500,280000,Gasoline,Manual,Coupe,foreign_used,4,Yellow,,"1998 Nissan 240SX (foreign used), a budget-friendly coupe well suited to weekend drives and spirited handling — a good fit for lifestyle-focused drivers.",
240,Volvo,1991,85500,280000,Gasoline,Manual,Wagon,foreign_used,5,Red,Leather Seats,"1991 Volvo 240 (foreign used), a budget-friendly wagon well suited to family trips with plenty of cargo room — a good fit for family-oriented drivers. Comes with leather seats.",
200SX,Nissan,1997,85000,280000,Gasoline,Manual,Coupe,foreign_used,4,Gray,,"1997 Nissan 200SX (foreign used), a budget-friendly coupe well suited to weekend drives and spirited handling — a good fit for lifestyle-focused drivers.",
200SX,Nissan,1998,97500,275435,Gasoline,Manual,Coupe,foreign_used,4,Silver,,"1998 Nissan 200SX (foreign used), a budget-friendly coupe well suited to weekend drives and spirited handling — a good fit for lifestyle-focused drivers.",
240SX,Nissan,1996,89000,280000,Gasoline,Manual,Coupe,local_used,4,Blue,,"1996 Nissan 240SX (locally used), a budget-friendly coupe well suited to weekend drives and spirited handling — a good fit for lifestyle-focused drivers.",
200,Chrysler,2017,200000,100784,Gasoline,Automatic,Sedan,local_used,5,White,,"2017 Chrysler 200 (locally used), a well-priced sedan well suited to daily commuting and city driving — a good fit for urban professionals.",
200SX,Nissan,1996,90000,280000,Gasoline,Manual,Coupe,foreign_used,4,Blue,,"1996 Nissan 200SX (foreign used), a budget-friendly coupe well suited to weekend drives and spirited handling — a good fit for lifestyle-focused drivers.",
3 Series Gran Turismo,BMW,2017,182000,123400,Gasoline,Automatic,Hatchback,foreign_used,5,White,Leather Seats; All-Wheel Drive,"2017 BMW 3 Series Gran Turismo (foreign used), a premium hatchback well suited to quick city runs and easy parking — a good fit for budget-conscious buyers. Comes with leather seats. A solid pick for luxury lovers who want a standout badge.",
3 Series,BMW,2015,540500,112178,Gasoline,Automatic,Wagon,local_used,5,Blue,Leather Seats; All-Wheel Drive,"2015 BMW 3 Series (locally used), a premium wagon well suited to family trips with plenty of cargo room — a good fit for family-oriented drivers. Comes with leather seats. A solid pick for luxury lovers who want a standout badge.",
2,Mazda,2014,71500,145025,Gasoline,Manual,Hatchback,foreign_used,5,Black,,"2014 Mazda 2 (foreign used), a well-priced hatchback well suited to quick city runs and easy parking — a good fit for budget-conscious buyers.",
3 Series Gran Turismo,BMW,2015,176500,138099,Gasoline,Automatic,Hatchback,foreign_used,5,Blue,Leather Seats; All-Wheel Drive,"2015 BMW 3 Series Gran Turismo (foreign used), a premium hatchback well suited to quick city runs and easy parking — a good fit for budget-conscious buyers. Comes with leather seats. A solid pick for luxury lovers who want a standout badge.",
3 Series Gran Turismo,BMW,2016,179000,92787,Gasoline,Automatic,Hatchback,foreign_used,5,Red,Leather Seats; All-Wheel Drive,"2016 BMW 3 Series Gran Turismo (foreign used), a premium hatchback well suited to quick city runs and easy parking — a good fit for budget-conscious buyers. Comes with leather seats. A solid pick for luxury lovers who want a standout badge.",
2,Mazda,2012,66500,177034,Gasoline,Automatic,Hatchback,local_used,5,White,,"2012 Mazda 2 (locally used), a well-priced hatchback well suited to quick city runs and easy parking — a good fit for budget-conscious buyers.",
2,Mazda,2013,83000,130301,Gasoline,Automatic,Hatchback,foreign_used,5,Silver,,"2013 Mazda 2 (foreign used), a well-priced hatchback well suited to quick city runs and easy parking — a good fit for budget-conscious buyers.",
240,Volvo,1992,47000,280000,Gasoline,Manual,Sedan,local_used,5,Orange,Leather Seats,"1992 Volvo 240 (locally used), a budget-friendly sedan well suited to daily commuting and city driving — a good fit for urban professionals. Comes with leather seats.",
240,Volvo,1993,57500,280000,Gasoline,Manual,Sedan,local_used,5,Silver,Leather Seats,"1993 Volvo 240 (locally used), a budget-friendly sedan well suited to daily commuting and city driving — a good fit for urban professionals. Comes with leather seats.",
3 Series,BMW,2017,307000,133144,Gasoline,Automatic,Sedan,foreign_used,5,Blue,Leather Seats; All-Wheel Drive,"2017 BMW 3 Series (foreign used), a premium sedan well suited to daily commuting and city driving — a good fit for urban professionals. Comes with leather seats. A solid pick for luxury lovers who want a standout badge.",
300-Class,Mercedes-Benz,1991,79500,280000,Gasoline,Automatic,Sedan,foreign_used,5,Silver,Leather Seats,"1991 Mercedes-Benz 300-Class (foreign used), a budget-friendly sedan well suited to daily commuting and city driving — a good fit for urban professionals. Comes with leather seats.",
3 Series,BMW,2016,289500,108277,Gasoline,Automatic,Sedan,local_used,5,Black,Leather Seats,"2016 BMW 3 Series (locally used), a premium sedan well suited to daily commuting and city driving — a good fit for urban professionals. Comes with leather seats. A solid pick for luxury lovers who want a standout badge.",
3000GT,Mitsubishi,1997,32500,277995,Gasoline,Manual,Hatchback,foreign_used,5,Black,,"1997 Mitsubishi 3000GT (foreign used), a budget-friendly hatchback well suited to quick city runs and easy parking — a good fit for budget-conscious buyers.",
3000GT,Mitsubishi,1998,39500,280000,Gasoline,Manual,Hatchback,local_used,5,White,All-Wheel Drive,"1998 Mitsubishi 3000GT (locally used), a budget-friendly hatchback well suited to quick city runs and easy parking — a good fit for budget-conscious buyers. Comes with all-wheel drive.",
3000GT,Mitsubishi,1999,39000,280000,Gasoline,Manual,Hatchback,local_used,5,Gray,,"1999 Mitsubishi 3000GT (locally used), a budget-friendly hatchback well suited to quick city runs and easy parking — a good fit for budget-conscious buyers.",
300-Class,Mercedes-Benz,1993,126500,280000,Gasoline,Automatic,Coupe,foreign_used,4,Black,Leather Seats,"1993 Mercedes-Benz 300-Class (foreign used), a budget-friendly coupe well suited to weekend drives and spirited handling — a good fit for lifestyle-focused drivers. Comes with leather seats.",
300-Class,Mercedes-Benz,1992,79000,280000,Gasoline,Automatic,Sedan,local_used,5,Silver,Leather Seats; All-Wheel Drive,"1992 Mercedes-Benz 300-Class (locally used), a budget-friendly sedan well suited to daily commuting and city driving — a good fit for urban professionals. Comes with leather seats.",
300,Chrysler,2017,219000,82857,Gasoline,Automatic,Sedan,local_used,5,Silver,,"2017 Chrysler 300 (locally used), a well-priced sedan well suited to daily commuting and city driving — a good fit for urban professionals.",
300M,Chrysler,2002,90000,280000,Gasoline,Automatic,Sedan,local_used,5,Silver,,"2002 Chrysler 300M (locally used), a budget-friendly sedan well suited to daily commuting and city driving — a good fit for urban professionals.",
300,Chrysler,2016,194500,105527,Gasoline,Automatic,Sedan,foreign_used,5,Blue,,"2016 Chrysler 300 (foreign used), a well-priced sedan well suited to daily commuting and city driving — a good fit for urban professionals.",
300,Chrysler,2015,162500,142726,Gasoline,Automatic,Sedan,foreign_used,5,Orange,,"2015 Chrysler 300 (foreign used), a well-priced sedan well suited to daily commuting and city driving — a good fit for urban professionals.",
350-Class,Mercedes-Benz,1991,78000,280000,Diesel,Automatic,Sedan,foreign_used,5,Black,Leather Seats,"1991 Mercedes-Benz 350-Class (foreign used), a budget-friendly sedan well suited to daily commuting and city driving — a good fit for urban professionals. Comes with leather seats.",
350Z,Nissan,2007,250000,230288,Gasoline,Automatic,Convertible,foreign_used,4,Blue,,"2007 Nissan 350Z (foreign used), a budget-friendly convertible well suited to weekend adventures and open-top cruising — a good fit for adventure seekers and luxury lovers.",
300ZX,Nissan,1996,103500,280000,Gasoline,Manual,Coupe,foreign_used,4,Gray,,"1996 Nissan 300ZX (foreign used), a budget-friendly coupe well suited to weekend drives and spirited handling — a good fit for lifestyle-focused drivers.",
323,Mazda,1992,25500,280000,Gasoline,Manual,Hatchback,local_used,5,Silver,,"1992 Mazda 323 (locally used), a budget-friendly hatchback well suited to quick city runs and easy parking — a good fit for budget-conscious buyers.",
323,Mazda,1993,29000,280000,Gasoline,Manual,Hatchback,foreign_used,5,Red,,"1993 Mazda 323 (foreign used), a budget-friendly hatchback well suited to quick city runs and easy parking — a good fit for budget-conscious buyers.",
323,Mazda,1994,29000,280000,Gasoline,Manual,Hatchback,foreign_used,5,White,,"1994 Mazda 323 (foreign used), a budget-friendly hatchback well suited to quick city runs and easy parking — a good fit for budget-conscious buyers.",
350-Class,Mercedes-Benz,1990,78000,280000,Diesel,Automatic,Sedan,foreign_used,5,White,Leather Seats,"1990 Mercedes-Benz 350-Class (foreign used), a budget-friendly sedan well suited to daily commuting and city driving — a good fit for urban professionals. Comes with leather seats.",
300ZX,Nissan,1994,83000,280000,Gasoline,Manual,Coupe,local_used,4,Blue,,"1994 Nissan 300ZX (locally used), a budget-friendly coupe well suited to weekend drives and spirited handling — a good fit for lifestyle-focused drivers.",
300ZX,Nissan,1995,97000,280000,Gasoline,Manual,Coupe,foreign_used,4,Black,,"1995 Nissan 300ZX (foreign used), a budget-friendly coupe well suited to weekend drives and spirited handling — a good fit for lifestyle-focused drivers.",
300M,Chrysler,2003,91500,280000,Gasoline,Automatic,Sedan,foreign_used,5,Blue,,"2003 Chrysler 300M (foreign used), a budget-friendly sedan well suited to daily commuting and city driving — a good fit for urban professionals.",
300M,Chrysler,2004,96500,209681,Gasoline,Automatic,Sedan,foreign_used,5,Red,,"2004 Chrysler 300M (foreign used), a budget-friendly sedan well suited to daily commuting and city driving — a good fit for urban professionals.",
350Z,Nissan,2009,305500,172990,Gasoline,Automatic,Convertible,local_used,4,White,,"2009 Nissan 350Z (locally used), a budget-friendly convertible well suited to weekend adventures and open-top cruising — a good fit for adventure seekers and luxury lovers.",
360,Ferrari,2002,379500,222513,Gasoline,Manual,Convertible,foreign_used,4,Red,,"2002 Ferrari 360 (foreign used), a well-priced convertible well suited to weekend adventures and open-top cruising — a good fit for adventure seekers and luxury lovers.",
350Z,Nissan,2008,152500,197136,Gasoline,Manual,Coupe,foreign_used,4,Black,,"2008 Nissan 350Z (foreign used), a budget-friendly coupe well suited to weekend drives and spirited handling — a good fit for lifestyle-focused drivers.",
370Z,Nissan,2015,260000,124653,Gasoline,Automatic,Coupe,local_used,4,Silver,,"2015 Nissan 370Z (locally used), a well-priced coupe well suited to weekend drives and spirited handling — a good fit for lifestyle-focused drivers.",
370Z,Nissan,2016,430000,106281,Gasoline,Automatic,Convertible,local_used,4,Silver,,"2016 Nissan 370Z (locally used), a well-priced convertible well suited to weekend adventures and open-top cruising — a good fit for adventure seekers and luxury lovers.",
360,Ferrari,2004,449000,280000,Gasoline,Automatic,Convertible,local_used,4,Red,,"2004 Ferrari 360 (locally used), a well-priced convertible well suited to weekend adventures and open-top cruising — a good fit for adventure seekers and luxury lovers.",
360,Ferrari,2003,410000,256232,Gasoline,Manual,Convertible,foreign_used,4,White,,"2003 Ferrari 360 (foreign used), a well-priced convertible well suited to weekend adventures and open-top cruising — a good fit for adventure seekers and luxury lovers.",
370Z,Nissan,2017,473000,96170,Gasoline,Automatic,Convertible,foreign_used,4,Silver,,"2017 Nissan 370Z (foreign used), a well-priced convertible well suited to weekend adventures and open-top cruising — a good fit for adventure seekers and luxury lovers.",
3,Mazda,2015,156500,134818,Gasoline,Manual,Sedan,local_used,5,Gray,,"2015 Mazda 3 (locally used), a well-priced sedan well suited to daily commuting and city driving — a good fit for urban professionals.",
3,Mazda,2016,100000,98455,Gasoline,Automatic,Hatchback,foreign_used,5,Gray,,"2016 Mazda 3 (foreign used), a well-priced hatchback well suited to quick city runs and easy parking — a good fit for budget-conscious buyers.",
Yukon Hybrid,GMC,2013,209500,179571,Gasoline,Automatic,SUV,local_used,7,Gray,Leather Seats; All-Wheel Drive,"2013 GMC Yukon Hybrid (locally used), a well-priced suv well suited to family trips and weekend getaways — a good fit for family-oriented drivers. Comes with leather seats.",
Yukon Hybrid,GMC,2011,229500,141710,Gasoline,Automatic,SUV,foreign_used,7,White,Leather Seats,"2011 GMC Yukon Hybrid (foreign used), a well-priced suv well suited to family trips and weekend getaways — a good fit for family-oriented drivers. Comes with leather seats.",
Yukon Hybrid,GMC,2012,201000,208899,Gasoline,Automatic,SUV,foreign_used,7,Black,Leather Seats; All-Wheel Drive,"2012 GMC Yukon Hybrid (foreign used), a well-priced suv well suited to family trips and weekend getaways — a good fit for family-oriented drivers. Comes with leather seats.",
Yaris,Toyota,2017,93000,122701,Gasoline,Automatic,Hatchback,foreign_used,5,Black,,"2017 Toyota Yaris (foreign used), a well-priced hatchback well suited to quick city runs and easy parking — a good fit for budget-conscious buyers.",
Yukon Denali,GMC,2000,96000,265000,Gasoline,Automatic,SUV,foreign_used,7,Blue,Leather Seats; All-Wheel Drive,"2000 GMC Yukon Denali (foreign used), a budget-friendly suv well suited to family trips and weekend getaways — a good fit for family-oriented drivers. Comes with leather seats.",
Yaris,Toyota,2016,97000,90331,Gasoline,Automatic,Hatchback,foreign_used,5,Black,,"2016 Toyota Yaris (foreign used), a well-priced hatchback well suited to quick city runs and easy parking — a good fit for budget-conscious buyers.",
4 Series Gran Coupe,BMW,2016,275500,138928,Gasoline,Automatic,Sedan,foreign_used,5,White,Leather Seats; All-Wheel Drive,"2016 BMW 4 Series Gran Coupe (foreign used), a premium sedan well suited to daily commuting and city driving — a good fit for urban professionals. Comes with leather seats. A solid pick for luxury lovers who want a standout badge.",
4 Series Gran Coupe,BMW,2017,298500,119170,Gasoline,Automatic,Sedan,local_used,5,Red,Leather Seats,"2017 BMW 4 Series Gran Coupe (locally used), a premium sedan well suited to daily commuting and city driving — a good fit for urban professionals. Comes with leather seats. A solid pick for luxury lovers who want a standout badge.",
4 Series,BMW,2015,606500,147114,Gasoline,Automatic,Convertible,foreign_used,4,White,Leather Seats; All-Wheel Drive,"2015 BMW 4 Series (foreign used), a well-priced convertible well suited to weekend adventures and open-top cruising — a good fit for adventure seekers and luxury lovers. Comes with leather seats.",
4 Series Gran Coupe,BMW,2015,292500,149904,Gasoline,Automatic,Sedan,foreign_used,5,Orange,Leather Seats; All-Wheel Drive,"2015 BMW 4 Series Gran Coupe (foreign used), a premium sedan well suited to daily commuting and city driving — a good fit for urban professionals. Comes with leather seats. A solid pick for luxury lovers who want a standout badge.",
3,Mazda,2017,100000,84998,Gasoline,Automatic,Hatchback,local_used,5,Gray,,"2017 Mazda 3 (locally used), a well-priced hatchback well suited to quick city runs and easy parking — a good fit for budget-conscious buyers.",
4 Series,BMW,2017,426500,100357,Gasoline,Automatic,Coupe,foreign_used,4,Blue,Leather Seats,"2017 BMW 4 Series (foreign used), a premium coupe well suited to weekend drives and spirited handling — a good fit for lifestyle-focused drivers. Comes with leather seats. A solid pick for luxury lovers who want a standout badge.",
400-Class,Mercedes-Benz,1992,82500,280000,Gasoline,Automatic,Sedan,foreign_used,5,Black,Leather Seats,"1992 Mercedes-Benz 400-Class (foreign used), a budget-friendly sedan well suited to daily commuting and city driving — a good fit for urban professionals. Comes with leather seats.",
400-Class,Mercedes-Benz,1993,84000,280000,Gasoline,Automatic,Sedan,local_used,5,White,Leather Seats,"1993 Mercedes-Benz 400-Class (locally used), a budget-friendly sedan well suited to daily commuting and city driving — a good fit for urban professionals. Comes with leather seats.",
4 Series,BMW,2016,752500,127398,Gasoline,Automatic,Convertible,foreign_used,4,Gray,Leather Seats; All-Wheel Drive,"2016 BMW 4 Series (foreign used), a premium convertible well suited to weekend adventures and open-top cruising — a good fit for adventure seekers and luxury lovers. Comes with leather seats. A solid pick for luxury lovers who want a standout badge.",
4C,Alfa Romeo,2015,681500,120839,Gasoline,Automatic,Convertible,local_used,4,Blue,Leather Seats,"2015 Alfa Romeo 4C (locally used), a well-priced convertible well suited to weekend adventures and open-top cruising — a good fit for adventure seekers and luxury lovers. Comes with leather seats.",
4C,Alfa Romeo,2016,432000,93814,Gasoline,Automatic,Coupe,local_used,4,Gray,Leather Seats,"2016 Alfa Romeo 4C (locally used), a premium coupe well suited to weekend drives and spirited handling — a good fit for lifestyle-focused drivers. Comes with leather seats. A solid pick for luxury lovers who want a standout badge.",
458 Italia,Ferrari,2013,762000,141257,Gasoline,Automatic,Convertible,local_used,4,White,,"2013 Ferrari 458 Italia (locally used), a premium convertible well suited to weekend adventures and open-top cruising — a good fit for adventure seekers and luxury lovers. A solid pick for luxury lovers who want a standout badge.",
458 Italia,Ferrari,2014,428500,131413,Gasoline,Automatic,Coupe,foreign_used,4,Gray,,"2014 Ferrari 458 Italia (foreign used), a premium coupe well suited to weekend drives and spirited handling — a good fit for lifestyle-focused drivers. A solid pick for luxury lovers who want a standout badge.",
458 Italia,Ferrari,2015,451500,147154,Gasoline,Automatic,Coupe,foreign_used,4,Gray,,"2015 Ferrari 458 Italia (foreign used), a premium coupe well suited to weekend drives and spirited handling — a good fit for lifestyle-focused drivers. A solid pick for luxury lovers who want a standout badge.",
420-Class,Mercedes-Benz,1990,76500,280000,Gasoline,Automatic,Sedan,foreign_used,5,Gray,Leather Seats,"1990 Mercedes-Benz 420-Class (foreign used), a budget-friendly sedan well suited to daily commuting and city driving — a good fit for urban professionals. Comes with leather seats.",
420-Class,Mercedes-Benz,1991,79000,280000,Gasoline,Automatic,Sedan,foreign_used,5,Gray,Leather Seats,"1991 Mercedes-Benz 420-Class (foreign used), a budget-friendly sedan well suited to daily commuting and city driving — a good fit for urban professionals. Comes with leather seats.",
456M,Ferrari,2001,236500,280000,Gasoline,Automatic,Coupe,local_used,4,Blue,,"2001 Ferrari 456M (locally used), a well-priced coupe well suited to weekend drives and spirited handling — a good fit for lifestyle-focused drivers.",
456M,Ferrari,2002,218500,233222,Gasoline,Automatic,Coupe,foreign_used,4,Silver,,"2002 Ferrari 456M (foreign used), a well-priced coupe well suited to weekend drives and spirited handling — a good fit for lifestyle-focused drivers.",
456M,Ferrari,2003,246000,280000,Gasoline,Automatic,Coupe,foreign_used,4,White,,"2003 Ferrari 456M (foreign used), a well-priced coupe well suited to weekend drives and spirited handling — a good fit for lifestyle-focused drivers.",
5 Series Gran Turismo,BMW,2017,175000,122082,Gasoline,Automatic,Hatchback,local_used,5,Silver,Leather Seats; All-Wheel Drive,"2017 BMW 5 Series Gran Turismo (locally used), a premium hatchback well suited to quick city runs and easy parking — a good fit for budget-conscious buyers. Comes with leather seats. A solid pick for luxury lovers who want a standout badge.",
5 Series,BMW,2015,286000,136044,Gasoline,Automatic,Sedan,foreign_used,5,White,Leather Seats; All-Wheel Drive,"2015 BMW 5 Series (foreign used), a premium sedan well suited to daily commuting and city driving — a good fit for urban professionals. Comes with leather seats. A solid pick for luxury lovers who want a standout badge.",
5 Series Gran Turismo,BMW,2015,159000,149884,Gasoline,Automatic,Hatchback,foreign_used,5,Black,Leather Seats; All-Wheel Drive,"2015 BMW 5 Series Gran Turismo (foreign used), a premium hatchback well suited to quick city runs and easy parking — a good fit for budget-conscious buyers. Comes with leather seats. A solid pick for luxury lovers who want a standout badge.",
5 Series Gran Turismo,BMW,2016,187500,119628,Gasoline,Automatic,Hatchback,foreign_used,5,Black,Leather Seats; All-Wheel Drive,"2016 BMW 5 Series Gran Turismo (foreign used), a premium hatchback well suited to quick city runs and easy parking — a good fit for budget-conscious buyers. Comes with leather seats. A solid pick for luxury lovers who want a standout badge.",
Yaris,Toyota,2015,91500,133500,Gasoline,Manual,Hatchback,local_used,5,White,,"2015 Toyota Yaris (locally used), a well-priced hatchback well suited to quick city runs and easy parking — a good fit for budget-conscious buyers.",
XV Crosstrek,Subaru,2014,203000,138783,Gasoline,Manual,SUV,foreign_used,7,Black,All-Wheel Drive,"2014 Subaru XV Crosstrek (foreign used), a well-priced suv well suited to family trips and weekend getaways — a good fit for family-oriented drivers. Comes with all-wheel drive.",
XV Crosstrek,Subaru,2015,230000,100678,Gasoline,Automatic,SUV,local_used,7,White,All-Wheel Drive,"2015 Subaru XV Crosstrek (locally used), a well-priced suv well suited to family trips and weekend getaways — a good fit for family-oriented drivers. Comes with all-wheel drive.",
XV Crosstrek,Subaru,2013,191000,125416,Gasoline,Manual,SUV,foreign_used,7,Blue,All-Wheel Drive,"2013 Subaru XV Crosstrek (foreign used), a well-priced suv well suited to family trips and weekend getaways — a good fit for family-oriented drivers. Comes with all-wheel drive.",
XTS,Cadillac,2017,341000,82697,Gasoline,Automatic,Sedan,local_used,5,Red,Leather Seats; All-Wheel Drive,"2017 Cadillac XTS (locally used), a premium sedan well suited to daily commuting and city driving — a good fit for urban professionals. Comes with leather seats. A solid pick for luxury lovers who want a standout badge.",
500,FIAT,2015,89500,141003,Gasoline,Manual,Hatchback,local_used,5,White,,"2015 FIAT 500 (locally used), a well-priced hatchback well suited to quick city runs and easy parking — a good fit for budget-conscious buyers.",
500,FIAT,2016,408500,108861,Gasoline,Manual,Convertible,foreign_used,4,Red,,"2016 FIAT 500 (foreign used), a well-priced convertible well suited to weekend adventures and open-top cruising — a good fit for adventure seekers and luxury lovers.",
500-Class,Mercedes-Benz,1993,99000,280000,Gasoline,Automatic,Sedan,foreign_used,5,Silver,Leather Seats,"1993 Mercedes-Benz 500-Class (foreign used), a budget-friendly sedan well suited to daily commuting and city driving — a good fit for urban professionals. Comes with leather seats.",
500e,FIAT,2015,88500,158899,Electric,Automatic,Hatchback,foreign_used,5,Black,,"2015 FIAT 500e (foreign used), a well-priced hatchback well suited to quick city runs and easy parking — a good fit for budget-conscious buyers. A electric powertrain keeps running costs low for eco-conscious drivers.",
500e,FIAT,2016,106500,104958,Electric,Automatic,Hatchback,local_used,5,White,,"2016 FIAT 500e (locally used), a well-priced hatchback well suited to quick city runs and easy parking — a good fit for budget-conscious buyers. A electric powertrain keeps running costs low for eco-conscious drivers.",
500e,FIAT,2017,109500,103161,Electric,Automatic,Hatchback,foreign_used,5,Silver,,"2017 FIAT 500e (foreign used), a premium hatchback well suited to quick city runs and easy parking — a good fit for budget-conscious buyers. A electric powertrain keeps running costs low for eco-conscious drivers.",
5 Series,BMW,2016,323500,135333,Diesel,Automatic,Sedan,foreign_used,5,Blue,Leather Seats; All-Wheel Drive,"2016 BMW 5 Series (foreign used), a premium sedan well suited to daily commuting and city driving — a good fit for urban professionals. Comes with leather seats. A solid pick for luxury lovers who want a standout badge.",
500-Class,Mercedes-Benz,1991,216000,280000,Gasoline,Automatic,Convertible,foreign_used,4,Gray,Leather Seats,"1991 Mercedes-Benz 500-Class (foreign used), a budget-friendly convertible well suited to weekend adventures and open-top cruising — a good fit for adventure seekers and luxury lovers. Comes with leather seats.",
500-Class,Mercedes-Benz,1992,89500,280000,Gasoline,Automatic,Sedan,foreign_used,5,White,Leather Seats,"1992 Mercedes-Benz 500-Class (foreign used), a budget-friendly sedan well suited to daily commuting and city driving — a good fit for urban professionals. Comes with leather seats.",
500X,FIAT,2016,227500,107385,Gasoline,Automatic,SUV,foreign_used,7,White,All-Wheel Drive,"2016 FIAT 500X (foreign used), a well-priced suv well suited to family trips and weekend getaways — a good fit for family-oriented drivers. Comes with all-wheel drive.",
500,FIAT,2017,111000,89706,Gasoline,Manual,Hatchback,foreign_used,5,Black,,"2017 FIAT 500 (foreign used), a premium hatchback well suited to quick city runs and easy parking — a good fit for budget-conscious buyers.",
XTS,Cadillac,2016,271000,145782,Gasoline,Automatic,Sedan,foreign_used,5,Black,Leather Seats; All-Wheel Drive,"2016 Cadillac XTS (foreign used), a premium sedan well suited to daily commuting and city driving — a good fit for urban professionals. Comes with leather seats. A solid pick for luxury lovers who want a standout badge.",
XTS,Cadillac,2015,296500,152336,Gasoline,Automatic,Sedan,local_used,5,White,Leather Seats; All-Wheel Drive,"2015 Cadillac XTS (locally used), a premium sedan well suited to daily commuting and city driving — a good fit for urban professionals. Comes with leather seats. A solid pick for luxury lovers who want a standout badge.",
575M,Ferrari,2004,251000,280000,Gasoline,Manual,Coupe,foreign_used,4,Black,,"2004 Ferrari 575M (foreign used), a well-priced coupe well suited to weekend drives and spirited handling — a good fit for lifestyle-focused drivers.",
57,Maybach,2010,203500,227660,Gasoline,Automatic,Sedan,foreign_used,5,Blue,Leather Seats,"2010 Maybach 57 (foreign used), a well-priced sedan well suited to daily commuting and city driving — a good fit for urban professionals. Comes with leather seats.",
57,Maybach,2011,224000,207330,Gasoline,Automatic,Sedan,local_used,5,Red,Leather Seats,"2011 Maybach 57 (locally used), a well-priced sedan well suited to daily commuting and city driving — a good fit for urban professionals. Comes with leather seats.",
57,Maybach,2012,298500,141672,Gasoline,Automatic,Sedan,local_used,5,Black,Leather Seats,"2012 Maybach 57 (locally used), a premium sedan well suited to daily commuting and city driving — a good fit for urban professionals. Comes with leather seats. A solid pick for luxury lovers who want a standout badge.",
560-Class,Mercedes-Benz,1991,110500,280000,Gasoline,Automatic,Coupe,local_used,4,Red,Leather Seats,"1991 Mercedes-Benz 560-Class (locally used), a budget-friendly coupe well suited to weekend drives and spirited handling — a good fit for lifestyle-focused drivers. Comes with leather seats.",
570S,McLaren,2016,498000,122361,Gasoline,Automatic,Coupe,foreign_used,4,Black,,"2016 McLaren 570S (foreign used), a premium coupe well suited to weekend drives and spirited handling — a good fit for lifestyle-focused drivers. A solid pick for luxury lovers who want a standout badge.",
575M,Ferrari,2002,232500,280000,Gasoline,Manual,Coupe,foreign_used,4,Silver,,"2002 Ferrari 575M (foreign used), a well-priced coupe well suited to weekend drives and spirited handling — a good fit for lifestyle-focused drivers.",
575M,Ferrari,2003,235500,280000,Gasoline,Manual,Coupe,foreign_used,4,White,,"2003 Ferrari 575M (foreign used), a well-priced coupe well suited to weekend drives and spirited handling — a good fit for lifestyle-focused drivers.",
500X,FIAT,2017,230500,98172,Gasoline,Automatic,SUV,local_used,7,Gray,All-Wheel Drive,"2017 FIAT 500X (locally used), a well-priced suv well suited to family trips and weekend getaways — a good fit for family-oriented drivers. Comes with all-wheel drive.",
550,Ferrari,2001,401000,241508,Gasoline,Manual,Convertible,foreign_used,4,Yellow,,"2001 Ferrari 550 (foreign used), a well-priced convertible well suited to weekend adventures and open-top cruising — a good fit for adventure seekers and luxury lovers.",
560-Class,Mercedes-Benz,1990,116000,280000,Gasoline,Automatic,Coupe,foreign_used,4,Silver,Leather Seats,"1990 Mercedes-Benz 560-Class (foreign used), a budget-friendly coupe well suited to weekend drives and spirited handling — a good fit for lifestyle-focused drivers. Comes with leather seats.",
6 Series Gran Coupe,BMW,2017,343000,104064,Gasoline,Automatic,Sedan,foreign_used,5,Black,Leather Seats,"2017 BMW 6 Series Gran Coupe (foreign used), a premium sedan well suited to daily commuting and city driving — a good fit for urban professionals. Comes with leather seats. A solid pick for luxury lovers who want a standout badge.",
6 Series,BMW,2015,726000,152989,Gasoline,Automatic,Convertible,foreign_used,4,Gray,Leather Seats,"2015 BMW 6 Series (foreign used), a premium convertible well suited to weekend adventures and open-top cruising — a good fit for adventure seekers and luxury lovers. Comes with leather seats. A solid pick for luxury lovers who want a standout badge.",
6 Series Gran Coupe,BMW,2015,282500,155808,Gasoline,Automatic,Sedan,foreign_used,5,White,Leather Seats; All-Wheel Drive,"2015 BMW 6 Series Gran Coupe (foreign used), a premium sedan well suited to daily commuting and city driving — a good fit for urban professionals. Comes with leather seats. A solid pick for luxury lovers who want a standout badge.",
6 Series Gran Coupe,BMW,2016,389500,90417,Gasoline,Automatic,Sedan,foreign_used,5,Red,Leather Seats; All-Wheel Drive,"2016 BMW 6 Series Gran Coupe (foreign used), a premium sedan well suited to daily commuting and city driving — a good fit for urban professionals. Comes with leather seats. A solid pick for luxury lovers who want a standout badge.",
599,Ferrari,2009,321000,205096,Gasoline,Automatic,Coupe,foreign_used,4,Silver,,"2009 Ferrari 599 (foreign used), a well-priced coupe well suited to weekend drives and spirited handling — a good fit for lifestyle-focused drivers.",
599,Ferrari,2010,368000,184071,Gasoline,Manual,Coupe,foreign_used,4,Black,,"2010 Ferrari 599 (foreign used), a premium coupe well suited to weekend drives and spirited handling — a good fit for lifestyle-focused drivers. A solid pick for luxury lovers who want a standout badge.",
599,Ferrari,2011,364500,154990,Gasoline,Automatic,Coupe,local_used,4,Silver,,"2011 Ferrari 599 (locally used), a premium coupe well suited to weekend drives and spirited handling — a good fit for lifestyle-focused drivers. A solid pick for luxury lovers who want a standout badge.",
6 Series,BMW,2017,861500,87473,Gasoline,Automatic,Convertible,local_used,4,Silver,Leather Seats,"2017 BMW 6 Series (locally used), a premium convertible well suited to weekend adventures and open-top cruising — a good fit for adventure seekers and luxury lovers. Comes with leather seats. A solid pick for luxury lovers who want a standout badge.",
600-Class,Mercedes-Benz,1992,85000,280000,Gasoline,Automatic,Sedan,local_used,5,White,Leather Seats,"1992 Mercedes-Benz 600-Class (locally used), a budget-friendly sedan well suited to daily commuting and city driving — a good fit for urban professionals. Comes with leather seats.",
600-Class,Mercedes-Benz,1993,93000,280000,Gasoline,Automatic,Sedan,local_used,5,Gray,Leather Seats,"1993 Mercedes-Benz 600-Class (locally used), a budget-friendly sedan well suited to daily commuting and city driving — a good fit for urban professionals. Comes with leather seats.",
6 Series,BMW,2016,493000,109392,Gasoline,Automatic,Coupe,foreign_used,4,Black,Leather Seats; All-Wheel Drive,"2016 BMW 6 Series (foreign used), a premium coupe well suited to weekend drives and spirited handling — a good fit for lifestyle-focused drivers. Comes with leather seats. A solid pick for luxury lovers who want a standout badge.",
XT5,Cadillac,2017,452000,109015,Gasoline,Automatic,SUV,foreign_used,7,Gray,Leather Seats; All-Wheel Drive,"2017 Cadillac XT5 (foreign used), a premium suv well suited to family trips and weekend getaways — a good fit for family-oriented drivers. Comes with leather seats. A solid pick for luxury lovers who want a standout badge.",
XLR-V,Cadillac,2009,438500,224708,Gasoline,Automatic,Convertible,foreign_used,4,Blue,Leather Seats,"2009 Cadillac XLR-V (foreign used), a well-priced convertible well suited to weekend adventures and open-top cruising — a good fit for adventure seekers and luxury lovers. Comes with leather seats.",
XLR,Cadillac,2007,493000,212454,Gasoline,Automatic,Convertible,foreign_used,4,Blue,Leather Seats,"2007 Cadillac XLR (foreign used), a well-priced convertible well suited to weekend adventures and open-top cruising — a good fit for adventure seekers and luxury lovers. Comes with leather seats.",
XLR,Cadillac,2008,431500,266952,Gasoline,Automatic,Convertible,foreign_used,4,Silver,Leather Seats,"2008 Cadillac XLR (foreign used), a well-priced convertible well suited to weekend adventures and open-top cruising — a good fit for adventure seekers and luxury lovers. Comes with leather seats.",
XLR,Cadillac,2009,490500,251170,Gasoline,Automatic,Convertible,foreign_used,4,Silver,Leather Seats,"2009 Cadillac XLR (foreign used), a well-priced convertible well suited to weekend adventures and open-top cruising — a good fit for adventure seekers and luxury lovers. Comes with leather seats.",
XL7,Suzuki,2009,168500,178682,Gasoline,Automatic,SUV,foreign_used,7,White,All-Wheel Drive,"2009 Suzuki XL7 (foreign used), a budget-friendly suv well suited to family trips and weekend getaways — a good fit for family-oriented drivers. Comes with all-wheel drive.",
XLR-V,Cadillac,2007,484500,227686,Gasoline,Automatic,Convertible,foreign_used,4,Gray,Leather Seats,"2007 Cadillac XLR-V (foreign used), a well-priced convertible well suited to weekend adventures and open-top cruising — a good fit for adventure seekers and luxury lovers. Comes with leather seats.",
XLR-V,Cadillac,2008,477500,194495,Gasoline,Automatic,Convertible,foreign_used,4,Black,Leather Seats,"2008 Cadillac XLR-V (foreign used), a well-priced convertible well suited to weekend adventures and open-top cruising — a good fit for adventure seekers and luxury lovers. Comes with leather seats.",
62,Maybach,2010,232000,171345,Gasoline,Automatic,Sedan,foreign_used,5,Silver,Leather Seats,"2010 Maybach 62 (foreign used), a premium sedan well suited to daily commuting and city driving — a good fit for urban professionals. Comes with leather seats. A solid pick for luxury lovers who want a standout badge.",
62,Maybach,2011,289000,138320,Gasoline,Automatic,Sedan,local_used,5,Black,Leather Seats,"2011 Maybach 62 (locally used), a premium sedan well suited to daily commuting and city driving — a good fit for urban professionals. Comes with leather seats. A solid pick for luxury lovers who want a standout badge.",
62,Maybach,2012,280500,177203,Gasoline,Automatic,Sedan,foreign_used,5,White,Leather Seats,"2012 Maybach 62 (foreign used), a premium sedan well suited to daily commuting and city driving — a good fit for urban professionals. Comes with leather seats. A solid pick for luxury lovers who want a standout badge.",
650S Coupe,McLaren,2015,448000,132177,Gasoline,Automatic,Coupe,foreign_used,4,Silver,,"2015 McLaren 650S Coupe (foreign used), a premium coupe well suited to weekend drives and spirited handling — a good fit for lifestyle-focused drivers. A solid pick for luxury lovers who want a standout badge.",
650S Spider,McLaren,2015,840000,102398,Gasoline,Automatic,Convertible,foreign_used,4,White,,"2015 McLaren 650S Spider (foreign used), a premium convertible well suited to weekend adventures and open-top cruising — a good fit for adventure seekers and luxury lovers. A solid pick for luxury lovers who want a standout badge.",
612 Scaglietti,Ferrari,2009,349500,181422,Gasoline,Automatic,Coupe,foreign_used,4,Gray,,"2009 Ferrari 612 Scaglietti (foreign used), a premium coupe well suited to weekend drives and spirited handling — a good fit for lifestyle-focused drivers. A solid pick for luxury lovers who want a standout badge.",
612 Scaglietti,Ferrari,2010,328000,231194,Gasoline,Automatic,Coupe,foreign_used,4,Black,,"2010 Ferrari 612 Scaglietti (foreign used), a well-priced coupe well suited to weekend drives and spirited handling — a good fit for lifestyle-focused drivers.",
612 Scaglietti,Ferrari,2011,417500,156561,Gasoline,Automatic,Coupe,foreign_used,4,White,,"2011 Ferrari 612 Scaglietti (foreign used), a premium coupe well suited to weekend drives and spirited handling — a good fit for lifestyle-focused drivers. A solid pick for luxury lovers who want a standout badge.",
740,Volvo,1990,52000,280000,Gasoline,Manual,Sedan,foreign_used,5,Silver,Leather Seats,"1990 Volvo 740 (foreign used), a budget-friendly sedan well suited to daily commuting and city driving — a good fit for urban professionals. Comes with leather seats.",
740,Volvo,1991,76000,280000,Gasoline,Automatic,Wagon,foreign_used,5,White,Leather Seats,"1991 Volvo 740 (foreign used), a budget-friendly wagon well suited to family trips with plenty of cargo room — a good fit for family-oriented drivers. Comes with leather seats.",
7 Series,BMW,2016,274000,149139,Gasoline,Automatic,Sedan,local_used,5,Black,Leather Seats,"2016 BMW 7 Series (locally used), a premium sedan well suited to daily commuting and city driving — a good fit for urban professionals. Comes with leather seats. A solid pick for luxury lovers who want a standout badge.",
7 Series,BMW,2017,369000,94071,Gasoline,Automatic,Sedan,local_used,5,Gray,Leather Seats,"2017 BMW 7 Series (locally used), a premium sedan well suited to daily commuting and city driving — a good fit for urban professionals. Comes with leather seats. A solid pick for luxury lovers who want a standout badge.",
718 Cayman,Porsche,2017,473000,117295,Gasoline,Manual,Coupe,foreign_used,4,White,Leather Seats,"2017 Porsche 718 Cayman (foreign used), a premium coupe well suited to weekend drives and spirited handling — a good fit for lifestyle-focused drivers. Comes with leather seats. A solid pick for luxury lovers who want a standout badge.",
7 Series,BMW,2015,280000,149267,Gasoline,Automatic,Sedan,foreign_used,5,Blue,Leather Seats,"2015 BMW 7 Series (foreign used), a premium sedan well suited to daily commuting and city driving — a good fit for urban professionals. Comes with leather seats. A solid pick for luxury lovers who want a standout badge.",
XL7,Suzuki,2008,143500,187665,Gasoline,Automatic,SUV,local_used,7,White,,"2008 Suzuki XL7 (locally used), a budget-friendly suv well suited to family trips and weekend getaways — a good fit for family-oriented drivers.",
XL7,Suzuki,2007,138500,254017,Gasoline,Automatic,SUV,foreign_used,7,Black,All-Wheel Drive,"2007 Suzuki XL7 (foreign used), a budget-friendly suv well suited to family trips and weekend getaways — a good fit for family-oriented drivers. Comes with all-wheel drive.",
80,Audi,1992,75500,280000,Gasoline,Manual,Sedan,foreign_used,5,Gray,Leather Seats,"1992 Audi 80 (foreign used), a budget-friendly sedan well suited to daily commuting and city driving — a good fit for urban professionals. Comes with leather seats.",
850,Volvo,1995,97000,280000,Gasoline,Automatic,Wagon,foreign_used,5,Black,Leather Seats,"1995 Volvo 850 (foreign used), a budget-friendly wagon well suited to family trips with plenty of cargo room — a good fit for family-oriented drivers. Comes with leather seats.",
8 Series,BMW,1996,155000,280000,Gasoline,Automatic,Coupe,local_used,4,White,Leather Seats,"1996 BMW 8 Series (locally used), a budget-friendly coupe well suited to weekend drives and spirited handling — a good fit for lifestyle-focused drivers. Comes with leather seats.",
8 Series,BMW,1997,163000,280000,Gasoline,Automatic,Coupe,foreign_used,4,Black,Leather Seats,"1997 BMW 8 Series (foreign used), a budget-friendly coupe well suited to weekend drives and spirited handling — a good fit for lifestyle-focused drivers. Comes with leather seats.",
80,Audi,1990,79000,280000,Gasoline,Manual,Sedan,foreign_used,5,Black,Leather Seats,"1990 Audi 80 (foreign used), a budget-friendly sedan well suited to daily commuting and city driving — a good fit for urban professionals. Comes with leather seats.",
80,Audi,1991,77000,280000,Gasoline,Manual,Sedan,local_used,5,Blue,Leather Seats,"1991 Audi 80 (locally used), a budget-friendly sedan well suited to daily commuting and city driving — a good fit for urban professionals. Comes with leather seats.",
760,Volvo,1990,48500,280000,Gasoline,Automatic,Sedan,foreign_used,5,Black,Leather Seats,"1990 Volvo 760 (foreign used), a budget-friendly sedan well suited to daily commuting and city driving — a good fit for urban professionals. Comes with leather seats.",
780,Volvo,1990,70500,280000,Gasoline,Automatic,Coupe,foreign_used,4,Blue,Leather Seats,"1990 Volvo 780 (foreign used), a budget-friendly coupe well suited to weekend drives and spirited handling — a good fit for lifestyle-focused drivers. Comes with leather seats.",
8 Series,BMW,1995,150500,280000,Gasoline,Automatic,Coupe,local_used,4,Red,Leather Seats,"1995 BMW 8 Series (locally used), a budget-friendly coupe well suited to weekend drives and spirited handling — a good fit for lifestyle-focused drivers. Comes with leather seats.",
740,Volvo,1992,90500,280000,Gasoline,Automatic,Wagon,foreign_used,5,Black,Leather Seats,"1992 Volvo 740 (foreign used), a budget-friendly wagon well suited to family trips with plenty of cargo room — a good fit for family-oriented drivers. Comes with leather seats.",
9-2X,Saab,2006,163500,261308,Gasoline,Manual,Wagon,foreign_used,5,Red,Leather Seats; All-Wheel Drive,"2006 Saab 9-2X (foreign used), a well-priced wagon well suited to family trips with plenty of cargo room — a good fit for family-oriented drivers. Comes with leather seats.",
9-3 Griffin,Saab,2012,142000,127393,Gasoline,Manual,Sedan,foreign_used,5,Black,Leather Seats,"2012 Saab 9-3 Griffin (foreign used), a well-priced sedan well suited to daily commuting and city driving — a good fit for urban professionals. Comes with leather seats.",
850,Volvo,1997,103500,280000,Gasoline,Automatic,Wagon,foreign_used,5,Yellow,Leather Seats,"1997 Volvo 850 (foreign used), a budget-friendly wagon well suited to family trips with plenty of cargo room — a good fit for family-oriented drivers. Comes with leather seats.",
86,Toyota,2017,259000,93231,Gasoline,Manual,Coupe,foreign_used,4,White,,"2017 Toyota 86 (foreign used), a well-priced coupe well suited to weekend drives and spirited handling — a good fit for lifestyle-focused drivers.",
9-2X,Saab,2005,167500,270292,Gasoline,Manual,Wagon,foreign_used,5,Gray,Leather Seats; All-Wheel Drive,"2005 Saab 9-2X (foreign used), a well-priced wagon well suited to family trips with plenty of cargo room — a good fit for family-oriented drivers. Comes with leather seats.",
850,Volvo,1996,110000,280000,Gasoline,Automatic,Wagon,foreign_used,5,Silver,Leather Seats,"1996 Volvo 850 (foreign used), a budget-friendly wagon well suited to family trips with plenty of cargo room — a good fit for family-oriented drivers. Comes with leather seats.",
9-3,Saab,2009,115500,223476,Gasoline,Automatic,Sedan,local_used,5,Black,Leather Seats; All-Wheel Drive,"2009 Saab 9-3 (locally used), a budget-friendly sedan well suited to daily commuting and city driving — a good fit for urban professionals. Comes with leather seats.",
9-3,Saab,2010,136000,181127,Gasoline,Automatic,Sedan,foreign_used,5,Silver,Leather Seats; All-Wheel Drive,"2010 Saab 9-3 (foreign used), a well-priced sedan well suited to daily commuting and city driving — a good fit for urban professionals. Comes with leather seats.",
9-5,Saab,2011,114500,219306,Gasoline,Manual,Sedan,foreign_used,5,Gray,Leather Seats,"2011 Saab 9-5 (foreign used), a budget-friendly sedan well suited to daily commuting and city driving — a good fit for urban professionals. Comes with leather seats.",
9-7X,Saab,2007,169000,186677,Gasoline,Automatic,SUV,foreign_used,7,White,Leather Seats; All-Wheel Drive,"2007 Saab 9-7X (foreign used), a budget-friendly suv well suited to family trips and weekend getaways — a good fit for family-oriented drivers. Comes with leather seats.",
9-7X,Saab,2008,169000,198835,Gasoline,Automatic,SUV,local_used,7,White,Leather Seats; All-Wheel Drive,"2008 Saab 9-7X (locally used), a budget-friendly suv well suited to family trips and weekend getaways — a good fit for family-oriented drivers. Comes with leather seats.",
9-4X,Saab,2011,216000,145213,Gasoline,Automatic,SUV,foreign_used,7,Gray,Leather Seats; All-Wheel Drive,"2011 Saab 9-4X (foreign used), a well-priced suv well suited to family trips and weekend getaways — a good fit for family-oriented drivers. Comes with leather seats.",
9-5,Saab,2009,103000,247319,Gasoline,Automatic,Sedan,foreign_used,5,Gray,Leather Seats,"2009 Saab 9-5 (foreign used), a budget-friendly sedan well suited to daily commuting and city driving — a good fit for urban professionals. Comes with leather seats.",
9-5,Saab,2010,121500,228225,Gasoline,Automatic,Sedan,foreign_used,5,Yellow,Leather Seats; All-Wheel Drive,"2010 Saab 9-5 (foreign used), a budget-friendly sedan well suited to daily commuting and city driving — a good fit for urban professionals. Comes with leather seats.",
9-3,Saab,2011,297500,158215,Gasoline,Automatic,Wagon,foreign_used,5,Gray,Leather Seats,"2011 Saab 9-3 (foreign used), a premium wagon well suited to family trips with plenty of cargo room — a good fit for family-oriented drivers. Comes with leather seats.",
900,Saab,1997,150000,280000,Gasoline,Manual,Convertible,foreign_used,4,Red,Leather Seats,"1997 Saab 900 (foreign used), a budget-friendly convertible well suited to weekend adventures and open-top cruising — a good fit for adventure seekers and luxury lovers. Comes with leather seats.",
900,Saab,1996,29000,280000,Gasoline,Manual,Hatchback,local_used,5,Gray,Leather Seats,"1996 Saab 900 (locally used), a budget-friendly hatchback well suited to quick city runs and easy parking — a good fit for budget-conscious buyers. Comes with leather seats.",
9000,Saab,1997,36500,280000,Gasoline,Automatic,Hatchback,foreign_used,5,Black,Leather Seats,"1997 Saab 9000 (foreign used), a budget-friendly hatchback well suited to quick city runs and easy parking — a good fit for budget-conscious buyers. Comes with leather seats.",
9000,Saab,1998,34000,280000,Gasoline,Manual,Hatchback,foreign_used,5,White,Leather Seats,"1998 Saab 9000 (foreign used), a budget-friendly hatchback well suited to quick city runs and easy parking — a good fit for budget-conscious buyers. Comes with leather seats.",
9-7X,Saab,2009,210500,177669,Gasoline,Automatic,SUV,foreign_used,7,Blue,Leather Seats; All-Wheel Drive,"2009 Saab 9-7X (foreign used), a well-priced suv well suited to family trips and weekend getaways — a good fit for family-oriented drivers. Comes with leather seats.",
9000,Saab,1996,33000,280000,Gasoline,Manual,Hatchback,local_used,5,Gray,Leather Seats,"1996 Saab 9000 (locally used), a budget-friendly hatchback well suited to quick city runs and easy parking — a good fit for budget-conscious buyers. Comes with leather seats.",
911,Porsche,2015,430500,158216,Gasoline,Manual,Coupe,foreign_used,4,White,Leather Seats,"2015 Porsche 911 (foreign used), a premium coupe well suited to weekend drives and spirited handling — a good fit for lifestyle-focused drivers. Comes with leather seats. A solid pick for luxury lovers who want a standout badge.",
90,Audi,1994,88000,280000,Gasoline,Manual,Sedan,foreign_used,5,Black,Leather Seats; All-Wheel Drive,"1994 Audi 90 (foreign used), a budget-friendly sedan well suited to daily commuting and city driving — a good fit for urban professionals. Comes with leather seats.",
90,Audi,1995,96500,280000,Gasoline,Manual,Sedan,foreign_used,5,Red,Leather Seats; All-Wheel Drive,"1995 Audi 90 (foreign used), a budget-friendly sedan well suited to daily commuting and city driving — a good fit for urban professionals. Comes with leather seats.",
900,Saab,1998,34000,280000,Gasoline,Manual,Hatchback,foreign_used,5,Silver,Leather Seats,"1998 Saab 900 (foreign used), a budget-friendly hatchback well suited to quick city runs and easy parking — a good fit for budget-conscious buyers. Comes with leather seats.",
90,Audi,1993,88500,280000,Gasoline,Manual,Sedan,foreign_used,5,Black,Leather Seats; All-Wheel Drive,"1993 Audi 90 (foreign used), a budget-friendly sedan well suited to daily commuting and city driving — a good fit for urban professionals. Comes with leather seats.",
911,Porsche,2016,434500,133557,Gasoline,Automatic,Coupe,foreign_used,4,Black,Leather Seats,"2016 Porsche 911 (foreign used), a premium coupe well suited to weekend drives and spirited handling — a good fit for lifestyle-focused drivers. Comes with leather seats. A solid pick for luxury lovers who want a standout badge.",
911,Porsche,2017,430000,129444,Gasoline,Automatic,Coupe,foreign_used,4,White,Leather Seats; All-Wheel Drive,"2017 Porsche 911 (foreign used), a premium coupe well suited to weekend drives and spirited handling — a good fit for lifestyle-focused drivers. Comes with leather seats. A solid pick for luxury lovers who want a standout badge.",
940,Volvo,1995,58500,280000,Gasoline,Automatic,Sedan,foreign_used,5,Black,Leather Seats,"1995 Volvo 940 (foreign used), a budget-friendly sedan well suited to daily commuting and city driving — a good fit for urban professionals. Comes with leather seats.",
944,Porsche,1990,42000,280000,Gasoline,Manual,Hatchback,foreign_used,5,Black,Leather Seats,"1990 Porsche 944 (foreign used), a budget-friendly hatchback well suited to quick city runs and easy parking — a good fit for budget-conscious buyers. Comes with leather seats.",
944,Porsche,1991,222000,280000,Gasoline,Manual,Convertible,foreign_used,4,White,Leather Seats,"1991 Porsche 944 (foreign used), a budget-friendly convertible well suited to weekend adventures and open-top cruising — a good fit for adventure seekers and luxury lovers. Comes with leather seats.",
940,Volvo,1993,56500,280000,Gasoline,Automatic,Sedan,foreign_used,5,Gray,Leather Seats,"1993 Volvo 940 (foreign used), a budget-friendly sedan well suited to daily commuting and city driving — a good fit for urban professionals. Comes with leather seats.",
940,Volvo,1994,58000,280000,Gasoline,Automatic,Sedan,local_used,5,Black,Leather Seats,"1994 Volvo 940 (locally used), a budget-friendly sedan well suited to daily commuting and city driving — a good fit for urban professionals. Comes with leather seats.",
928,Porsche,1993,44500,280000,Gasoline,Manual,Hatchback,local_used,5,Blue,Leather Seats,"1993 Porsche 928 (locally used), a budget-friendly hatchback well suited to quick city runs and easy parking — a good fit for budget-conscious buyers. Comes with leather seats.",
928,Porsche,1994,52500,280000,Gasoline,Manual,Hatchback,local_used,5,Blue,Leather Seats,"1994 Porsche 928 (locally used), a budget-friendly hatchback well suited to quick city runs and easy parking — a good fit for budget-conscious buyers. Comes with leather seats.",
928,Porsche,1995,52500,280000,Gasoline,Manual,Hatchback,local_used,5,White,Leather Seats,"1995 Porsche 928 (locally used), a budget-friendly hatchback well suited to quick city runs and easy parking — a good fit for budget-conscious buyers. Comes with leather seats.",
A3,Audi,2015,760500,105697,Gasoline,Automatic,Convertible,foreign_used,4,Gray,Leather Seats; All-Wheel Drive,"2015 Audi A3 (foreign used), a premium convertible well suited to weekend adventures and open-top cruising — a good fit for adventure seekers and luxury lovers. Comes with leather seats. A solid pick for luxury lovers who want a standout badge.",
A3,Audi,2016,305500,129810,Gasoline,Automatic,Sedan,local_used,5,Silver,Leather Seats; All-Wheel Drive,"2016 Audi A3 (locally used), a premium sedan well suited to daily commuting and city driving — a good fit for urban professionals. Comes with leather seats. A solid pick for luxury lovers who want a standout badge.",
968,Porsche,1994,130000,280000,Gasoline,Manual,Coupe,foreign_used,4,Red,Leather Seats,"1994 Porsche 968 (foreign used), a budget-friendly coupe well suited to weekend drives and spirited handling — a good fit for lifestyle-focused drivers. Comes with leather seats.",
968,Porsche,1995,158500,280000,Gasoline,Manual,Coupe,foreign_used,4,White,Leather Seats,"1995 Porsche 968 (foreign used), a budget-friendly coupe well suited to weekend drives and spirited handling — a good fit for lifestyle-focused drivers. Comes with leather seats.",
960,Volvo,1995,90000,280000,Gasoline,Automatic,Wagon,foreign_used,5,Gray,Leather Seats,"1995 Volvo 960 (foreign used), a budget-friendly wagon well suited to family trips with plenty of cargo room — a good fit for family-oriented drivers. Comes with leather seats.",
960,Volvo,1996,59000,280000,Gasoline,Automatic,Sedan,foreign_used,5,Silver,Leather Seats,"1996 Volvo 960 (foreign used), a budget-friendly sedan well suited to daily commuting and city driving — a good fit for urban professionals. Comes with leather seats.",
960,Volvo,1997,108000,280000,Gasoline,Automatic,Wagon,local_used,5,Black,Leather Seats,"1997 Volvo 960 (locally used), a budget-friendly wagon well suited to family trips with plenty of cargo room — a good fit for family-oriented drivers. Comes with leather seats.",
968,Porsche,1993,213000,280000,Gasoline,Manual,Convertible,foreign_used,4,White,Leather Seats,"1993 Porsche 968 (foreign used), a budget-friendly convertible well suited to weekend adventures and open-top cruising — a good fit for adventure seekers and luxury lovers. Comes with leather seats.",
A3,Audi,2017,752000,119458,Gasoline,Automatic,Convertible,foreign_used,4,Gray,Leather Seats,"2017 Audi A3 (foreign used), a premium convertible well suited to weekend adventures and open-top cruising — a good fit for adventure seekers and luxury lovers. Comes with leather seats. A solid pick for luxury lovers who want a standout badge.",
A4 allroad,Audi,2017,565000,93811,Gasoline,Automatic,Wagon,local_used,5,Gray,Leather Seats; All-Wheel Drive,"2017 Audi A4 allroad (locally used), a premium wagon well suited to family trips with plenty of cargo room — a good fit for family-oriented drivers. Comes with leather seats. A solid pick for luxury lovers who want a standout badge.",
A4,Audi,2015,279500,120476,Gasoline,Automatic,Sedan,foreign_used,5,Black,Leather Seats; All-Wheel Drive,"2015 Audi A4 (foreign used), a premium sedan well suited to daily commuting and city driving — a good fit for urban professionals. Comes with leather seats. A solid pick for luxury lovers who want a standout badge.",
A5,Audi,2016,405500,134789,Gasoline,Automatic,Coupe,foreign_used,4,Gray,Leather Seats; All-Wheel Drive,"2016 Audi A5 (foreign used), a premium coupe well suited to weekend drives and spirited handling — a good fit for lifestyle-focused drivers. Comes with leather seats. A solid pick for luxury lovers who want a standout badge.",
A5,Audi,2017,449000,116080,Gasoline,Manual,Coupe,local_used,4,Black,Leather Seats; All-Wheel Drive,"2017 Audi A5 (locally used), a premium coupe well suited to weekend drives and spirited handling — a good fit for lifestyle-focused drivers. Comes with leather seats. A solid pick for luxury lovers who want a standout badge.",
A4,Audi,2017,330500,126858,Gasoline,Automatic,Sedan,foreign_used,5,Gray,Leather Seats; All-Wheel Drive,"2017 Audi A4 (foreign used), a premium sedan well suited to daily commuting and city driving — a good fit for urban professionals. Comes with leather seats. A solid pick for luxury lovers who want a standout badge.",
A4,Audi,2016,301000,129457,Gasoline,Automatic,Sedan,foreign_used,5,White,Leather Seats,"2016 Audi A4 (foreign used), a premium sedan well suited to daily commuting and city driving — a good fit for urban professionals. Comes with leather seats. A solid pick for luxury lovers who want a standout badge.",
A7,Audi,2015,310500,136508,Gasoline,Automatic,Sedan,foreign_used,5,Red,Leather Seats; All-Wheel Drive,"2015 Audi A7 (foreign used), a premium sedan well suited to daily commuting and city driving — a good fit for urban professionals. Comes with leather seats. A solid pick for luxury lovers who want a standout badge.",
A7,Audi,2016,338500,95620,Diesel,Automatic,Sedan,foreign_used,5,Black,Leather Seats; All-Wheel Drive,"2016 Audi A7 (foreign used), a premium sedan well suited to daily commuting and city driving — a good fit for urban professionals. Comes with leather seats. A solid pick for luxury lovers who want a standout badge.",
A7,Audi,2017,312500,100857,Gasoline,Automatic,Sedan,local_used,5,Black,Leather Seats; All-Wheel Drive,"2017 Audi A7 (locally used), a premium sedan well suited to daily commuting and city driving — a good fit for urban professionals. Comes with leather seats. A solid pick for luxury lovers who want a standout badge.",
A6,Audi,2017,318000,95321,Gasoline,Automatic,Sedan,foreign_used,5,White,Leather Seats; All-Wheel Drive,"2017 Audi A6 (foreign used), a premium sedan well suited to daily commuting and city driving — a good fit for urban professionals. Comes with leather seats. A solid pick for luxury lovers who want a standout badge.",
A6,Audi,2016,329500,104639,Gasoline,Automatic,Sedan,foreign_used,5,White,Leather Seats; All-Wheel Drive,"2016 Audi A6 (foreign used), a premium sedan well suited to daily commuting and city driving — a good fit for urban professionals. Comes with leather seats. A solid pick for luxury lovers who want a standout badge.",
A6,Audi,2015,280000,163219,Diesel,Automatic,Sedan,foreign_used,5,Silver,Leather Seats; All-Wheel Drive,"2015 Audi A6 (foreign used), a premium sedan well suited to daily commuting and city driving — a good fit for urban professionals. Comes with leather seats. A solid pick for luxury lovers who want a standout badge.",
Acadia,GMC,2016,282500,113586,Gasoline,Automatic,SUV,foreign_used,7,Black,All-Wheel Drive,"2016 GMC Acadia (foreign used), a well-priced suv well suited to family trips and weekend getaways — a good fit for family-oriented drivers. Comes with all-wheel drive.",
Acadia,GMC,2017,272500,129171,Gasoline,Automatic,SUV,local_used,7,Blue,,"2017 GMC Acadia (locally used), a well-priced suv well suited to family trips and weekend getaways — a good fit for family-oriented drivers.",
Acadia,GMC,2015,236500,140655,Gasoline,Automatic,SUV,foreign_used,7,White,All-Wheel Drive,"2015 GMC Acadia (foreign used), a well-priced suv well suited to family trips and weekend getaways — a good fit for family-oriented drivers. Comes with all-wheel drive.",
Acadia Limited,GMC,2017,254000,123920,Gasoline,Automatic,SUV,foreign_used,7,Black,All-Wheel Drive,"2017 GMC Acadia Limited (foreign used), a well-priced suv well suited to family trips and weekend getaways — a good fit for family-oriented drivers. Comes with all-wheel drive.",
A8,Audi,2016,306500,120158,Diesel,Automatic,Sedan,foreign_used,5,Black,Leather Seats; All-Wheel Drive,"2016 Audi A8 (foreign used), a premium sedan well suited to daily commuting and city driving — a good fit for urban professionals. Comes with leather seats. A solid pick for luxury lovers who want a standout badge.",
A8,Audi,2017,365500,112153,Gasoline,Automatic,Sedan,foreign_used,5,White,Leather Seats; All-Wheel Drive,"2017 Audi A8 (foreign used), a premium sedan well suited to daily commuting and city driving — a good fit for urban professionals. Comes with leather seats. A solid pick for luxury lovers who want a standout badge.",
Accent,Hyundai,2016,92000,119551,Gasoline,Manual,Hatchback,local_used,5,White,,"2016 Hyundai Accent (locally used), a well-priced hatchback well suited to quick city runs and easy parking — a good fit for budget-conscious buyers.",
Accord Crosstour,Honda,2010,87500,162743,Gasoline,Automatic,Hatchback,foreign_used,5,Black,All-Wheel Drive,"2010 Honda Accord Crosstour (foreign used), a well-priced hatchback well suited to quick city runs and easy parking — a good fit for budget-conscious buyers. Comes with all-wheel drive.",
Accent,Hyundai,2015,71500,146682,Gasoline,Manual,Hatchback,foreign_used,5,Silver,,"2015 Hyundai Accent (foreign used), a well-priced hatchback well suited to quick city runs and easy parking — a good fit for budget-conscious buyers.",
Accent,Hyundai,2014,92000,128216,Gasoline,Automatic,Hatchback,foreign_used,5,Black,,"2014 Hyundai Accent (foreign used), a well-priced hatchback well suited to quick city runs and easy parking — a good fit for budget-conscious buyers.",
Accord,Honda,2015,249500,100605,Gasoline,Manual,Coupe,local_used,4,Silver,,"2015 Honda Accord (locally used), a well-priced coupe well suited to weekend drives and spirited handling — a good fit for lifestyle-focused drivers.",
Accord Hybrid,Honda,2017,171500,115856,Gasoline,Automatic,Sedan,foreign_used,5,Silver,,"2017 Honda Accord Hybrid (foreign used), a well-priced sedan well suited to daily commuting and city driving — a good fit for urban professionals.",
Accord Plug-In Hybrid,Honda,2014,197500,120752,Gasoline,Automatic,Sedan,local_used,5,White,,"2014 Honda Accord Plug-In Hybrid (locally used), a well-priced sedan well suited to daily commuting and city driving — a good fit for urban professionals.",
Accord Hybrid,Honda,2014,136500,175713,Gasoline,Automatic,Sedan,foreign_used,5,Silver,,"2014 Honda Accord Hybrid (foreign used), a well-priced sedan well suited to daily commuting and city driving — a good fit for urban professionals.",
Accord Hybrid,Honda,2015,162000,161959,Gasoline,Automatic,Sedan,local_used,5,Yellow,,"2015 Honda Accord Hybrid (locally used), a well-priced sedan well suited to daily commuting and city driving — a good fit for urban professionals.",
Accord Crosstour,Honda,2011,62000,217338,Gasoline,Automatic,Hatchback,foreign_used,5,Silver,,"2011 Honda Accord Crosstour (foreign used), a well-priced hatchback well suited to quick city runs and easy parking — a good fit for budget-conscious buyers.",
Accord,Honda,2016,263500,112210,Gasoline,Manual,Coupe,foreign_used,4,Gray,,"2016 Honda Accord (foreign used), a well-priced coupe well suited to weekend drives and spirited handling — a good fit for lifestyle-focused drivers.",
xD,Scion,2014,94500,109113,Gasoline,Automatic,Hatchback,foreign_used,5,Black,,"2014 Scion xD (foreign used), a well-priced hatchback well suited to quick city runs and easy parking — a good fit for budget-conscious buyers.",
xD,Scion,2012,58500,203979,Gasoline,Automatic,Hatchback,foreign_used,5,Gray,,"2012 Scion xD (foreign used), a well-priced hatchback well suited to quick city runs and easy parking — a good fit for budget-conscious buyers.",
xD,Scion,2013,82000,150398,Gasoline,Automatic,Hatchback,local_used,5,Gray,,"2013 Scion xD (locally used), a well-priced hatchback well suited to quick city runs and easy parking — a good fit for budget-conscious buyers.",
XC90,Volvo,2016,241000,147999,Gasoline,Automatic,SUV,local_used,7,Silver,Leather Seats,"2016 Volvo XC90 (locally used), a well-priced suv well suited to family trips and weekend getaways — a good fit for family-oriented drivers. Comes with leather seats.",
XC90,Volvo,2017,286500,133035,Gasoline,Automatic,SUV,foreign_used,7,Yellow,Leather Seats,"2017 Volvo XC90 (foreign used), a well-priced suv well suited to family trips and weekend getaways — a good fit for family-oriented drivers. Comes with leather seats.",
XC,Volvo,2002,163500,280000,Gasoline,Automatic,Wagon,foreign_used,5,White,Leather Seats; All-Wheel Drive,"2002 Volvo XC (foreign used), a well-priced wagon well suited to family trips with plenty of cargo room — a good fit for family-oriented drivers. Comes with leather seats.",
XC70,Volvo,2016,338000,113106,Gasoline,Automatic,Wagon,local_used,5,Gray,Leather Seats; All-Wheel Drive,"2016 Volvo XC70 (locally used), a premium wagon well suited to family trips with plenty of cargo room — a good fit for family-oriented drivers. Comes with leather seats.",
XC90,Volvo,2014,204000,169282,Gasoline,Automatic,SUV,foreign_used,7,Blue,Leather Seats,"2014 Volvo XC90 (foreign used), a well-priced suv well suited to family trips and weekend getaways — a good fit for family-oriented drivers. Comes with leather seats.",
XC70,Volvo,2015,369500,119917,Gasoline,Automatic,Wagon,foreign_used,5,White,Leather Seats; All-Wheel Drive,"2015 Volvo XC70 (foreign used), a premium wagon well suited to family trips with plenty of cargo room — a good fit for family-oriented drivers. Comes with leather seats.",
XC60,Volvo,2017,308500,90153,Gasoline,Automatic,SUV,foreign_used,7,Black,Leather Seats; All-Wheel Drive,"2017 Volvo XC60 (foreign used), a well-priced suv well suited to family trips and weekend getaways — a good fit for family-oriented drivers. Comes with leather seats.",
XC70,Volvo,2014,281000,148090,Gasoline,Automatic,Wagon,foreign_used,5,White,Leather Seats,"2014 Volvo XC70 (foreign used), a premium wagon well suited to family trips with plenty of cargo room — a good fit for family-oriented drivers. Comes with leather seats.",
XC60,Volvo,2016,259500,146169,Gasoline,Automatic,SUV,foreign_used,7,Black,Leather Seats; All-Wheel Drive,"2016 Volvo XC60 (foreign used), a well-priced suv well suited to family trips and weekend getaways — a good fit for family-oriented drivers. Comes with leather seats.",
ActiveHybrid X6,BMW,2010,297500,210819,Gasoline,Automatic,SUV,foreign_used,7,Gray,Leather Seats; All-Wheel Drive,"2010 BMW ActiveHybrid X6 (foreign used), a well-priced suv well suited to family trips and weekend getaways — a good fit for family-oriented drivers. Comes with leather seats.",
ActiveHybrid X6,BMW,2011,364000,186306,Gasoline,Automatic,SUV,foreign_used,7,Silver,Leather Seats; All-Wheel Drive,"2011 BMW ActiveHybrid X6 (foreign used), a premium suv well suited to family trips and weekend getaways — a good fit for family-oriented drivers. Comes with leather seats. A solid pick for luxury lovers who want a standout badge.",
ActiveHybrid 5,BMW,2014,339000,114997,Gasoline,Automatic,Sedan,local_used,5,Black,Leather Seats,"2014 BMW ActiveHybrid 5 (locally used), a premium sedan well suited to daily commuting and city driving — a good fit for urban professionals. Comes with leather seats. A solid pick for luxury lovers who want a standout badge.",
ActiveHybrid 5,BMW,2015,291000,139590,Gasoline,Automatic,Sedan,foreign_used,5,Black,Leather Seats,"2015 BMW ActiveHybrid 5 (foreign used), a premium sedan well suited to daily commuting and city driving — a good fit for urban professionals. Comes with leather seats. A solid pick for luxury lovers who want a standout badge.",
ActiveHybrid 5,BMW,2016,313000,149403,Gasoline,Automatic,Sedan,foreign_used,5,White,Leather Seats,"2016 BMW ActiveHybrid 5 (foreign used), a premium sedan well suited to daily commuting and city driving — a good fit for urban professionals. Comes with leather seats. A solid pick for luxury lovers who want a standout badge.",
ActiveHybrid 7,BMW,2013,302500,127927,Gasoline,Automatic,Sedan,foreign_used,5,Black,Leather Seats,"2013 BMW ActiveHybrid 7 (foreign used), a premium sedan well suited to daily commuting and city driving — a good fit for urban professionals. Comes with leather seats. A solid pick for luxury lovers who want a standout badge.",
ActiveHybrid 7,BMW,2014,269500,145320,Gasoline,Automatic,Sedan,local_used,5,Gray,Leather Seats,"2014 BMW ActiveHybrid 7 (locally used), a premium sedan well suited to daily commuting and city driving — a good fit for urban professionals. Comes with leather seats. A solid pick for luxury lovers who want a standout badge.",
ActiveHybrid 7,BMW,2015,295500,156907,Gasoline,Automatic,Sedan,foreign_used,5,Yellow,Leather Seats,"2015 BMW ActiveHybrid 7 (foreign used), a premium sedan well suited to daily commuting and city driving — a good fit for urban professionals. Comes with leather seats. A solid pick for luxury lovers who want a standout badge.",
XC60,Volvo,2015,241000,147891,Gasoline,Automatic,SUV,foreign_used,7,Blue,Leather Seats; All-Wheel Drive,"2015 Volvo XC60 (foreign used), a well-priced suv well suited to family trips and weekend getaways — a good fit for family-oriented drivers. Comes with leather seats.",
xA,Scion,2005,47000,276824,Gasoline,Manual,Hatchback,foreign_used,5,White,,"2005 Scion xA (foreign used), a budget-friendly hatchback well suited to quick city runs and easy parking — a good fit for budget-conscious buyers.",
xA,Scion,2006,50500,264298,Gasoline,Automatic,Hatchback,foreign_used,5,Red,,"2006 Scion xA (foreign used), a budget-friendly hatchback well suited to quick city runs and easy parking — a good fit for budget-conscious buyers.",
X6,BMW,2016,472000,111569,Gasoline,Automatic,SUV,foreign_used,7,Blue,Leather Seats,"2016 BMW X6 (foreign used), a premium suv well suited to family trips and weekend getaways — a good fit for family-oriented drivers. Comes with leather seats. A solid pick for luxury lovers who want a standout badge.",
X6,BMW,2017,550000,96854,Gasoline,Automatic,SUV,local_used,7,Blue,Leather Seats,"2017 BMW X6 (locally used), a premium suv well suited to family trips and weekend getaways — a good fit for family-oriented drivers. Comes with leather seats. A solid pick for luxury lovers who want a standout badge.",
xA,Scion,2004,46500,280000,Gasoline,Manual,Hatchback,local_used,5,Black,,"2004 Scion xA (locally used), a budget-friendly hatchback well suited to quick city runs and easy parking — a good fit for budget-conscious buyers.",
allroad,Audi,2014,458500,166328,Gasoline,Automatic,Wagon,foreign_used,5,Black,Leather Seats; All-Wheel Drive,"2014 Audi allroad (foreign used), a premium wagon well suited to family trips with plenty of cargo room — a good fit for family-oriented drivers. Comes with leather seats. A solid pick for luxury lovers who want a standout badge.",
allroad,Audi,2015,504000,156227,Gasoline,Automatic,Wagon,foreign_used,5,Black,Leather Seats; All-Wheel Drive,"2015 Audi allroad (foreign used), a premium wagon well suited to family trips with plenty of cargo room — a good fit for family-oriented drivers. Comes with leather seats. A solid pick for luxury lovers who want a standout badge.",
allroad,Audi,2016,502500,144794,Gasoline,Automatic,Wagon,local_used,5,White,Leather Seats; All-Wheel Drive,"2016 Audi allroad (locally used), a premium wagon well suited to family trips with plenty of cargo room — a good fit for family-oriented drivers. Comes with leather seats. A solid pick for luxury lovers who want a standout badge.",
allroad quattro,Audi,2003,310500,277565,Gasoline,Manual,Wagon,foreign_used,5,White,Leather Seats; All-Wheel Drive,"2003 Audi allroad quattro (foreign used), a premium wagon well suited to family trips with plenty of cargo room — a good fit for family-oriented drivers. Comes with leather seats. A solid pick for luxury lovers who want a standout badge.",
allroad quattro,Audi,2004,308000,264200,Gasoline,Automatic,Wagon,local_used,5,Black,Leather Seats; All-Wheel Drive,"2004 Audi allroad quattro (locally used), a premium wagon well suited to family trips with plenty of cargo room — a good fit for family-oriented drivers. Comes with leather seats. A solid pick for luxury lovers who want a standout badge.",
allroad quattro,Audi,2005,272500,280000,Gasoline,Manual,Wagon,foreign_used,5,Silver,Leather Seats; All-Wheel Drive,"2005 Audi allroad quattro (foreign used), a premium wagon well suited to family trips with plenty of cargo room — a good fit for family-oriented drivers. Comes with leather seats. A solid pick for luxury lovers who want a standout badge.",
Allante,Cadillac,1991,195500,280000,Gasoline,Automatic,Convertible,local_used,4,Gray,Leather Seats,"1991 Cadillac Allante (locally used), a budget-friendly convertible well suited to weekend adventures and open-top cruising — a good fit for adventure seekers and luxury lovers. Comes with leather seats.",
Allante,Cadillac,1992,220500,280000,Gasoline,Automatic,Convertible,local_used,4,Silver,Leather Seats,"1992 Cadillac Allante (locally used), a budget-friendly convertible well suited to weekend adventures and open-top cruising — a good fit for adventure seekers and luxury lovers. Comes with leather seats.",
Allante,Cadillac,1993,205000,280000,Gasoline,Automatic,Convertible,local_used,4,White,Leather Seats,"1993 Cadillac Allante (locally used), a budget-friendly convertible well suited to weekend adventures and open-top cruising — a good fit for adventure seekers and luxury lovers. Comes with leather seats.",
X5,BMW,2017,429000,129060,Gasoline,Automatic,SUV,foreign_used,7,Red,Leather Seats; All-Wheel Drive,"2017 BMW X5 (foreign used), a premium suv well suited to family trips and weekend getaways — a good fit for family-oriented drivers. Comes with leather seats. A solid pick for luxury lovers who want a standout badge.",
X6 M,BMW,2015,469000,121308,Gasoline,Automatic,SUV,foreign_used,7,Red,Leather Seats; All-Wheel Drive,"2015 BMW X6 M (foreign used), a premium suv well suited to family trips and weekend getaways — a good fit for family-oriented drivers. Comes with leather seats. A solid pick for luxury lovers who want a standout badge.",
X6 M,BMW,2016,480500,112535,Gasoline,Automatic,SUV,local_used,7,Blue,Leather Seats; All-Wheel Drive,"2016 BMW X6 M (locally used), a premium suv well suited to family trips and weekend getaways — a good fit for family-oriented drivers. Comes with leather seats. A solid pick for luxury lovers who want a standout badge.",
X6 M,BMW,2017,539500,86075,Gasoline,Automatic,SUV,foreign_used,7,Orange,Leather Seats; All-Wheel Drive,"2017 BMW X6 M (foreign used), a premium suv well suited to family trips and weekend getaways — a good fit for family-oriented drivers. Comes with leather seats. A solid pick for luxury lovers who want a standout badge.",
X6,BMW,2015,414000,137166,Gasoline,Automatic,SUV,foreign_used,7,Silver,Leather Seats; All-Wheel Drive,"2015 BMW X6 (foreign used), a premium suv well suited to family trips and weekend getaways — a good fit for family-oriented drivers. Comes with leather seats. A solid pick for luxury lovers who want a standout badge.",
X5,BMW,2015,459000,101372,Gasoline,Automatic,SUV,local_used,7,Yellow,Leather Seats; All-Wheel Drive,"2015 BMW X5 (locally used), a premium suv well suited to family trips and weekend getaways — a good fit for family-oriented drivers. Comes with leather seats. A solid pick for luxury lovers who want a standout badge.",
X5,BMW,2016,482500,117936,Gasoline,Automatic,SUV,local_used,7,White,Leather Seats; All-Wheel Drive,"2016 BMW X5 (locally used), a premium suv well suited to family trips and weekend getaways — a good fit for family-oriented drivers. Comes with leather seats. A solid pick for luxury lovers who want a standout badge.",
X4,BMW,2017,488000,110303,Gasoline,Automatic,SUV,local_used,7,Black,Leather Seats; All-Wheel Drive,"2017 BMW X4 (locally used), a premium suv well suited to family trips and weekend getaways — a good fit for family-oriented drivers. Comes with leather seats. A solid pick for luxury lovers who want a standout badge.",
X5 M,BMW,2015,448500,117912,Gasoline,Automatic,SUV,foreign_used,7,White,Leather Seats; All-Wheel Drive,"2015 BMW X5 M (foreign used), a premium suv well suited to family trips and weekend getaways — a good fit for family-oriented drivers. Comes with leather seats. A solid pick for luxury lovers who want a standout badge.",
X5 M,BMW,2016,460000,125450,Gasoline,Automatic,SUV,local_used,7,White,Leather Seats; All-Wheel Drive,"2016 BMW X5 M (locally used), a premium suv well suited to family trips and weekend getaways — a good fit for family-oriented drivers. Comes with leather seats. A solid pick for luxury lovers who want a standout badge.",
X5 M,BMW,2017,560000,82647,Gasoline,Automatic,SUV,local_used,7,White,Leather Seats; All-Wheel Drive,"2017 BMW X5 M (locally used), a premium suv well suited to family trips and weekend getaways — a good fit for family-oriented drivers. Comes with leather seats. A solid pick for luxury lovers who want a standout badge.",
X3,BMW,2017,460500,83017,Gasoline,Automatic,SUV,foreign_used,7,Silver,Leather Seats; All-Wheel Drive,"2017 BMW X3 (foreign used), a premium suv well suited to family trips and weekend getaways — a good fit for family-oriented drivers. Comes with leather seats. A solid pick for luxury lovers who want a standout badge.",
X4,BMW,2015,359000,153292,Gasoline,Automatic,SUV,foreign_used,7,Blue,Leather Seats; All-Wheel Drive,"2015 BMW X4 (foreign used), a premium suv well suited to family trips and weekend getaways — a good fit for family-oriented drivers. Comes with leather seats. A solid pick for luxury lovers who want a standout badge.",
X4,BMW,2016,434000,111611,Gasoline,Automatic,SUV,foreign_used,7,Silver,Leather Seats; All-Wheel Drive,"2016 BMW X4 (foreign used), a premium suv well suited to family trips and weekend getaways — a good fit for family-oriented drivers. Comes with leather seats. A solid pick for luxury lovers who want a standout badge.",
Altima,Nissan,2016,202500,97624,Gasoline,Automatic,Sedan,foreign_used,5,White,,"2016 Nissan Altima (foreign used), a well-priced sedan well suited to daily commuting and city driving — a good fit for urban professionals.",
Altima,Nissan,2015,176000,133468,Gasoline,Automatic,Sedan,local_used,5,Blue,,"2015 Nissan Altima (locally used), a well-priced sedan well suited to daily commuting and city driving — a good fit for urban professionals.",
ALPINA B7,BMW,2015,311000,149820,Gasoline,Automatic,Sedan,foreign_used,5,Silver,Leather Seats; All-Wheel Drive,"2015 BMW ALPINA B7 (foreign used), a premium sedan well suited to daily commuting and city driving — a good fit for urban professionals. Comes with leather seats. A solid pick for luxury lovers who want a standout badge.",
ALPINA B7,BMW,2017,382000,92654,Gasoline,Automatic,Sedan,local_used,5,Black,Leather Seats; All-Wheel Drive,"2017 BMW ALPINA B7 (locally used), a premium sedan well suited to daily commuting and city driving — a good fit for urban professionals. Comes with leather seats. A solid pick for luxury lovers who want a standout badge.",
Alpina,BMW,2003,428500,280000,Gasoline,Automatic,Convertible,local_used,4,Gray,Leather Seats,"2003 BMW Alpina (locally used), a well-priced convertible well suited to weekend adventures and open-top cruising — a good fit for adventure seekers and luxury lovers. Comes with leather seats.",
Altima Hybrid,Nissan,2009,127000,161705,Gasoline,Automatic,Sedan,foreign_used,5,Black,,"2009 Nissan Altima Hybrid (foreign used), a well-priced sedan well suited to daily commuting and city driving — a good fit for urban professionals.",
Altima Hybrid,Nissan,2010,140000,148961,Gasoline,Automatic,Sedan,local_used,5,Black,,"2010 Nissan Altima Hybrid (locally used), a well-priced sedan well suited to daily commuting and city driving — a good fit for urban professionals.",
Altima Hybrid,Nissan,2011,113000,182822,Gasoline,Automatic,Sedan,foreign_used,5,Red,,"2011 Nissan Altima Hybrid (foreign used), a budget-friendly sedan well suited to daily commuting and city driving — a good fit for urban professionals.",
ALPINA B6 Gran Coupe,BMW,2015,317000,134682,Gasoline,Automatic,Sedan,local_used,5,Black,Leather Seats; All-Wheel Drive,"2015 BMW ALPINA B6 Gran Coupe (locally used), a premium sedan well suited to daily commuting and city driving — a good fit for urban professionals. Comes with leather seats. A solid pick for luxury lovers who want a standout badge.",
ALPINA B6 Gran Coupe,BMW,2016,341500,128246,Gasoline,Automatic,Sedan,foreign_used,5,Silver,Leather Seats; All-Wheel Drive,"2016 BMW ALPINA B6 Gran Coupe (foreign used), a premium sedan well suited to daily commuting and city driving — a good fit for urban professionals. Comes with leather seats. A solid pick for luxury lovers who want a standout badge.",
ALPINA B6 Gran Coupe,BMW,2017,338500,120209,Gasoline,Automatic,Sedan,local_used,5,Red,Leather Seats; All-Wheel Drive,"2017 BMW ALPINA B6 Gran Coupe (locally used), a premium sedan well suited to daily commuting and city driving — a good fit for urban professionals. Comes with leather seats. A solid pick for luxury lovers who want a standout badge.",
ALPINA B7,BMW,2014,256000,178261,Gasoline,Automatic,Sedan,foreign_used,5,Gray,Leather Seats; All-Wheel Drive,"2014 BMW ALPINA B7 (foreign used), a premium sedan well suited to daily commuting and city driving — a good fit for urban professionals. Comes with leather seats. A solid pick for luxury lovers who want a standout badge.",
Armada,Nissan,2014,229500,145174,Gasoline,Automatic,SUV,foreign_used,7,White,,"2014 Nissan Armada (foreign used), a well-priced suv well suited to family trips and weekend getaways — a good fit for family-oriented drivers.",
AMG GT,Mercedes-Benz,2016,484000,109377,Gasoline,Automatic,Coupe,local_used,4,White,Leather Seats,"2016 Mercedes-Benz AMG GT (locally used), a premium coupe well suited to weekend drives and spirited handling — a good fit for lifestyle-focused drivers. Comes with leather seats. A solid pick for luxury lovers who want a standout badge.",
AMG GT,Mercedes-Benz,2017,479500,123940,Gasoline,Automatic,Coupe,foreign_used,4,White,Leather Seats,"2017 Mercedes-Benz AMG GT (foreign used), a premium coupe well suited to weekend drives and spirited handling — a good fit for lifestyle-focused drivers. Comes with leather seats. A solid pick for luxury lovers who want a standout badge.",
Altima,Nissan,2017,211000,95625,Gasoline,Automatic,Sedan,foreign_used,5,Silver,,"2017 Nissan Altima (foreign used), a well-priced sedan well suited to daily commuting and city driving — a good fit for urban professionals.",
X3,BMW,2015,395000,127972,Gasoline,Automatic,SUV,foreign_used,7,Black,Leather Seats; All-Wheel Drive,"2015 BMW X3 (foreign used), a premium suv well suited to family trips and weekend getaways — a good fit for family-oriented drivers. Comes with leather seats. A solid pick for luxury lovers who want a standout badge.",
X3,BMW,2016,477500,94707,Gasoline,Automatic,SUV,local_used,7,White,Leather Seats,"2016 BMW X3 (locally used), a premium suv well suited to family trips and weekend getaways — a good fit for family-oriented drivers. Comes with leather seats. A solid pick for luxury lovers who want a standout badge.",
X1,BMW,2015,406000,100673,Gasoline,Automatic,SUV,foreign_used,7,Red,Leather Seats,"2015 BMW X1 (foreign used), a premium suv well suited to family trips and weekend getaways — a good fit for family-oriented drivers. Comes with leather seats. A solid pick for luxury lovers who want a standout badge.",
X1,BMW,2016,400500,147759,Gasoline,Automatic,SUV,foreign_used,7,Silver,Leather Seats; All-Wheel Drive,"2016 BMW X1 (foreign used), a premium suv well suited to family trips and weekend getaways — a good fit for family-oriented drivers. Comes with leather seats. A solid pick for luxury lovers who want a standout badge.",
X1,BMW,2017,398500,126143,Gasoline,Automatic,SUV,foreign_used,7,Black,Leather Seats,"2017 BMW X1 (foreign used), a premium suv well suited to family trips and weekend getaways — a good fit for family-oriented drivers. Comes with leather seats. A solid pick for luxury lovers who want a standout badge.",
WRX,Subaru,2017,178500,118583,Gasoline,Manual,Sedan,foreign_used,5,Silver,All-Wheel Drive,"2017 Subaru WRX (foreign used), a well-priced sedan well suited to daily commuting and city driving — a good fit for urban professionals. Comes with all-wheel drive.",
WRX,Subaru,2016,181500,114537,Gasoline,Automatic,Sedan,foreign_used,5,Gray,All-Wheel Drive,"2016 Subaru WRX (foreign used), a well-priced sedan well suited to daily commuting and city driving — a good fit for urban professionals. Comes with all-wheel drive.",
Aspire,Ford,1997,34500,280000,Gasoline,Manual,Hatchback,foreign_used,5,White,,"1997 Ford Aspire (foreign used), a budget-friendly hatchback well suited to quick city runs and easy parking — a good fit for budget-conscious buyers.",
Aspen,Chrysler,2009,218500,168957,Gasoline,Automatic,SUV,foreign_used,7,Black,All-Wheel Drive,"2009 Chrysler Aspen (foreign used), a well-priced suv well suited to family trips and weekend getaways — a good fit for family-oriented drivers. Comes with all-wheel drive.",
Aspire,Ford,1995,28000,280000,Gasoline,Manual,Hatchback,foreign_used,5,Blue,,"1995 Ford Aspire (foreign used), a budget-friendly hatchback well suited to quick city runs and easy parking — a good fit for budget-conscious buyers.",
Aspire,Ford,1996,29000,280000,Gasoline,Manual,Hatchback,foreign_used,5,Black,,"1996 Ford Aspire (foreign used), a budget-friendly hatchback well suited to quick city runs and easy parking — a good fit for budget-conscious buyers.",
Arnage,Bentley,2009,219500,225889,Gasoline,Automatic,Sedan,local_used,5,Silver,Leather Seats,"2009 Bentley Arnage (locally used), a well-priced sedan well suited to daily commuting and city driving — a good fit for urban professionals. Comes with leather seats.",
Aspen,Chrysler,2007,138500,246263,Gasoline,Automatic,SUV,foreign_used,7,Black,,"2007 Chrysler Aspen (foreign used), a budget-friendly suv well suited to family trips and weekend getaways — a good fit for family-oriented drivers.",
Arnage,Bentley,2007,209500,202912,Gasoline,Automatic,Sedan,foreign_used,5,White,Leather Seats,"2007 Bentley Arnage (foreign used), a well-priced sedan well suited to daily commuting and city driving — a good fit for urban professionals. Comes with leather seats.",
Arnage,Bentley,2008,196500,265125,Gasoline,Automatic,Sedan,foreign_used,5,White,Leather Seats,"2008 Bentley Arnage (foreign used), a well-priced sedan well suited to daily commuting and city driving — a good fit for urban professionals. Comes with leather seats.",
ATS Coupe,Cadillac,2016,372000,134274,Gasoline,Automatic,Coupe,foreign_used,4,Black,Leather Seats,"2016 Cadillac ATS Coupe (foreign used), a premium coupe well suited to weekend drives and spirited handling — a good fit for lifestyle-focused drivers. Comes with leather seats. A solid pick for luxury lovers who want a standout badge.",
ATS Coupe,Cadillac,2015,421500,135587,Gasoline,Automatic,Coupe,local_used,4,White,Leather Seats,"2015 Cadillac ATS Coupe (locally used), a premium coupe well suited to weekend drives and spirited handling — a good fit for lifestyle-focused drivers. Comes with leather seats. A solid pick for luxury lovers who want a standout badge.",
ATS,Cadillac,2015,296500,139374,Gasoline,Automatic,Sedan,foreign_used,5,White,Leather Seats; All-Wheel Drive,"2015 Cadillac ATS (foreign used), a premium sedan well suited to daily commuting and city driving — a good fit for urban professionals. Comes with leather seats. A solid pick for luxury lovers who want a standout badge.",
ATS,Cadillac,2016,295500,115176,Gasoline,Automatic,Sedan,foreign_used,5,Blue,Leather Seats,"2016 Cadillac ATS (foreign used), a premium sedan well suited to daily commuting and city driving — a good fit for urban professionals. Comes with leather seats. A solid pick for luxury lovers who want a standout badge.",
ATS Coupe,Cadillac,2017,449500,94377,Gasoline,Automatic,Coupe,foreign_used,4,Orange,Leather Seats; All-Wheel Drive,"2017 Cadillac ATS Coupe (foreign used), a premium coupe well suited to weekend drives and spirited handling — a good fit for lifestyle-focused drivers. Comes with leather seats. A solid pick for luxury lovers who want a standout badge.",
ATS-V,Cadillac,2016,479000,111358,Gasoline,Manual,Coupe,foreign_used,4,Blue,Leather Seats,"2016 Cadillac ATS-V (foreign used), a premium coupe well suited to weekend drives and spirited handling — a good fit for lifestyle-focused drivers. Comes with leather seats. A solid pick for luxury lovers who want a standout badge.",
ATS-V,Cadillac,2017,407000,121924,Gasoline,Manual,Coupe,foreign_used,4,Blue,Leather Seats,"2017 Cadillac ATS-V (foreign used), a premium coupe well suited to weekend drives and spirited handling — a good fit for lifestyle-focused drivers. Comes with leather seats. A solid pick for luxury lovers who want a standout badge.",
Aurora,Oldsmobile,2003,104500,208986,Gasoline,Automatic,Sedan,foreign_used,5,Black,,"2003 Oldsmobile Aurora (foreign used), a budget-friendly sedan well suited to daily commuting and city driving — a good fit for urban professionals.",
Avalanche,Chevrolet,2010,259000,155143,Gasoline,Automatic,Truck,foreign_used,2,Yellow,,"2010 Chevrolet Avalanche (foreign used), a well-priced truck well suited to hauling and rough roads — a good fit for adventure seekers.",
Avalanche,Chevrolet,2011,292000,139140,Gasoline,Automatic,Truck,local_used,2,White,,"2011 Chevrolet Avalanche (locally used), a premium truck well suited to hauling and rough roads — a good fit for adventure seekers.",
ATS,Cadillac,2017,378500,83199,Gasoline,Automatic,Sedan,foreign_used,5,Red,Leather Seats; All-Wheel Drive,"2017 Cadillac ATS (foreign used), a premium sedan well suited to daily commuting and city driving — a good fit for urban professionals. Comes with leather seats. A solid pick for luxury lovers who want a standout badge.",
Aurora,Oldsmobile,2001,91000,280000,Gasoline,Automatic,Sedan,foreign_used,5,Orange,,"2001 Oldsmobile Aurora (foreign used), a budget-friendly sedan well suited to daily commuting and city driving — a good fit for urban professionals.",
Aurora,Oldsmobile,2002,89000,280000,Gasoline,Automatic,Sedan,local_used,5,Gray,,"2002 Oldsmobile Aurora (locally used), a budget-friendly sedan well suited to daily commuting and city driving — a good fit for urban professionals.",
Avalon,Toyota,2016,196500,118450,Gasoline,Automatic,Sedan,local_used,5,Orange,,"2016 Toyota Avalon (locally used), a well-priced sedan well suited to daily commuting and city driving — a good fit for urban professionals.",
Avalon,Toyota,2017,205500,86283,Gasoline,Automatic,Sedan,foreign_used,5,Silver,,"2017 Toyota Avalon (foreign used), a well-priced sedan well suited to daily commuting and city driving — a good fit for urban professionals.",
Avalon Hybrid,Toyota,2017,187500,107547,Gasoline,Automatic,Sedan,local_used,5,Black,,"2017 Toyota Avalon Hybrid (locally used), a well-priced sedan well suited to daily commuting and city driving — a good fit for urban professionals.",
Avalon,Toyota,2015,193000,130249,Gasoline,Automatic,Sedan,local_used,5,Black,,"2015 Toyota Avalon (locally used), a well-priced sedan well suited to daily commuting and city driving — a good fit for urban professionals.",
Avalon Hybrid,Toyota,2015,196000,110431,Gasoline,Automatic,Sedan,foreign_used,5,Silver,,"2015 Toyota Avalon Hybrid (foreign used), a well-priced sedan well suited to daily commuting and city driving — a good fit for urban professionals.",
Avalon Hybrid,Toyota,2016,192000,116031,Gasoline,Automatic,Sedan,foreign_used,5,White,,"2016 Toyota Avalon Hybrid (foreign used), a well-priced sedan well suited to daily commuting and city driving — a good fit for urban professionals.",
Avalanche,Chevrolet,2012,268000,159474,Gasoline,Automatic,Truck,foreign_used,2,Silver,,"2012 Chevrolet Avalanche (foreign used), a premium truck well suited to hauling and rough roads — a good fit for adventure seekers.",
WRX,Subaru,2015,144500,139646,Gasoline,Manual,Sedan,local_used,5,Orange,All-Wheel Drive,"2015 Subaru WRX (locally used), a well-priced sedan well suited to daily commuting and city driving — a good fit for urban professionals. Comes with all-wheel drive.",
Wraith,Rolls-Royce,2016,432500,128106,Gasoline,Automatic,Coupe,foreign_used,4,White,Leather Seats,"2016 Rolls-Royce Wraith (foreign used), a premium coupe well suited to weekend drives and spirited handling — a good fit for lifestyle-focused drivers. Comes with leather seats. A solid pick for luxury lovers who want a standout badge.",
Wraith,Rolls-Royce,2014,481500,111262,Gasoline,Automatic,Coupe,foreign_used,4,Blue,Leather Seats,"2014 Rolls-Royce Wraith (foreign used), a premium coupe well suited to weekend drives and spirited handling — a good fit for lifestyle-focused drivers. Comes with leather seats. A solid pick for luxury lovers who want a standout badge.",
Wraith,Rolls-Royce,2015,495000,123724,Gasoline,Automatic,Coupe,local_used,4,Red,Leather Seats,"2015 Rolls-Royce Wraith (locally used), a premium coupe well suited to weekend drives and spirited handling — a good fit for lifestyle-focused drivers. Comes with leather seats. A solid pick for luxury lovers who want a standout badge.",
Aveo,Chevrolet,2009,52000,216838,Gasoline,Manual,Hatchback,foreign_used,5,Red,,"2009 Chevrolet Aveo (foreign used), a budget-friendly hatchback well suited to quick city runs and easy parking — a good fit for budget-conscious buyers.",
Aveo,Chevrolet,2010,63500,192301,Gasoline,Manual,Hatchback,foreign_used,5,Yellow,,"2010 Chevrolet Aveo (foreign used), a well-priced hatchback well suited to quick city runs and easy parking — a good fit for budget-conscious buyers.",
Aventador,Lamborghini,2015,700500,155528,Gasoline,Automatic,Convertible,foreign_used,4,Silver,All-Wheel Drive,"2015 Lamborghini Aventador (foreign used), a premium convertible well suited to weekend adventures and open-top cruising — a good fit for adventure seekers and luxury lovers. Comes with all-wheel drive. A solid pick for luxury lovers who want a standout badge.",
Aventador,Lamborghini,2016,826000,129522,Gasoline,Automatic,Convertible,foreign_used,4,Yellow,All-Wheel Drive,"2016 Lamborghini Aventador (foreign used), a premium convertible well suited to weekend adventures and open-top cruising — a good fit for adventure seekers and luxury lovers. Comes with all-wheel drive. A solid pick for luxury lovers who want a standout badge.",
Avenger,Dodge,2014,153500,119731,Gasoline,Automatic,Sedan,local_used,5,Gray,,"2014 Dodge Avenger (locally used), a well-priced sedan well suited to daily commuting and city driving — a good fit for urban professionals.",
Aventador,Lamborghini,2014,843000,113081,Gasoline,Automatic,Convertible,foreign_used,4,White,All-Wheel Drive,"2014 Lamborghini Aventador (foreign used), a premium convertible well suited to weekend adventures and open-top cruising — a good fit for adventure seekers and luxury lovers. Comes with all-wheel drive. A solid pick for luxury lovers who want a standout badge.",
Avenger,Dodge,2012,117000,179963,Gasoline,Automatic,Sedan,local_used,5,Silver,,"2012 Dodge Avenger (locally used), a budget-friendly sedan well suited to daily commuting and city driving — a good fit for urban professionals.",
Avenger,Dodge,2013,173000,119068,Gasoline,Automatic,Sedan,foreign_used,5,Gray,,"2013 Dodge Avenger (foreign used), a well-priced sedan well suited to daily commuting and city driving — a good fit for urban professionals.",
Azera,Hyundai,2016,168500,125147,Gasoline,Automatic,Sedan,foreign_used,5,Black,,"2016 Hyundai Azera (foreign used), a well-priced sedan well suited to daily commuting and city driving — a good fit for urban professionals.",
Azera,Hyundai,2017,193500,131772,Gasoline,Automatic,Sedan,local_used,5,Gray,,"2017 Hyundai Azera (locally used), a well-priced sedan well suited to daily commuting and city driving — a good fit for urban professionals.",
Aztek,Pontiac,2003,113000,280000,Gasoline,Automatic,SUV,foreign_used,7,Gray,All-Wheel Drive,"2003 Pontiac Aztek (foreign used), a budget-friendly suv well suited to family trips and weekend getaways — a good fit for family-oriented drivers. Comes with all-wheel drive.",
Aztek,Pontiac,2004,130000,249238,Gasoline,Automatic,SUV,foreign_used,7,White,All-Wheel Drive,"2004 Pontiac Aztek (foreign used), a budget-friendly suv well suited to family trips and weekend getaways — a good fit for family-oriented drivers. Comes with all-wheel drive.",
Aviator,Lincoln,2005,234000,270054,Gasoline,Automatic,SUV,foreign_used,7,Silver,Leather Seats,"2005 Lincoln Aviator (foreign used), a well-priced suv well suited to family trips and weekend getaways — a good fit for family-oriented drivers. Comes with leather seats.",
Azera,Hyundai,2015,192500,129245,Gasoline,Automatic,Sedan,local_used,5,Gray,,"2015 Hyundai Azera (locally used), a well-priced sedan well suited to daily commuting and city driving — a good fit for urban professionals.",
Aviator,Lincoln,2003,202000,280000,Gasoline,Automatic,SUV,foreign_used,7,Silver,Leather Seats; All-Wheel Drive,"2003 Lincoln Aviator (foreign used), a well-priced suv well suited to family trips and weekend getaways — a good fit for family-oriented drivers. Comes with leather seats.",
Aviator,Lincoln,2004,243000,280000,Gasoline,Automatic,SUV,foreign_used,7,White,Leather Seats; All-Wheel Drive,"2004 Lincoln Aviator (foreign used), a well-priced suv well suited to family trips and weekend getaways — a good fit for family-oriented drivers. Comes with leather seats.",
Aveo,Chevrolet,2011,71000,169749,Gasoline,Manual,Hatchback,foreign_used,5,White,,"2011 Chevrolet Aveo (foreign used), a well-priced hatchback well suited to quick city runs and easy parking — a good fit for budget-conscious buyers.",
B-Series Pickup,Mazda,1999,112500,280000,Gasoline,Manual,Truck,foreign_used,2,Black,All-Wheel Drive,"1999 Mazda B-Series Pickup (foreign used), a budget-friendly truck well suited to hauling and rough roads — a good fit for adventure seekers. Comes with all-wheel drive.",
B-Class Electric Drive,Mercedes-Benz,2017,156500,129889,Electric,Automatic,Hatchback,local_used,5,Red,Leather Seats,"2017 Mercedes-Benz B-Class Electric Drive (locally used), a premium hatchback well suited to quick city runs and easy parking — a good fit for budget-conscious buyers. Comes with leather seats. A electric powertrain keeps running costs low for eco-conscious drivers. A solid pick for luxury lovers who want a standout badge.",
Aztek,Pontiac,2005,124000,213670,Gasoline,Automatic,SUV,foreign_used,7,White,All-Wheel Drive,"2005 Pontiac Aztek (foreign used), a budget-friendly suv well suited to family trips and weekend getaways — a good fit for family-oriented drivers. Comes with all-wheel drive.",
Azure T,Bentley,2010,746500,150659,Gasoline,Automatic,Convertible,foreign_used,4,Silver,Leather Seats,"2010 Bentley Azure T (foreign used), a premium convertible well suited to weekend adventures and open-top cruising — a good fit for adventure seekers and luxury lovers. Comes with leather seats. A solid pick for luxury lovers who want a standout badge.",
Azure,Bentley,2007,572000,182489,Gasoline,Automatic,Convertible,foreign_used,4,White,Leather Seats,"2007 Bentley Azure (foreign used), a well-priced convertible well suited to weekend adventures and open-top cruising — a good fit for adventure seekers and luxury lovers. Comes with leather seats.",
Azure,Bentley,2008,624000,163968,Gasoline,Automatic,Convertible,foreign_used,4,Black,Leather Seats,"2008 Bentley Azure (foreign used), a well-priced convertible well suited to weekend adventures and open-top cruising — a good fit for adventure seekers and luxury lovers. Comes with leather seats.",
Azure,Bentley,2009,595000,162633,Gasoline,Automatic,Convertible,local_used,4,Blue,Leather Seats,"2009 Bentley Azure (locally used), a well-priced convertible well suited to weekend adventures and open-top cruising — a good fit for adventure seekers and luxury lovers. Comes with leather seats.",
B-Class Electric Drive,Mercedes-Benz,2015,141000,144078,Electric,Automatic,Hatchback,foreign_used,5,Gray,Leather Seats,"2015 Mercedes-Benz B-Class Electric Drive (foreign used), a premium hatchback well suited to quick city runs and easy parking — a good fit for budget-conscious buyers. Comes with leather seats. A electric powertrain keeps running costs low for eco-conscious drivers. A solid pick for luxury lovers who want a standout badge.",
B-Class Electric Drive,Mercedes-Benz,2016,196500,94271,Electric,Automatic,Hatchback,local_used,5,White,Leather Seats,"2016 Mercedes-Benz B-Class Electric Drive (locally used), a premium hatchback well suited to quick city runs and easy parking — a good fit for budget-conscious buyers. Comes with leather seats. A electric powertrain keeps running costs low for eco-conscious drivers. A solid pick for luxury lovers who want a standout badge.",
Voyager,Plymouth,1999,110000,280000,Gasoline,Automatic,Wagon,foreign_used,5,Black,,"1999 Plymouth Voyager (foreign used), a budget-friendly wagon well suited to family trips with plenty of cargo room — a good fit for family-oriented drivers.",
Voyager,Plymouth,2000,128500,280000,Gasoline,Automatic,Wagon,foreign_used,5,White,,"2000 Plymouth Voyager (foreign used), a budget-friendly wagon well suited to family trips with plenty of cargo room — a good fit for family-oriented drivers.",
Voyager,Chrysler,2002,151000,219351,Gasoline,Automatic,Wagon,local_used,5,Silver,,"2002 Chrysler Voyager (locally used), a well-priced wagon well suited to family trips with plenty of cargo room — a good fit for family-oriented drivers.",
Virage,Aston Martin,2012,318000,194415,Gasoline,Automatic,Coupe,foreign_used,4,Gray,,"2012 Aston Martin Virage (foreign used), a well-priced coupe well suited to weekend drives and spirited handling — a good fit for lifestyle-focused drivers.",
Viper,Dodge,2016,305500,106911,Gasoline,Manual,Coupe,local_used,4,White,,"2016 Dodge Viper (locally used), a well-priced coupe well suited to weekend drives and spirited handling — a good fit for lifestyle-focused drivers.",
Viper,Dodge,2017,288500,87381,Gasoline,Manual,Coupe,local_used,4,Black,,"2017 Dodge Viper (locally used), a well-priced coupe well suited to weekend drives and spirited handling — a good fit for lifestyle-focused drivers.",
Vigor,Acura,1994,91500,280000,Gasoline,Manual,Sedan,foreign_used,5,Black,Leather Seats,"1994 Acura Vigor (foreign used), a budget-friendly sedan well suited to daily commuting and city driving — a good fit for urban professionals. Comes with leather seats.",
Viper,Dodge,2015,243000,140510,Gasoline,Manual,Coupe,foreign_used,4,Red,,"2015 Dodge Viper (foreign used), a well-priced coupe well suited to weekend drives and spirited handling — a good fit for lifestyle-focused drivers.",
Vibe,Pontiac,2010,61000,228237,Gasoline,Automatic,Hatchback,local_used,5,Orange,All-Wheel Drive,"2010 Pontiac Vibe (locally used), a well-priced hatchback well suited to quick city runs and easy parking — a good fit for budget-conscious buyers. Comes with all-wheel drive.",
Vigor,Acura,1992,79500,280000,Gasoline,Manual,Sedan,foreign_used,5,White,Leather Seats,"1992 Acura Vigor (foreign used), a budget-friendly sedan well suited to daily commuting and city driving — a good fit for urban professionals. Comes with leather seats.",
Vigor,Acura,1993,85500,280000,Gasoline,Manual,Sedan,foreign_used,5,Gray,Leather Seats,"1993 Acura Vigor (foreign used), a budget-friendly sedan well suited to daily commuting and city driving — a good fit for urban professionals. Comes with leather seats.",
B-Series Pickup,Mazda,2000,127500,277997,Gasoline,Manual,Truck,foreign_used,2,Black,All-Wheel Drive,"2000 Mazda B-Series Pickup (foreign used), a budget-friendly truck well suited to hauling and rough roads — a good fit for adventure seekers. Comes with all-wheel drive.",
Veyron 16.4,Bugatti,2008,318000,181163,Gasoline,Automatic,Coupe,foreign_used,4,Black,All-Wheel Drive,"2008 Bugatti Veyron 16.4 (foreign used), a well-priced coupe well suited to weekend drives and spirited handling — a good fit for lifestyle-focused drivers. Comes with all-wheel drive.",
Veyron 16.4,Bugatti,2009,314500,229563,Gasoline,Automatic,Coupe,local_used,4,Gray,All-Wheel Drive,"2009 Bugatti Veyron 16.4 (locally used), a well-priced coupe well suited to weekend drives and spirited handling — a good fit for lifestyle-focused drivers. Comes with all-wheel drive.",
Vibe,Pontiac,2009,50500,235297,Gasoline,Manual,Hatchback,foreign_used,5,Red,,"2009 Pontiac Vibe (foreign used), a budget-friendly hatchback well suited to quick city runs and easy parking — a good fit for budget-conscious buyers.",
Versa Note,Nissan,2016,80000,149430,Gasoline,Manual,Hatchback,foreign_used,5,Red,,"2016 Nissan Versa Note (foreign used), a well-priced hatchback well suited to quick city runs and easy parking — a good fit for budget-conscious buyers.",
Versa Note,Nissan,2017,86500,103281,Gasoline,Automatic,Hatchback,foreign_used,5,Silver,,"2017 Nissan Versa Note (foreign used), a well-priced hatchback well suited to quick city runs and easy parking — a good fit for budget-conscious buyers.",
B9 Tribeca,Subaru,2006,147000,224642,Gasoline,Automatic,SUV,foreign_used,7,Black,All-Wheel Drive,"2006 Subaru B9 Tribeca (foreign used), a budget-friendly suv well suited to family trips and weekend getaways — a good fit for family-oriented drivers. Comes with all-wheel drive.",
B9 Tribeca,Subaru,2007,126500,259511,Gasoline,Automatic,SUV,foreign_used,7,Blue,All-Wheel Drive,"2007 Subaru B9 Tribeca (foreign used), a budget-friendly suv well suited to family trips and weekend getaways — a good fit for family-oriented drivers. Comes with all-wheel drive.",
Versa Note,Nissan,2015,87500,121493,Gasoline,Automatic,Hatchback,local_used,5,Black,,"2015 Nissan Versa Note (locally used), a well-priced hatchback well suited to quick city runs and easy parking — a good fit for budget-conscious buyers.",
Verano,Buick,2016,151500,145845,Gasoline,Automatic,Sedan,foreign_used,5,Silver,,"2016 Buick Verano (foreign used), a well-priced sedan well suited to daily commuting and city driving — a good fit for urban professionals.",
Veracruz,Hyundai,2012,174000,198107,Gasoline,Automatic,SUV,local_used,7,Black,,"2012 Hyundai Veracruz (locally used), a budget-friendly suv well suited to family trips and weekend getaways — a good fit for family-oriented drivers.",
Verano,Buick,2015,159000,127314,Gasoline,Automatic,Sedan,local_used,5,Gray,,"2015 Buick Verano (locally used), a well-priced sedan well suited to daily commuting and city driving — a good fit for urban professionals.",
Beetle Convertible,Volkswagen,2014,380000,162063,Gasoline,Automatic,Convertible,foreign_used,4,Black,,"2014 Volkswagen Beetle Convertible (foreign used), a well-priced convertible well suited to weekend adventures and open-top cruising — a good fit for adventure seekers and luxury lovers.",
Baja,Subaru,2005,170000,280000,Gasoline,Automatic,Truck,foreign_used,2,White,All-Wheel Drive,"2005 Subaru Baja (foreign used), a well-priced truck well suited to hauling and rough roads — a good fit for adventure seekers. Comes with all-wheel drive.",
Baja,Subaru,2006,172000,192375,Gasoline,Manual,Truck,foreign_used,2,Red,All-Wheel Drive,"2006 Subaru Baja (foreign used), a well-priced truck well suited to hauling and rough roads — a good fit for adventure seekers. Comes with all-wheel drive.",
Baja,Subaru,2004,158000,280000,Gasoline,Manual,Truck,foreign_used,2,White,All-Wheel Drive,"2004 Subaru Baja (foreign used), a well-priced truck well suited to hauling and rough roads — a good fit for adventure seekers. Comes with all-wheel drive.",
Beetle Convertible,Volkswagen,2015,359500,132347,Gasoline,Automatic,Convertible,local_used,4,Silver,,"2015 Volkswagen Beetle Convertible (locally used), a budget-friendly convertible well suited to weekend adventures and open-top cruising — a good fit for adventure seekers and luxury lovers.",
Veracruz,Hyundai,2010,144500,223340,Gasoline,Automatic,SUV,local_used,7,White,All-Wheel Drive,"2010 Hyundai Veracruz (locally used), a budget-friendly suv well suited to family trips and weekend getaways — a good fit for family-oriented drivers. Comes with all-wheel drive.",
Veracruz,Hyundai,2011,191000,163804,Gasoline,Automatic,SUV,foreign_used,7,White,,"2011 Hyundai Veracruz (foreign used), a well-priced suv well suited to family trips and weekend getaways — a good fit for family-oriented drivers.",
Venza,Toyota,2015,310000,158105,Gasoline,Automatic,Wagon,foreign_used,5,White,All-Wheel Drive,"2015 Toyota Venza (foreign used), a premium wagon well suited to family trips with plenty of cargo room — a good fit for family-oriented drivers. Comes with all-wheel drive.",
Venza,Toyota,2014,316500,136023,Gasoline,Automatic,Wagon,local_used,5,White,All-Wheel Drive,"2014 Toyota Venza (locally used), a premium wagon well suited to family trips with plenty of cargo room — a good fit for family-oriented drivers. Comes with all-wheel drive.",
Venza,Toyota,2013,281500,117845,Gasoline,Automatic,Wagon,local_used,5,Blue,,"2013 Toyota Venza (locally used), a premium wagon well suited to family trips with plenty of cargo room — a good fit for family-oriented drivers.",
Beetle Convertible,Volkswagen,2016,374000,144323,Gasoline,Manual,Convertible,foreign_used,4,Black,,"2016 Volkswagen Beetle Convertible (foreign used), a well-priced convertible well suited to weekend adventures and open-top cruising — a good fit for adventure seekers and luxury lovers.",
Beetle,Volkswagen,2015,95500,105025,Gasoline,Automatic,Hatchback,foreign_used,5,Red,,"2015 Volkswagen Beetle (foreign used), a well-priced hatchback well suited to quick city runs and easy parking — a good fit for budget-conscious buyers.",
Beetle,Volkswagen,2017,115000,98243,Gasoline,Automatic,Hatchback,foreign_used,5,Silver,,"2017 Volkswagen Beetle (foreign used), a premium hatchback well suited to quick city runs and easy parking — a good fit for budget-conscious buyers.",
Beretta,Chevrolet,1994,82500,280000,Gasoline,Manual,Coupe,local_used,4,Black,,"1994 Chevrolet Beretta (locally used), a budget-friendly coupe well suited to weekend drives and spirited handling — a good fit for lifestyle-focused drivers.",
Beretta,Chevrolet,1995,89500,280000,Gasoline,Automatic,Coupe,foreign_used,4,Silver,,"1995 Chevrolet Beretta (foreign used), a budget-friendly coupe well suited to weekend drives and spirited handling — a good fit for lifestyle-focused drivers.",
Beretta,Chevrolet,1996,84500,280000,Gasoline,Automatic,Coupe,foreign_used,4,Silver,,"1996 Chevrolet Beretta (foreign used), a budget-friendly coupe well suited to weekend drives and spirited handling — a good fit for lifestyle-focused drivers.",
Beetle,Volkswagen,2016,88000,127910,Gasoline,Automatic,Hatchback,foreign_used,5,Gray,,"2016 Volkswagen Beetle (foreign used), a well-priced hatchback well suited to quick city runs and easy parking — a good fit for budget-conscious buyers.",
Bonneville,Pontiac,2003,89500,268885,Gasoline,Automatic,Sedan,foreign_used,5,Black,,"2003 Pontiac Bonneville (foreign used), a budget-friendly sedan well suited to daily commuting and city driving — a good fit for urban professionals.",
Bonneville,Pontiac,2004,87500,236704,Gasoline,Automatic,Sedan,foreign_used,5,Black,,"2004 Pontiac Bonneville (foreign used), a budget-friendly sedan well suited to daily commuting and city driving — a good fit for urban professionals.",
Bonneville,Pontiac,2005,96000,230412,Gasoline,Automatic,Sedan,local_used,5,Red,,"2005 Pontiac Bonneville (locally used), a budget-friendly sedan well suited to daily commuting and city driving — a good fit for urban professionals.",
Bolt EV,Chevrolet,2017,117000,117316,Electric,Automatic,Hatchback,foreign_used,5,Red,,"2017 Chevrolet Bolt EV (foreign used), a premium hatchback well suited to quick city runs and easy parking — a good fit for budget-conscious buyers. A electric powertrain keeps running costs low for eco-conscious drivers.",
Black Diamond Avalanche,Chevrolet,2013,284500,175685,Gasoline,Automatic,Truck,foreign_used,2,Red,All-Wheel Drive,"2013 Chevrolet Black Diamond Avalanche (foreign used), a premium truck well suited to hauling and rough roads — a good fit for adventure seekers. Comes with all-wheel drive.",
Blackwood,Lincoln,2002,281500,280000,Gasoline,Automatic,Truck,foreign_used,2,Black,Leather Seats,"2002 Lincoln Blackwood (foreign used), a premium truck well suited to hauling and rough roads — a good fit for adventure seekers. Comes with leather seats. A solid pick for luxury lovers who want a standout badge.",
Veloster,Hyundai,2016,93500,137377,Gasoline,Automatic,Hatchback,foreign_used,5,Blue,,"2016 Hyundai Veloster (foreign used), a well-priced hatchback well suited to quick city runs and easy parking — a good fit for budget-conscious buyers.",
Veloster,Hyundai,2015,90500,105020,Gasoline,Manual,Hatchback,foreign_used,5,Silver,,"2015 Hyundai Veloster (foreign used), a well-priced hatchback well suited to quick city runs and easy parking — a good fit for budget-conscious buyers.",
Veloster,Hyundai,2014,92000,143598,Gasoline,Manual,Hatchback,foreign_used,5,Silver,,"2014 Hyundai Veloster (foreign used), a well-priced hatchback well suited to quick city runs and easy parking — a good fit for budget-conscious buyers.",
Vanquish,Aston Martin,2016,472500,93454,Gasoline,Automatic,Coupe,foreign_used,4,White,,"2016 Aston Martin Vanquish (foreign used), a premium coupe well suited to weekend drives and spirited handling — a good fit for lifestyle-focused drivers. A solid pick for luxury lovers who want a standout badge.",
Boxster,Porsche,2016,797500,122972,Gasoline,Manual,Convertible,foreign_used,4,Silver,Leather Seats,"2016 Porsche Boxster (foreign used), a premium convertible well suited to weekend adventures and open-top cruising — a good fit for adventure seekers and luxury lovers. Comes with leather seats. A solid pick for luxury lovers who want a standout badge.",
Boxster,Porsche,2014,684500,139790,Gasoline,Manual,Convertible,foreign_used,4,White,Leather Seats,"2014 Porsche Boxster (foreign used), a premium convertible well suited to weekend adventures and open-top cruising — a good fit for adventure seekers and luxury lovers. Comes with leather seats. A solid pick for luxury lovers who want a standout badge.",
Boxster,Porsche,2015,652500,157588,Gasoline,Manual,Convertible,foreign_used,4,Black,Leather Seats,"2015 Porsche Boxster (foreign used), a well-priced convertible well suited to weekend adventures and open-top cruising — a good fit for adventure seekers and luxury lovers. Comes with leather seats.",
Vanquish,Aston Martin,2014,852000,133266,Gasoline,Automatic,Convertible,local_used,4,Blue,,"2014 Aston Martin Vanquish (locally used), a premium convertible well suited to weekend adventures and open-top cruising — a good fit for adventure seekers and luxury lovers. A solid pick for luxury lovers who want a standout badge.",
Vanquish,Aston Martin,2015,788000,106726,Gasoline,Automatic,Convertible,local_used,4,White,,"2015 Aston Martin Vanquish (locally used), a premium convertible well suited to weekend adventures and open-top cruising — a good fit for adventure seekers and luxury lovers. A solid pick for luxury lovers who want a standout badge.",
V8,Audi,1992,84000,280000,Gasoline,Automatic,Sedan,foreign_used,5,White,Leather Seats; All-Wheel Drive,"1992 Audi V8 (foreign used), a budget-friendly sedan well suited to daily commuting and city driving — a good fit for urban professionals. Comes with leather seats.",
V8,Audi,1993,91000,280000,Gasoline,Automatic,Sedan,foreign_used,5,White,Leather Seats; All-Wheel Drive,"1993 Audi V8 (foreign used), a budget-friendly sedan well suited to daily commuting and city driving — a good fit for urban professionals. Comes with leather seats.",
V8,Audi,1994,89000,280000,Gasoline,Automatic,Sedan,local_used,5,Red,Leather Seats; All-Wheel Drive,"1994 Audi V8 (locally used), a budget-friendly sedan well suited to daily commuting and city driving — a good fit for urban professionals. Comes with leather seats.",
V90,Volvo,1998,114500,268989,Gasoline,Automatic,Wagon,foreign_used,5,Silver,Leather Seats,"1998 Volvo V90 (foreign used), a budget-friendly wagon well suited to family trips with plenty of cargo room — a good fit for family-oriented drivers. Comes with leather seats.",
BRZ,Subaru,2016,277000,95046,Gasoline,Manual,Coupe,local_used,4,Black,,"2016 Subaru BRZ (locally used), a well-priced coupe well suited to weekend drives and spirited handling — a good fit for lifestyle-focused drivers.",
BRZ,Subaru,2017,269500,118852,Gasoline,Automatic,Coupe,local_used,4,Blue,,"2017 Subaru BRZ (locally used), a well-priced coupe well suited to weekend drives and spirited handling — a good fit for lifestyle-focused drivers.",
Brougham,Cadillac,1990,68000,280000,Gasoline,Automatic,Sedan,foreign_used,5,Blue,Leather Seats,"1990 Cadillac Brougham (foreign used), a budget-friendly sedan well suited to daily commuting and city driving — a good fit for urban professionals. Comes with leather seats.",
Brougham,Cadillac,1991,86000,280000,Gasoline,Automatic,Sedan,foreign_used,5,Black,Leather Seats,"1991 Cadillac Brougham (foreign used), a budget-friendly sedan well suited to daily commuting and city driving — a good fit for urban professionals. Comes with leather seats.",
Brougham,Cadillac,1992,77000,280000,Gasoline,Automatic,Sedan,local_used,5,Gray,Leather Seats,"1992 Cadillac Brougham (locally used), a budget-friendly sedan well suited to daily commuting and city driving — a good fit for urban professionals. Comes with leather seats.",
BRZ,Subaru,2015,244500,104369,Gasoline,Manual,Coupe,foreign_used,4,Gray,,"2015 Subaru BRZ (foreign used), a well-priced coupe well suited to weekend drives and spirited handling — a good fit for lifestyle-focused drivers.",
Brooklands,Bentley,2009,352000,161653,Gasoline,Automatic,Coupe,foreign_used,4,Gray,Leather Seats,"2009 Bentley Brooklands (foreign used), a premium coupe well suited to weekend drives and spirited handling — a good fit for lifestyle-focused drivers. Comes with leather seats. A solid pick for luxury lovers who want a standout badge.",
Brooklands,Bentley,2010,276500,238717,Gasoline,Automatic,Coupe,foreign_used,4,White,Leather Seats,"2010 Bentley Brooklands (foreign used), a well-priced coupe well suited to weekend drives and spirited handling — a good fit for lifestyle-focused drivers. Comes with leather seats.",
V8 Vantage,Aston Martin,2016,756500,112456,Gasoline,Manual,Convertible,foreign_used,4,Blue,,"2016 Aston Martin V8 Vantage (foreign used), a premium convertible well suited to weekend adventures and open-top cruising — a good fit for adventure seekers and luxury lovers. A solid pick for luxury lovers who want a standout badge.",
V8 Vantage,Aston Martin,2015,485000,123462,Gasoline,Automatic,Coupe,foreign_used,4,Silver,,"2015 Aston Martin V8 Vantage (foreign used), a premium coupe well suited to weekend drives and spirited handling — a good fit for lifestyle-focused drivers. A solid pick for luxury lovers who want a standout badge.",
V8 Vantage,Aston Martin,2014,647000,166522,Gasoline,Manual,Convertible,local_used,4,Black,,"2014 Aston Martin V8 Vantage (locally used), a well-priced convertible well suited to weekend adventures and open-top cruising — a good fit for adventure seekers and luxury lovers.",
C-Class,Mercedes-Benz,2016,255000,149160,Gasoline,Automatic,Sedan,foreign_used,5,White,Leather Seats; All-Wheel Drive,"2016 Mercedes-Benz C-Class (foreign used), a premium sedan well suited to daily commuting and city driving — a good fit for urban professionals. Comes with leather seats. A solid pick for luxury lovers who want a standout badge.",
C-Class,Mercedes-Benz,2015,280000,148723,Gasoline,Automatic,Sedan,foreign_used,5,White,Leather Seats,"2015 Mercedes-Benz C-Class (foreign used), a premium sedan well suited to daily commuting and city driving — a good fit for urban professionals. Comes with leather seats. A solid pick for luxury lovers who want a standout badge.",
C70,Volvo,2012,380500,157606,Gasoline,Automatic,Convertible,foreign_used,4,Gray,Leather Seats,"2012 Volvo C70 (foreign used), a well-priced convertible well suited to weekend adventures and open-top cruising — a good fit for adventure seekers and luxury lovers. Comes with leather seats.",
C70,Volvo,2013,387000,123513,Gasoline,Automatic,Convertible,foreign_used,4,White,Leather Seats,"2013 Volvo C70 (foreign used), a well-priced convertible well suited to weekend adventures and open-top cruising — a good fit for adventure seekers and luxury lovers. Comes with leather seats.",
C8,Spyker,2009,257000,232269,Gasoline,Manual,Coupe,foreign_used,4,Black,,"2009 Spyker C8 (foreign used), a well-priced coupe well suited to weekend drives and spirited handling — a good fit for lifestyle-focused drivers.",
Cabriolet,Audi,1996,240000,280000,Gasoline,Automatic,Convertible,local_used,4,Silver,Leather Seats,"1996 Audi Cabriolet (locally used), a budget-friendly convertible well suited to weekend adventures and open-top cruising — a good fit for adventure seekers and luxury lovers. Comes with leather seats.",
Cabriolet,Audi,1997,240500,280000,Gasoline,Automatic,Convertible,local_used,4,White,Leather Seats,"1997 Audi Cabriolet (locally used), a budget-friendly convertible well suited to weekend adventures and open-top cruising — a good fit for adventure seekers and luxury lovers. Comes with leather seats.",
Cabriolet,Audi,1998,252000,280000,Gasoline,Automatic,Convertible,foreign_used,4,Yellow,Leather Seats,"1998 Audi Cabriolet (foreign used), a budget-friendly convertible well suited to weekend adventures and open-top cruising — a good fit for adventure seekers and luxury lovers. Comes with leather seats.",
C30,Volvo,2013,93500,125673,Gasoline,Manual,Hatchback,foreign_used,5,White,Leather Seats,"2013 Volvo C30 (foreign used), a well-priced hatchback well suited to quick city runs and easy parking — a good fit for budget-conscious buyers. Comes with leather seats.",
C36 AMG,Mercedes-Benz,1995,94000,280000,Gasoline,Automatic,Sedan,foreign_used,5,Black,Leather Seats,"1995 Mercedes-Benz C36 AMG (foreign used), a budget-friendly sedan well suited to daily commuting and city driving — a good fit for urban professionals. Comes with leather seats.",
C36 AMG,Mercedes-Benz,1996,103500,272044,Gasoline,Automatic,Sedan,foreign_used,5,Black,Leather Seats,"1996 Mercedes-Benz C36 AMG (foreign used), a budget-friendly sedan well suited to daily commuting and city driving — a good fit for urban professionals. Comes with leather seats.",
C36 AMG,Mercedes-Benz,1997,102000,280000,Gasoline,Automatic,Sedan,foreign_used,5,White,Leather Seats,"1997 Mercedes-Benz C36 AMG (foreign used), a budget-friendly sedan well suited to daily commuting and city driving — a good fit for urban professionals. Comes with leather seats.",
C43 AMG,Mercedes-Benz,1998,121000,261459,Gasoline,Automatic,Sedan,foreign_used,5,White,Leather Seats,"1998 Mercedes-Benz C43 AMG (foreign used), a budget-friendly sedan well suited to daily commuting and city driving — a good fit for urban professionals. Comes with leather seats.",
C43 AMG,Mercedes-Benz,1999,124500,262249,Gasoline,Automatic,Sedan,local_used,5,Gray,Leather Seats,"1999 Mercedes-Benz C43 AMG (locally used), a well-priced sedan well suited to daily commuting and city driving — a good fit for urban professionals. Comes with leather seats.",
C43 AMG,Mercedes-Benz,2000,120500,252334,Gasoline,Automatic,Sedan,foreign_used,5,Yellow,Leather Seats,"2000 Mercedes-Benz C43 AMG (foreign used), a budget-friendly sedan well suited to daily commuting and city driving — a good fit for urban professionals. Comes with leather seats.",
C70,Volvo,2011,296500,193429,Gasoline,Automatic,Convertible,foreign_used,4,White,Leather Seats,"2011 Volvo C70 (foreign used), a budget-friendly convertible well suited to weekend adventures and open-top cruising — a good fit for adventure seekers and luxury lovers. Comes with leather seats.",
C-Max Hybrid,Ford,2016,289000,134763,Gasoline,Automatic,Wagon,local_used,5,Gray,,"2016 Ford C-Max Hybrid (locally used), a premium wagon well suited to family trips with plenty of cargo room — a good fit for family-oriented drivers.",
C-Max Hybrid,Ford,2017,306000,112502,Gasoline,Automatic,Wagon,foreign_used,5,Gray,,"2017 Ford C-Max Hybrid (foreign used), a premium wagon well suited to family trips with plenty of cargo room — a good fit for family-oriented drivers.",
C30,Volvo,2011,66500,221596,Gasoline,Manual,Hatchback,foreign_used,5,Blue,Leather Seats,"2011 Volvo C30 (foreign used), a well-priced hatchback well suited to quick city runs and easy parking — a good fit for budget-conscious buyers. Comes with leather seats.",
C30,Volvo,2012,83000,157489,Gasoline,Manual,Hatchback,foreign_used,5,Black,Leather Seats,"2012 Volvo C30 (foreign used), a well-priced hatchback well suited to quick city runs and easy parking — a good fit for budget-conscious buyers. Comes with leather seats.",
C-Max Hybrid,Ford,2015,327000,117857,Gasoline,Automatic,Wagon,foreign_used,5,Black,,"2015 Ford C-Max Hybrid (foreign used), a premium wagon well suited to family trips with plenty of cargo room — a good fit for family-oriented drivers.",
Cadenza,Kia,2016,183000,142116,Gasoline,Automatic,Sedan,local_used,5,Black,,"2016 Kia Cadenza (locally used), a well-priced sedan well suited to daily commuting and city driving — a good fit for urban professionals.",
Cadenza,Kia,2017,199500,93074,Gasoline,Automatic,Sedan,foreign_used,5,Gray,,"2017 Kia Cadenza (foreign used), a well-priced sedan well suited to daily commuting and city driving — a good fit for urban professionals.",
Cadenza,Kia,2015,158000,162573,Gasoline,Automatic,Sedan,local_used,5,Blue,,"2015 Kia Cadenza (locally used), a well-priced sedan well suited to daily commuting and city driving — a good fit for urban professionals.",
Camaro,Chevrolet,2015,401500,99802,Gasoline,Manual,Convertible,foreign_used,4,White,,"2015 Chevrolet Camaro (foreign used), a well-priced convertible well suited to weekend adventures and open-top cruising — a good fit for adventure seekers and luxury lovers.",
Camaro,Chevrolet,2016,393500,148193,Gasoline,Manual,Convertible,foreign_used,4,Black,,"2016 Chevrolet Camaro (foreign used), a well-priced convertible well suited to weekend adventures and open-top cruising — a good fit for adventure seekers and luxury lovers.",
California T,Ferrari,2015,842000,101849,Gasoline,Automatic,Convertible,local_used,4,Red,,"2015 Ferrari California T (locally used), a premium convertible well suited to weekend adventures and open-top cruising — a good fit for adventure seekers and luxury lovers. A solid pick for luxury lovers who want a standout badge.",
California,Ferrari,2012,542000,200856,Gasoline,Automatic,Convertible,foreign_used,4,Blue,,"2012 Ferrari California (foreign used), a well-priced convertible well suited to weekend adventures and open-top cruising — a good fit for adventure seekers and luxury lovers.",
California,Ferrari,2013,740000,158161,Gasoline,Automatic,Convertible,foreign_used,4,Orange,,"2013 Ferrari California (foreign used), a premium convertible well suited to weekend adventures and open-top cruising — a good fit for adventure seekers and luxury lovers. A solid pick for luxury lovers who want a standout badge.",
California,Ferrari,2014,609000,179493,Gasoline,Automatic,Convertible,foreign_used,4,Gray,,"2014 Ferrari California (foreign used), a well-priced convertible well suited to weekend adventures and open-top cruising — a good fit for adventure seekers and luxury lovers.",
V60,Volvo,2017,395500,84985,Gasoline,Automatic,Wagon,foreign_used,5,Black,Leather Seats; All-Wheel Drive,"2017 Volvo V60 (foreign used), a premium wagon well suited to family trips with plenty of cargo room — a good fit for family-oriented drivers. Comes with leather seats.",
V70,Volvo,2008,197500,221816,Gasoline,Automatic,Wagon,foreign_used,5,Silver,Leather Seats,"2008 Volvo V70 (foreign used), a well-priced wagon well suited to family trips with plenty of cargo room — a good fit for family-oriented drivers. Comes with leather seats.",
V70,Volvo,2009,207500,251869,Gasoline,Automatic,Wagon,foreign_used,5,Gray,Leather Seats,"2009 Volvo V70 (foreign used), a well-priced wagon well suited to family trips with plenty of cargo room — a good fit for family-oriented drivers. Comes with leather seats.",
V70,Volvo,2010,223500,194217,Gasoline,Automatic,Wagon,foreign_used,5,White,Leather Seats,"2010 Volvo V70 (foreign used), a well-priced wagon well suited to family trips with plenty of cargo room — a good fit for family-oriented drivers. Comes with leather seats.",
V60,Volvo,2016,362000,127764,Gasoline,Automatic,Wagon,foreign_used,5,Silver,Leather Seats; All-Wheel Drive,"2016 Volvo V60 (foreign used), a premium wagon well suited to family trips with plenty of cargo room — a good fit for family-oriented drivers. Comes with leather seats.",
V60,Volvo,2015,314500,144919,Gasoline,Automatic,Wagon,local_used,5,Gray,Leather Seats; All-Wheel Drive,"2015 Volvo V60 (locally used), a premium wagon well suited to family trips with plenty of cargo room — a good fit for family-oriented drivers. Comes with leather seats.",
V50,Volvo,2011,235000,175909,Gasoline,Automatic,Wagon,foreign_used,5,White,Leather Seats,"2011 Volvo V50 (foreign used), a well-priced wagon well suited to family trips with plenty of cargo room — a good fit for family-oriented drivers. Comes with leather seats.",
V60 Cross Country,Volvo,2015,292500,140419,Gasoline,Automatic,Wagon,local_used,5,Blue,Leather Seats; All-Wheel Drive,"2015 Volvo V60 Cross Country (locally used), a premium wagon well suited to family trips with plenty of cargo room — a good fit for family-oriented drivers. Comes with leather seats.",
V60 Cross Country,Volvo,2016,341000,125059,Gasoline,Automatic,Wagon,foreign_used,5,Silver,Leather Seats; All-Wheel Drive,"2016 Volvo V60 Cross Country (foreign used), a premium wagon well suited to family trips with plenty of cargo room — a good fit for family-oriented drivers. Comes with leather seats.",
V60 Cross Country,Volvo,2017,368000,129663,Gasoline,Automatic,Wagon,foreign_used,5,Red,Leather Seats; All-Wheel Drive,"2017 Volvo V60 Cross Country (foreign used), a premium wagon well suited to family trips with plenty of cargo room — a good fit for family-oriented drivers. Comes with leather seats.",
Camry Hybrid,Toyota,2017,199000,83454,Gasoline,Automatic,Sedan,local_used,5,White,,"2017 Toyota Camry Hybrid (locally used), a well-priced sedan well suited to daily commuting and city driving — a good fit for urban professionals.",
Camaro,Chevrolet,2017,558500,96172,Gasoline,Manual,Convertible,foreign_used,4,Black,,"2017 Chevrolet Camaro (foreign used), a well-priced convertible well suited to weekend adventures and open-top cruising — a good fit for adventure seekers and luxury lovers.",
Camry Hybrid,Toyota,2015,150500,161727,Gasoline,Automatic,Sedan,local_used,5,Silver,,"2015 Toyota Camry Hybrid (locally used), a well-priced sedan well suited to daily commuting and city driving — a good fit for urban professionals.",
Camry Hybrid,Toyota,2016,151500,143416,Gasoline,Automatic,Sedan,foreign_used,5,Black,,"2016 Toyota Camry Hybrid (foreign used), a well-priced sedan well suited to daily commuting and city driving — a good fit for urban professionals.",
Camry,Toyota,2015,152000,129073,Gasoline,Automatic,Sedan,foreign_used,5,Gray,,"2015 Toyota Camry (foreign used), a well-priced sedan well suited to daily commuting and city driving — a good fit for urban professionals.",
V40,Volvo,2003,148000,280000,Gasoline,Automatic,Wagon,foreign_used,5,Gray,Leather Seats,"2003 Volvo V40 (foreign used), a well-priced wagon well suited to family trips with plenty of cargo room — a good fit for family-oriented drivers. Comes with leather seats.",
V40,Volvo,2004,166500,234614,Gasoline,Automatic,Wagon,foreign_used,5,White,Leather Seats,"2004 Volvo V40 (foreign used), a well-priced wagon well suited to family trips with plenty of cargo room — a good fit for family-oriented drivers. Comes with leather seats.",
V50,Volvo,2009,245500,172188,Gasoline,Automatic,Wagon,local_used,5,Silver,Leather Seats,"2009 Volvo V50 (locally used), a well-priced wagon well suited to family trips with plenty of cargo room — a good fit for family-oriented drivers. Comes with leather seats.",
V50,Volvo,2010,223500,188515,Gasoline,Manual,Wagon,foreign_used,5,Silver,Leather Seats; All-Wheel Drive,"2010 Volvo V50 (foreign used), a well-priced wagon well suited to family trips with plenty of cargo room — a good fit for family-oriented drivers. Comes with leather seats.",
V12 Vantage S,Aston Martin,2016,478000,111201,Gasoline,Automatic,Coupe,local_used,4,Black,,"2016 Aston Martin V12 Vantage S (locally used), a premium coupe well suited to weekend drives and spirited handling — a good fit for lifestyle-focused drivers. A solid pick for luxury lovers who want a standout badge.",
V12 Vantage,Aston Martin,2011,330500,187529,Gasoline,Manual,Coupe,local_used,4,Red,,"2011 Aston Martin V12 Vantage (locally used), a well-priced coupe well suited to weekend drives and spirited handling — a good fit for lifestyle-focused drivers.",
V12 Vantage,Aston Martin,2012,402500,132530,Gasoline,Manual,Coupe,foreign_used,4,Blue,,"2012 Aston Martin V12 Vantage (foreign used), a premium coupe well suited to weekend drives and spirited handling — a good fit for lifestyle-focused drivers. A solid pick for luxury lovers who want a standout badge.",
V40,Volvo,2002,141500,280000,Gasoline,Automatic,Wagon,foreign_used,5,Gray,Leather Seats,"2002 Volvo V40 (foreign used), a budget-friendly wagon well suited to family trips with plenty of cargo room — a good fit for family-oriented drivers. Comes with leather seats.",
Uplander,Chevrolet,2008,174000,268511,Gasoline,Automatic,Wagon,local_used,5,Gray,,"2008 Chevrolet Uplander (locally used), a well-priced wagon well suited to family trips with plenty of cargo room — a good fit for family-oriented drivers.",
V12 Vanquish,Aston Martin,2004,237000,280000,Gasoline,Automatic,Coupe,local_used,4,Silver,,"2004 Aston Martin V12 Vanquish (locally used), a well-priced coupe well suited to weekend drives and spirited handling — a good fit for lifestyle-focused drivers.",
V12 Vanquish,Aston Martin,2005,236500,256548,Gasoline,Automatic,Coupe,foreign_used,4,Red,,"2005 Aston Martin V12 Vanquish (foreign used), a well-priced coupe well suited to weekend drives and spirited handling — a good fit for lifestyle-focused drivers.",
V12 Vanquish,Aston Martin,2006,255000,217143,Gasoline,Automatic,Coupe,foreign_used,4,Gray,,"2006 Aston Martin V12 Vanquish (foreign used), a well-priced coupe well suited to weekend drives and spirited handling — a good fit for lifestyle-focused drivers.",
V12 Vantage S,Aston Martin,2015,371000,152710,Gasoline,Automatic,Coupe,foreign_used,4,Gray,,"2015 Aston Martin V12 Vantage S (foreign used), a premium coupe well suited to weekend drives and spirited handling — a good fit for lifestyle-focused drivers. A solid pick for luxury lovers who want a standout badge.",
Uplander,Chevrolet,2007,182000,249059,Gasoline,Automatic,Wagon,foreign_used,5,Blue,,"2007 Chevrolet Uplander (foreign used), a well-priced wagon well suited to family trips with plenty of cargo room — a good fit for family-oriented drivers.",
Camry,Toyota,2017,189500,89781,Gasoline,Automatic,Sedan,foreign_used,5,Black,,"2017 Toyota Camry (foreign used), a well-priced sedan well suited to daily commuting and city driving — a good fit for urban professionals.",
Camry,Toyota,2016,179500,144656,Gasoline,Automatic,Sedan,local_used,5,Blue,,"2016 Toyota Camry (locally used), a well-priced sedan well suited to daily commuting and city driving — a good fit for urban professionals.",
Tundra,Toyota,2017,331500,125417,Gasoline,Automatic,Truck,foreign_used,2,White,All-Wheel Drive,"2017 Toyota Tundra (foreign used), a premium truck well suited to hauling and rough roads — a good fit for adventure seekers. Comes with all-wheel drive.",
Typhoon,GMC,1992,72500,280000,Gasoline,Automatic,SUV,foreign_used,7,Black,All-Wheel Drive,"1992 GMC Typhoon (foreign used), a budget-friendly suv well suited to family trips and weekend getaways — a good fit for family-oriented drivers. Comes with all-wheel drive.",
Typhoon,GMC,1993,76000,280000,Gasoline,Automatic,SUV,foreign_used,7,Black,All-Wheel Drive,"1993 GMC Typhoon (foreign used), a budget-friendly suv well suited to family trips and weekend getaways — a good fit for family-oriented drivers. Comes with all-wheel drive.",
Canyon,GMC,2016,279000,126805,Gasoline,Automatic,Truck,foreign_used,2,Yellow,,"2016 GMC Canyon (foreign used), a premium truck well suited to hauling and rough roads — a good fit for adventure seekers.",
Tundra,Toyota,2016,370500,115095,Gasoline,Automatic,Truck,foreign_used,2,Blue,,"2016 Toyota Tundra (foreign used), a premium truck well suited to hauling and rough roads — a good fit for adventure seekers.",
Caravan,Dodge,2007,145000,277331,Gasoline,Automatic,Wagon,foreign_used,5,Gray,,"2007 Dodge Caravan (foreign used), a well-priced wagon well suited to family trips with plenty of cargo room — a good fit for family-oriented drivers.",
Carrera GT,Porsche,2004,498000,280000,Gasoline,Manual,Convertible,foreign_used,4,Gray,Leather Seats,"2004 Porsche Carrera GT (foreign used), a well-priced convertible well suited to weekend adventures and open-top cruising — a good fit for adventure seekers and luxury lovers. Comes with leather seats.",
Carrera GT,Porsche,2005,561500,194698,Gasoline,Manual,Convertible,foreign_used,4,Silver,Leather Seats,"2005 Porsche Carrera GT (foreign used), a well-priced convertible well suited to weekend adventures and open-top cruising — a good fit for adventure seekers and luxury lovers. Comes with leather seats.",
Caravan,Dodge,2005,169000,192322,Gasoline,Automatic,Wagon,foreign_used,5,Red,,"2005 Dodge Caravan (foreign used), a well-priced wagon well suited to family trips with plenty of cargo room — a good fit for family-oriented drivers.",
Caravan,Dodge,2006,159500,225176,Gasoline,Automatic,Wagon,local_used,5,Silver,,"2006 Dodge Caravan (locally used), a well-priced wagon well suited to family trips with plenty of cargo room — a good fit for family-oriented drivers.",
Captiva Sport,Chevrolet,2014,194500,166360,Gasoline,Automatic,SUV,foreign_used,7,Black,,"2014 Chevrolet Captiva Sport (foreign used), a well-priced suv well suited to family trips and weekend getaways — a good fit for family-oriented drivers.",
Captiva Sport,Chevrolet,2015,191500,164160,Gasoline,Automatic,SUV,foreign_used,7,White,,"2015 Chevrolet Captiva Sport (foreign used), a well-priced suv well suited to family trips and weekend getaways — a good fit for family-oriented drivers.",
Captiva Sport,Chevrolet,2013,211500,128733,Gasoline,Automatic,SUV,foreign_used,7,Blue,,"2013 Chevrolet Captiva Sport (foreign used), a well-priced suv well suited to family trips and weekend getaways — a good fit for family-oriented drivers.",
Tundra,Toyota,2015,294500,138213,Gasoline,Automatic,Truck,local_used,2,Gray,All-Wheel Drive,"2015 Toyota Tundra (locally used), a premium truck well suited to hauling and rough roads — a good fit for adventure seekers. Comes with all-wheel drive.",
Tucson,Hyundai,2017,225000,101568,Gasoline,Automatic,SUV,foreign_used,7,Black,,"2017 Hyundai Tucson (foreign used), a well-priced suv well suited to family trips and weekend getaways — a good fit for family-oriented drivers.",
Cayenne,Porsche,2015,405000,163014,Gasoline,Automatic,SUV,foreign_used,7,White,Leather Seats; All-Wheel Drive,"2015 Porsche Cayenne (foreign used), a premium suv well suited to family trips and weekend getaways — a good fit for family-oriented drivers. Comes with leather seats. A solid pick for luxury lovers who want a standout badge.",
Cayenne,Porsche,2016,459500,140527,Gasoline,Automatic,SUV,local_used,7,Blue,Leather Seats; All-Wheel Drive,"2016 Porsche Cayenne (locally used), a premium suv well suited to family trips and weekend getaways — a good fit for family-oriented drivers. Comes with leather seats. A solid pick for luxury lovers who want a standout badge.",
Catera,Cadillac,1999,120000,280000,Gasoline,Automatic,Sedan,foreign_used,5,White,Leather Seats,"1999 Cadillac Catera (foreign used), a budget-friendly sedan well suited to daily commuting and city driving — a good fit for urban professionals. Comes with leather seats.",
Catera,Cadillac,2000,106500,280000,Gasoline,Automatic,Sedan,foreign_used,5,Gray,Leather Seats,"2000 Cadillac Catera (foreign used), a budget-friendly sedan well suited to daily commuting and city driving — a good fit for urban professionals. Comes with leather seats.",
Catera,Cadillac,2001,145000,280000,Gasoline,Automatic,Sedan,foreign_used,5,Yellow,Leather Seats,"2001 Cadillac Catera (foreign used), a well-priced sedan well suited to daily commuting and city driving — a good fit for urban professionals. Comes with leather seats.",
Tucson,Hyundai,2016,220500,106404,Gasoline,Automatic,SUV,foreign_used,7,Black,All-Wheel Drive,"2016 Hyundai Tucson (foreign used), a well-priced suv well suited to family trips and weekend getaways — a good fit for family-oriented drivers. Comes with all-wheel drive.",
Tucson,Hyundai,2015,224500,102721,Gasoline,Automatic,SUV,foreign_used,7,White,,"2015 Hyundai Tucson (foreign used), a well-priced suv well suited to family trips and weekend getaways — a good fit for family-oriented drivers.",
TT,Audi,2017,404000,127695,Gasoline,Automatic,Coupe,local_used,4,Gray,Leather Seats; All-Wheel Drive,"2017 Audi TT (locally used), a premium coupe well suited to weekend drives and spirited handling — a good fit for lifestyle-focused drivers. Comes with leather seats. A solid pick for luxury lovers who want a standout badge.",
TTS,Audi,2015,638000,152651,Gasoline,Automatic,Convertible,foreign_used,4,Blue,Leather Seats; All-Wheel Drive,"2015 Audi TTS (foreign used), a well-priced convertible well suited to weekend adventures and open-top cruising — a good fit for adventure seekers and luxury lovers. Comes with leather seats.",
TTS,Audi,2016,365000,149983,Gasoline,Automatic,Coupe,local_used,4,Silver,Leather Seats; All-Wheel Drive,"2016 Audi TTS (locally used), a premium coupe well suited to weekend drives and spirited handling — a good fit for lifestyle-focused drivers. Comes with leather seats. A solid pick for luxury lovers who want a standout badge.",
TTS,Audi,2017,421000,134818,Gasoline,Automatic,Coupe,foreign_used,4,Yellow,Leather Seats; All-Wheel Drive,"2017 Audi TTS (foreign used), a premium coupe well suited to weekend drives and spirited handling — a good fit for lifestyle-focused drivers. Comes with leather seats. A solid pick for luxury lovers who want a standout badge.",
TSX,Acura,2014,265000,147991,Gasoline,Automatic,Sedan,local_used,5,White,Leather Seats,"2014 Acura TSX (locally used), a premium sedan well suited to daily commuting and city driving — a good fit for urban professionals. Comes with leather seats. A solid pick for luxury lovers who want a standout badge.",
TT RS,Audi,2012,310500,190595,Gasoline,Manual,Coupe,foreign_used,4,Silver,Leather Seats; All-Wheel Drive,"2012 Audi TT RS (foreign used), a well-priced coupe well suited to weekend drives and spirited handling — a good fit for lifestyle-focused drivers. Comes with leather seats.",
TT RS,Audi,2013,321000,190692,Gasoline,Manual,Coupe,foreign_used,4,Gray,Leather Seats; All-Wheel Drive,"2013 Audi TT RS (foreign used), a well-priced coupe well suited to weekend drives and spirited handling — a good fit for lifestyle-focused drivers. Comes with leather seats.",
TT,Audi,2015,668500,155077,Gasoline,Automatic,Convertible,foreign_used,4,Blue,Leather Seats; All-Wheel Drive,"2015 Audi TT (foreign used), a well-priced convertible well suited to weekend adventures and open-top cruising — a good fit for adventure seekers and luxury lovers. Comes with leather seats.",
TT,Audi,2016,456500,104841,Gasoline,Automatic,Coupe,local_used,4,White,Leather Seats; All-Wheel Drive,"2016 Audi TT (locally used), a premium coupe well suited to weekend drives and spirited handling — a good fit for lifestyle-focused drivers. Comes with leather seats. A solid pick for luxury lovers who want a standout badge.",
CC,Volkswagen,2015,172500,128736,Gasoline,Automatic,Sedan,foreign_used,5,Blue,,"2015 Volkswagen CC (foreign used), a well-priced sedan well suited to daily commuting and city driving — a good fit for urban professionals.",
CC,Volkswagen,2016,182000,97750,Gasoline,Automatic,Sedan,foreign_used,5,Silver,,"2016 Volkswagen CC (foreign used), a well-priced sedan well suited to daily commuting and city driving — a good fit for urban professionals.",
Cayman,Porsche,2014,378000,176692,Gasoline,Manual,Coupe,foreign_used,4,Black,Leather Seats,"2014 Porsche Cayman (foreign used), a premium coupe well suited to weekend drives and spirited handling — a good fit for lifestyle-focused drivers. Comes with leather seats. A solid pick for luxury lovers who want a standout badge.",
Cayman,Porsche,2015,413000,139008,Gasoline,Manual,Coupe,foreign_used,4,White,Leather Seats,"2015 Porsche Cayman (foreign used), a premium coupe well suited to weekend drives and spirited handling — a good fit for lifestyle-focused drivers. Comes with leather seats. A solid pick for luxury lovers who want a standout badge.",
Cayman,Porsche,2016,436500,103719,Gasoline,Manual,Coupe,foreign_used,4,Blue,Leather Seats,"2016 Porsche Cayman (foreign used), a premium coupe well suited to weekend drives and spirited handling — a good fit for lifestyle-focused drivers. Comes with leather seats. A solid pick for luxury lovers who want a standout badge.",
Cayenne,Porsche,2017,479000,117272,Gasoline,Automatic,SUV,foreign_used,7,White,Leather Seats; All-Wheel Drive,"2017 Porsche Cayenne (foreign used), a premium suv well suited to family trips and weekend getaways — a good fit for family-oriented drivers. Comes with leather seats. A solid pick for luxury lovers who want a standout badge.",
Cayman S,Porsche,2006,256500,254175,Gasoline,Manual,Coupe,foreign_used,4,Black,Leather Seats,"2006 Porsche Cayman S (foreign used), a well-priced coupe well suited to weekend drives and spirited handling — a good fit for lifestyle-focused drivers. Comes with leather seats.",
Celica,Toyota,2004,46500,245277,Gasoline,Manual,Hatchback,foreign_used,5,Black,,"2004 Toyota Celica (foreign used), a budget-friendly hatchback well suited to quick city runs and easy parking — a good fit for budget-conscious buyers.",
Celica,Toyota,2005,57500,203308,Gasoline,Manual,Hatchback,foreign_used,5,Blue,,"2005 Toyota Celica (foreign used), a budget-friendly hatchback well suited to quick city runs and easy parking — a good fit for budget-conscious buyers.",
Celica,Toyota,2003,43000,280000,Gasoline,Automatic,Hatchback,foreign_used,5,Gray,,"2003 Toyota Celica (foreign used), a budget-friendly hatchback well suited to quick city runs and easy parking — a good fit for budget-conscious buyers.",
CC,Volkswagen,2017,207000,109097,Gasoline,Automatic,Sedan,local_used,5,Blue,,"2017 Volkswagen CC (locally used), a well-priced sedan well suited to daily commuting and city driving — a good fit for urban professionals.",
Challenger,Dodge,2017,255000,122705,Gasoline,Manual,Coupe,foreign_used,4,Black,,"2017 Dodge Challenger (foreign used), a well-priced coupe well suited to weekend drives and spirited handling — a good fit for lifestyle-focused drivers.",
Challenger,Dodge,2016,251500,121210,Gasoline,Automatic,Coupe,foreign_used,4,Silver,,"2016 Dodge Challenger (foreign used), a well-priced coupe well suited to weekend drives and spirited handling — a good fit for lifestyle-focused drivers.",
Challenger,Dodge,2015,238500,155244,Gasoline,Automatic,Coupe,foreign_used,4,Silver,,"2015 Dodge Challenger (foreign used), a well-priced coupe well suited to weekend drives and spirited handling — a good fit for lifestyle-focused drivers.",
Charger,Dodge,2017,187500,110803,Gasoline,Automatic,Sedan,local_used,5,Blue,,"2017 Dodge Charger (locally used), a well-priced sedan well suited to daily commuting and city driving — a good fit for urban professionals.",
Charger,Dodge,2016,175000,123656,Gasoline,Automatic,Sedan,local_used,5,Red,,"2016 Dodge Charger (locally used), a well-priced sedan well suited to daily commuting and city driving — a good fit for urban professionals.",
Charger,Dodge,2015,143000,156859,Gasoline,Automatic,Sedan,local_used,5,White,,"2015 Dodge Charger (locally used), a well-priced sedan well suited to daily commuting and city driving — a good fit for urban professionals.",
Civic CRX,Honda,1990,22500,280000,Gasoline,Manual,Hatchback,foreign_used,5,Gray,,"1990 Honda Civic CRX (foreign used), a budget-friendly hatchback well suited to quick city runs and easy parking — a good fit for budget-conscious buyers.",
Civic CRX,Honda,1991,24500,280000,Gasoline,Manual,Hatchback,foreign_used,5,White,,"1991 Honda Civic CRX (foreign used), a budget-friendly hatchback well suited to quick city runs and easy parking — a good fit for budget-conscious buyers.",
Civic del Sol,Honda,1995,92000,280000,Gasoline,Manual,Coupe,foreign_used,4,Silver,,"1995 Honda Civic del Sol (foreign used), a budget-friendly coupe well suited to weekend drives and spirited handling — a good fit for lifestyle-focused drivers.",
TSX,Acura,2013,205500,175901,Gasoline,Automatic,Sedan,foreign_used,5,Black,Leather Seats,"2013 Acura TSX (foreign used), a well-priced sedan well suited to daily commuting and city driving — a good fit for urban professionals. Comes with leather seats.",
TSX Sport Wagon,Acura,2014,419500,152662,Gasoline,Automatic,Wagon,foreign_used,5,Black,Leather Seats,"2014 Acura TSX Sport Wagon (foreign used), a premium wagon well suited to family trips with plenty of cargo room — a good fit for family-oriented drivers. Comes with leather seats. A solid pick for luxury lovers who want a standout badge.",
TSX,Acura,2012,204500,185143,Gasoline,Automatic,Sedan,local_used,5,Black,Leather Seats,"2012 Acura TSX (locally used), a well-priced sedan well suited to daily commuting and city driving — a good fit for urban professionals. Comes with leather seats.",
TSX Sport Wagon,Acura,2012,473500,143889,Gasoline,Automatic,Wagon,local_used,5,Silver,Leather Seats,"2012 Acura TSX Sport Wagon (locally used), a premium wagon well suited to family trips with plenty of cargo room — a good fit for family-oriented drivers. Comes with leather seats. A solid pick for luxury lovers who want a standout badge.",
TSX Sport Wagon,Acura,2013,517000,127637,Gasoline,Automatic,Wagon,local_used,5,Black,Leather Seats,"2013 Acura TSX Sport Wagon (locally used), a premium wagon well suited to family trips with plenty of cargo room — a good fit for family-oriented drivers. Comes with leather seats. A solid pick for luxury lovers who want a standout badge.",
Civic,Honda,2015,239500,99960,Gasoline,Manual,Coupe,foreign_used,4,Gray,,"2015 Honda Civic (foreign used), a well-priced coupe well suited to weekend drives and spirited handling — a good fit for lifestyle-focused drivers.",
Civic del Sol,Honda,1996,85000,280000,Gasoline,Manual,Coupe,foreign_used,4,Black,,"1996 Honda Civic del Sol (foreign used), a budget-friendly coupe well suited to weekend drives and spirited handling — a good fit for lifestyle-focused drivers.",
Civic del Sol,Honda,1997,105500,280000,Gasoline,Manual,Coupe,foreign_used,4,White,,"1997 Honda Civic del Sol (foreign used), a budget-friendly coupe well suited to weekend drives and spirited handling — a good fit for lifestyle-focused drivers.",
Tribute,Mazda,2011,160000,170302,Gasoline,Automatic,SUV,foreign_used,7,Blue,,"2011 Mazda Tribute (foreign used), a budget-friendly suv well suited to family trips and weekend getaways — a good fit for family-oriented drivers.",
Tribute,Mazda,2010,166000,185998,Gasoline,Automatic,SUV,local_used,7,Black,,"2010 Mazda Tribute (locally used), a budget-friendly suv well suited to family trips and weekend getaways — a good fit for family-oriented drivers.",
Tribute,Mazda,2009,145500,245224,Gasoline,Automatic,SUV,foreign_used,7,Black,,"2009 Mazda Tribute (foreign used), a budget-friendly suv well suited to family trips and weekend getaways — a good fit for family-oriented drivers.",
Tribute Hybrid,Mazda,2008,160000,199612,Gasoline,Automatic,SUV,foreign_used,7,Gray,All-Wheel Drive,"2008 Mazda Tribute Hybrid (foreign used), a budget-friendly suv well suited to family trips and weekend getaways — a good fit for family-oriented drivers. Comes with all-wheel drive.",
Tribute Hybrid,Mazda,2009,141500,205427,Gasoline,Automatic,SUV,foreign_used,7,Black,,"2009 Mazda Tribute Hybrid (foreign used), a budget-friendly suv well suited to family trips and weekend getaways — a good fit for family-oriented drivers.",
Civic,Honda,2017,179000,123317,Gasoline,Automatic,Sedan,foreign_used,5,White,,"2017 Honda Civic (foreign used), a well-priced sedan well suited to daily commuting and city driving — a good fit for urban professionals.",
Trax,Chevrolet,2017,246500,102413,Gasoline,Automatic,SUV,local_used,7,Black,,"2017 Chevrolet Trax (locally used), a well-priced suv well suited to family trips and weekend getaways — a good fit for family-oriented drivers.",
Tribeca,Subaru,2012,198000,178255,Gasoline,Automatic,SUV,foreign_used,7,Red,All-Wheel Drive,"2012 Subaru Tribeca (foreign used), a well-priced suv well suited to family trips and weekend getaways — a good fit for family-oriented drivers. Comes with all-wheel drive.",
Tribeca,Subaru,2013,181000,184264,Gasoline,Automatic,SUV,local_used,7,Gray,All-Wheel Drive,"2013 Subaru Tribeca (locally used), a budget-friendly suv well suited to family trips and weekend getaways — a good fit for family-oriented drivers. Comes with all-wheel drive.",
Tribeca,Subaru,2014,191000,176365,Gasoline,Automatic,SUV,foreign_used,7,Gray,All-Wheel Drive,"2014 Subaru Tribeca (foreign used), a well-priced suv well suited to family trips and weekend getaways — a good fit for family-oriented drivers. Comes with all-wheel drive.",
Trax,Chevrolet,2016,217000,98824,Gasoline,Automatic,SUV,foreign_used,7,Silver,,"2016 Chevrolet Trax (foreign used), a well-priced suv well suited to family trips and weekend getaways — a good fit for family-oriented drivers.",
Trax,Chevrolet,2015,190500,160155,Gasoline,Automatic,SUV,local_used,7,White,,"2015 Chevrolet Trax (locally used), a well-priced suv well suited to family trips and weekend getaways — a good fit for family-oriented drivers.",
Traverse,Chevrolet,2017,277000,107574,Gasoline,Automatic,SUV,foreign_used,7,Black,All-Wheel Drive,"2017 Chevrolet Traverse (foreign used), a well-priced suv well suited to family trips and weekend getaways — a good fit for family-oriented drivers. Comes with all-wheel drive.",
Traverse,Chevrolet,2016,260500,105495,Gasoline,Automatic,SUV,local_used,7,Gray,All-Wheel Drive,"2016 Chevrolet Traverse (locally used), a well-priced suv well suited to family trips and weekend getaways — a good fit for family-oriented drivers. Comes with all-wheel drive.",
Traverse,Chevrolet,2015,255000,129303,Gasoline,Automatic,SUV,foreign_used,7,White,,"2015 Chevrolet Traverse (foreign used), a well-priced suv well suited to family trips and weekend getaways — a good fit for family-oriented drivers.",
Transit Wagon,Ford,2017,331000,133922,Gasoline,Automatic,Wagon,foreign_used,5,Black,,"2017 Ford Transit Wagon (foreign used), a premium wagon well suited to family trips with plenty of cargo room — a good fit for family-oriented drivers.",
CLA-Class,Mercedes-Benz,2016,294000,119557,Gasoline,Automatic,Sedan,foreign_used,5,Black,Leather Seats,"2016 Mercedes-Benz CLA-Class (foreign used), a premium sedan well suited to daily commuting and city driving — a good fit for urban professionals. Comes with leather seats. A solid pick for luxury lovers who want a standout badge.",
CLA-Class,Mercedes-Benz,2017,336500,98753,Gasoline,Automatic,Sedan,local_used,5,Black,Leather Seats,"2017 Mercedes-Benz CLA-Class (locally used), a premium sedan well suited to daily commuting and city driving — a good fit for urban professionals. Comes with leather seats. A solid pick for luxury lovers who want a standout badge.",
CL,Acura,2001,181500,280000,Gasoline,Automatic,Coupe,foreign_used,4,Orange,Leather Seats,"2001 Acura CL (foreign used), a budget-friendly coupe well suited to weekend drives and spirited handling — a good fit for lifestyle-focused drivers. Comes with leather seats.",
CL-Class,Mercedes-Benz,2013,403500,135731,Gasoline,Automatic,Coupe,local_used,4,White,Leather Seats,"2013 Mercedes-Benz CL-Class (locally used), a premium coupe well suited to weekend drives and spirited handling — a good fit for lifestyle-focused drivers. Comes with leather seats. A solid pick for luxury lovers who want a standout badge.",
CL-Class,Mercedes-Benz,2014,429500,113462,Gasoline,Automatic,Coupe,foreign_used,4,Silver,Leather Seats,"2014 Mercedes-Benz CL-Class (foreign used), a premium coupe well suited to weekend drives and spirited handling — a good fit for lifestyle-focused drivers. Comes with leather seats. A solid pick for luxury lovers who want a standout badge.",
CLA-Class,Mercedes-Benz,2015,295000,107506,Gasoline,Automatic,Sedan,foreign_used,5,White,Leather Seats,"2015 Mercedes-Benz CLA-Class (foreign used), a premium sedan well suited to daily commuting and city driving — a good fit for urban professionals. Comes with leather seats. A solid pick for luxury lovers who want a standout badge.",
CL-Class,Mercedes-Benz,2012,430500,136756,Gasoline,Automatic,Coupe,foreign_used,4,Yellow,Leather Seats,"2012 Mercedes-Benz CL-Class (foreign used), a premium coupe well suited to weekend drives and spirited handling — a good fit for lifestyle-focused drivers. Comes with leather seats. A solid pick for luxury lovers who want a standout badge.",
CLS-Class,Mercedes-Benz,2015,355000,109026,Gasoline,Automatic,Sedan,foreign_used,5,White,Leather Seats,"2015 Mercedes-Benz CLS-Class (foreign used), a premium sedan well suited to daily commuting and city driving — a good fit for urban professionals. Comes with leather seats. A solid pick for luxury lovers who want a standout badge.",
CLS-Class,Mercedes-Benz,2016,327000,98330,Gasoline,Automatic,Sedan,foreign_used,5,Black,Leather Seats,"2016 Mercedes-Benz CLS-Class (foreign used), a premium sedan well suited to daily commuting and city driving — a good fit for urban professionals. Comes with leather seats. A solid pick for luxury lovers who want a standout badge.",
CLK-Class,Mercedes-Benz,2008,293000,231214,Gasoline,Automatic,Coupe,local_used,4,Gray,Leather Seats,"2008 Mercedes-Benz CLK-Class (locally used), a well-priced coupe well suited to weekend drives and spirited handling — a good fit for lifestyle-focused drivers. Comes with leather seats.",
CLK-Class,Mercedes-Benz,2009,490000,171552,Gasoline,Automatic,Convertible,foreign_used,4,Gray,Leather Seats,"2009 Mercedes-Benz CLK-Class (foreign used), a well-priced convertible well suited to weekend adventures and open-top cruising — a good fit for adventure seekers and luxury lovers. Comes with leather seats.",
CLK-Class,Mercedes-Benz,2007,449500,210406,Gasoline,Automatic,Convertible,foreign_used,4,Black,Leather Seats,"2007 Mercedes-Benz CLK-Class (foreign used), a well-priced convertible well suited to weekend adventures and open-top cruising — a good fit for adventure seekers and luxury lovers. Comes with leather seats.",
CL,Acura,2002,181500,280000,Gasoline,Automatic,Coupe,foreign_used,4,Black,Leather Seats,"2002 Acura CL (foreign used), a budget-friendly coupe well suited to weekend drives and spirited handling — a good fit for lifestyle-focused drivers. Comes with leather seats.",
CL,Acura,2003,226000,272407,Gasoline,Manual,Coupe,foreign_used,4,Black,Leather Seats,"2003 Acura CL (foreign used), a well-priced coupe well suited to weekend drives and spirited handling — a good fit for lifestyle-focused drivers. Comes with leather seats.",
Transit Wagon,Ford,2016,342500,130053,Gasoline,Automatic,Wagon,foreign_used,5,Black,,"2016 Ford Transit Wagon (foreign used), a premium wagon well suited to family trips with plenty of cargo room — a good fit for family-oriented drivers.",
Transit Wagon,Ford,2015,358500,110373,Gasoline,Automatic,Wagon,foreign_used,5,White,,"2015 Ford Transit Wagon (foreign used), a premium wagon well suited to family trips with plenty of cargo room — a good fit for family-oriented drivers.",
Colorado,Chevrolet,2012,281500,142152,Gasoline,Automatic,Truck,foreign_used,2,Silver,,"2012 Chevrolet Colorado (foreign used), a premium truck well suited to hauling and rough roads — a good fit for adventure seekers.",
Cobalt,Chevrolet,2009,117500,157169,Gasoline,Manual,Sedan,foreign_used,5,Black,,"2009 Chevrolet Cobalt (foreign used), a budget-friendly sedan well suited to daily commuting and city driving — a good fit for urban professionals.",
Cobalt,Chevrolet,2010,172500,160218,Gasoline,Manual,Coupe,foreign_used,4,Black,,"2010 Chevrolet Cobalt (foreign used), a budget-friendly coupe well suited to weekend drives and spirited handling — a good fit for lifestyle-focused drivers.",
CLS-Class,Mercedes-Benz,2017,381000,96044,Gasoline,Automatic,Sedan,foreign_used,5,Gray,Leather Seats,"2017 Mercedes-Benz CLS-Class (foreign used), a premium sedan well suited to daily commuting and city driving — a good fit for urban professionals. Comes with leather seats. A solid pick for luxury lovers who want a standout badge.",
Cobalt,Chevrolet,2008,161000,181117,Gasoline,Manual,Coupe,foreign_used,4,Yellow,,"2008 Chevrolet Cobalt (foreign used), a budget-friendly coupe well suited to weekend drives and spirited handling — a good fit for lifestyle-focused drivers.",
Colorado,Chevrolet,2016,312000,95322,Gasoline,Automatic,Truck,foreign_used,2,Silver,All-Wheel Drive,"2016 Chevrolet Colorado (foreign used), a premium truck well suited to hauling and rough roads — a good fit for adventure seekers. Comes with all-wheel drive.",
TrailBlazer,Chevrolet,2009,191000,165305,Gasoline,Automatic,SUV,foreign_used,7,White,,"2009 Chevrolet TrailBlazer (foreign used), a well-priced suv well suited to family trips and weekend getaways — a good fit for family-oriented drivers.",
TrailBlazer,Chevrolet,2008,157500,211764,Gasoline,Automatic,SUV,local_used,7,White,,"2008 Chevrolet TrailBlazer (locally used), a budget-friendly suv well suited to family trips and weekend getaways — a good fit for family-oriented drivers.",
TrailBlazer,Chevrolet,2007,143000,194522,Gasoline,Automatic,SUV,local_used,7,Red,All-Wheel Drive,"2007 Chevrolet TrailBlazer (locally used), a budget-friendly suv well suited to family trips and weekend getaways — a good fit for family-oriented drivers. Comes with all-wheel drive.",
Town Car,Lincoln,2010,212500,178970,Gasoline,Automatic,Sedan,local_used,5,Black,Leather Seats,"2010 Lincoln Town Car (locally used), a well-priced sedan well suited to daily commuting and city driving — a good fit for urban professionals. Comes with leather seats.",
Town Car,Lincoln,2011,206000,180308,Gasoline,Automatic,Sedan,foreign_used,5,White,Leather Seats,"2011 Lincoln Town Car (foreign used), a well-priced sedan well suited to daily commuting and city driving — a good fit for urban professionals. Comes with leather seats.",
Colt,Plymouth,1992,26500,280000,Gasoline,Manual,Hatchback,local_used,5,Silver,,"1992 Plymouth Colt (locally used), a budget-friendly hatchback well suited to quick city runs and easy parking — a good fit for budget-conscious buyers.",
Colt,Dodge,1992,29500,280000,Gasoline,Manual,Hatchback,local_used,5,Silver,,"1992 Dodge Colt (locally used), a budget-friendly hatchback well suited to quick city runs and easy parking — a good fit for budget-conscious buyers.",
Town and Country,Chrysler,2016,360000,137965,Gasoline,Automatic,Wagon,local_used,5,Gray,,"2016 Chrysler Town and Country (locally used), a premium wagon well suited to family trips with plenty of cargo room — a good fit for family-oriented drivers.",
Town Car,Lincoln,2009,196000,217046,Gasoline,Automatic,Sedan,foreign_used,5,Black,Leather Seats,"2009 Lincoln Town Car (foreign used), a well-priced sedan well suited to daily commuting and city driving — a good fit for urban professionals. Comes with leather seats.",
Town and Country,Chrysler,2015,308000,104396,Gasoline,Automatic,Wagon,foreign_used,5,White,,"2015 Chrysler Town and Country (foreign used), a premium wagon well suited to family trips with plenty of cargo room — a good fit for family-oriented drivers.",
Touareg,Volkswagen,2016,285500,142415,Diesel,Automatic,SUV,local_used,7,Yellow,All-Wheel Drive,"2016 Volkswagen Touareg (locally used), a well-priced suv well suited to family trips and weekend getaways — a good fit for family-oriented drivers. Comes with all-wheel drive.",
Touareg,Volkswagen,2017,278000,130727,Gasoline,Automatic,SUV,foreign_used,7,Black,All-Wheel Drive,"2017 Volkswagen Touareg (foreign used), a well-priced suv well suited to family trips and weekend getaways — a good fit for family-oriented drivers. Comes with all-wheel drive.",
Town and Country,Chrysler,2014,304000,112398,Gasoline,Automatic,Wagon,foreign_used,5,Gray,,"2014 Chrysler Town and Country (foreign used), a premium wagon well suited to family trips with plenty of cargo room — a good fit for family-oriented drivers.",
Touareg,Volkswagen,2015,317000,117274,Gasoline,Automatic,SUV,foreign_used,7,Gray,All-Wheel Drive,"2015 Volkswagen Touareg (foreign used), a well-priced suv well suited to family trips and weekend getaways — a good fit for family-oriented drivers. Comes with all-wheel drive.",
Continental Flying Spur Speed,Bentley,2012,252000,193721,Gasoline,Automatic,Sedan,foreign_used,5,Silver,Leather Seats; All-Wheel Drive,"2012 Bentley Continental Flying Spur Speed (foreign used), a premium sedan well suited to daily commuting and city driving — a good fit for urban professionals. Comes with leather seats. A solid pick for luxury lovers who want a standout badge.",
Continental Flying Spur Speed,Bentley,2013,274000,175364,Gasoline,Automatic,Sedan,foreign_used,5,Black,Leather Seats; All-Wheel Drive,"2013 Bentley Continental Flying Spur Speed (foreign used), a premium sedan well suited to daily commuting and city driving — a good fit for urban professionals. Comes with leather seats. A solid pick for luxury lovers who want a standout badge.",
Continental Flying Spur,Bentley,2011,280500,151607,Gasoline,Automatic,Sedan,foreign_used,5,Black,Leather Seats; All-Wheel Drive,"2011 Bentley Continental Flying Spur (foreign used), a premium sedan well suited to daily commuting and city driving — a good fit for urban professionals. Comes with leather seats. A solid pick for luxury lovers who want a standout badge.",
Continental Flying Spur,Bentley,2012,266000,143585,Gasoline,Automatic,Sedan,foreign_used,5,Silver,Leather Seats; All-Wheel Drive,"2012 Bentley Continental Flying Spur (foreign used), a premium sedan well suited to daily commuting and city driving — a good fit for urban professionals. Comes with leather seats. A solid pick for luxury lovers who want a standout badge.",
Continental Flying Spur,Bentley,2013,271000,145897,Gasoline,Automatic,Sedan,foreign_used,5,Blue,Leather Seats; All-Wheel Drive,"2013 Bentley Continental Flying Spur (foreign used), a premium sedan well suited to daily commuting and city driving — a good fit for urban professionals. Comes with leather seats. A solid pick for luxury lovers who want a standout badge.",
Continental GT Speed Convertible,Bentley,2014,779500,142886,Gasoline,Automatic,Convertible,foreign_used,4,Red,Leather Seats; All-Wheel Drive,"2014 Bentley Continental GT Speed Convertible (foreign used), a premium convertible well suited to weekend adventures and open-top cruising — a good fit for adventure seekers and luxury lovers. Comes with leather seats. A solid pick for luxury lovers who want a standout badge.",
Continental GT Speed,Bentley,2010,293500,203352,Gasoline,Automatic,Coupe,foreign_used,4,White,Leather Seats; All-Wheel Drive,"2010 Bentley Continental GT Speed (foreign used), a well-priced coupe well suited to weekend drives and spirited handling — a good fit for lifestyle-focused drivers. Comes with leather seats.",
Continental GT Speed,Bentley,2014,429500,134562,Gasoline,Automatic,Coupe,foreign_used,4,White,Leather Seats; All-Wheel Drive,"2014 Bentley Continental GT Speed (foreign used), a premium coupe well suited to weekend drives and spirited handling — a good fit for lifestyle-focused drivers. Comes with leather seats. A solid pick for luxury lovers who want a standout badge.",
Concorde,Chrysler,2002,90000,280000,Gasoline,Automatic,Sedan,foreign_used,5,Red,All-Wheel Drive,"2002 Chrysler Concorde (foreign used), a budget-friendly sedan well suited to daily commuting and city driving — a good fit for urban professionals. Comes with all-wheel drive.",
Concorde,Chrysler,2003,93500,280000,Gasoline,Automatic,Sedan,local_used,5,Gray,,"2003 Chrysler Concorde (locally used), a budget-friendly sedan well suited to daily commuting and city driving — a good fit for urban professionals.",
Concorde,Chrysler,2004,97000,202842,Gasoline,Automatic,Sedan,foreign_used,5,Red,,"2004 Chrysler Concorde (foreign used), a budget-friendly sedan well suited to daily commuting and city driving — a good fit for urban professionals.",
Continental Flying Spur Speed,Bentley,2011,281000,157719,Gasoline,Automatic,Sedan,foreign_used,5,White,Leather Seats; All-Wheel Drive,"2011 Bentley Continental Flying Spur Speed (foreign used), a premium sedan well suited to daily commuting and city driving — a good fit for urban professionals. Comes with leather seats. A solid pick for luxury lovers who want a standout badge.",
Touareg 2,Volkswagen,2009,170000,225762,Gasoline,Automatic,SUV,foreign_used,7,Silver,All-Wheel Drive,"2009 Volkswagen Touareg 2 (foreign used), a budget-friendly suv well suited to family trips and weekend getaways — a good fit for family-oriented drivers. Comes with all-wheel drive.",
Torrent,Pontiac,2009,141000,244311,Gasoline,Automatic,SUV,local_used,7,Gray,,"2009 Pontiac Torrent (locally used), a budget-friendly suv well suited to family trips and weekend getaways — a good fit for family-oriented drivers.",
Touareg 2,Volkswagen,2008,156500,217261,Gasoline,Automatic,SUV,foreign_used,7,Gray,All-Wheel Drive,"2008 Volkswagen Touareg 2 (foreign used), a budget-friendly suv well suited to family trips and weekend getaways — a good fit for family-oriented drivers. Comes with all-wheel drive.",
Torrent,Pontiac,2007,122500,231661,Gasoline,Automatic,SUV,foreign_used,7,Black,All-Wheel Drive,"2007 Pontiac Torrent (foreign used), a budget-friendly suv well suited to family trips and weekend getaways — a good fit for family-oriented drivers. Comes with all-wheel drive.",
Torrent,Pontiac,2008,161000,173575,Gasoline,Automatic,SUV,foreign_used,7,White,All-Wheel Drive,"2008 Pontiac Torrent (foreign used), a budget-friendly suv well suited to family trips and weekend getaways — a good fit for family-oriented drivers. Comes with all-wheel drive.",
TLX,Acura,2017,280500,105160,Gasoline,Automatic,Sedan,foreign_used,5,Silver,Leather Seats,"2017 Acura TLX (foreign used), a premium sedan well suited to daily commuting and city driving — a good fit for urban professionals. Comes with leather seats. A solid pick for luxury lovers who want a standout badge.",
Continental GTC,Bentley,2013,652000,158544,Gasoline,Automatic,Convertible,local_used,4,Black,Leather Seats; All-Wheel Drive,"2013 Bentley Continental GTC (locally used), a well-priced convertible well suited to weekend adventures and open-top cruising — a good fit for adventure seekers and luxury lovers. Comes with leather seats.",
Continental GTC,Bentley,2014,731500,125458,Gasoline,Automatic,Convertible,local_used,4,Black,Leather Seats; All-Wheel Drive,"2014 Bentley Continental GTC (locally used), a premium convertible well suited to weekend adventures and open-top cruising — a good fit for adventure seekers and luxury lovers. Comes with leather seats. A solid pick for luxury lovers who want a standout badge.",
Continental Supersports Convertible,Bentley,2011,664000,159232,Gasoline,Automatic,Convertible,foreign_used,4,Red,Leather Seats; All-Wheel Drive,"2011 Bentley Continental Supersports Convertible (foreign used), a well-priced convertible well suited to weekend adventures and open-top cruising — a good fit for adventure seekers and luxury lovers. Comes with leather seats.",
Continental Supersports Convertible,Bentley,2012,746000,157692,Gasoline,Automatic,Convertible,foreign_used,4,Black,Leather Seats; All-Wheel Drive,"2012 Bentley Continental Supersports Convertible (foreign used), a premium convertible well suited to weekend adventures and open-top cruising — a good fit for adventure seekers and luxury lovers. Comes with leather seats. A solid pick for luxury lovers who want a standout badge.",
Continental Supersports,Bentley,2010,359500,145927,Gasoline,Automatic,Coupe,foreign_used,4,Blue,Leather Seats; All-Wheel Drive,"2010 Bentley Continental Supersports (foreign used), a premium coupe well suited to weekend drives and spirited handling — a good fit for lifestyle-focused drivers. Comes with leather seats. A solid pick for luxury lovers who want a standout badge.",
Continental Supersports,Bentley,2011,393500,163987,Gasoline,Automatic,Coupe,foreign_used,4,White,Leather Seats; All-Wheel Drive,"2011 Bentley Continental Supersports (foreign used), a premium coupe well suited to weekend drives and spirited handling — a good fit for lifestyle-focused drivers. Comes with leather seats. A solid pick for luxury lovers who want a standout badge.",
Continental GT,Bentley,2016,914500,102687,Gasoline,Automatic,Convertible,foreign_used,4,Gray,Leather Seats; All-Wheel Drive,"2016 Bentley Continental GT (foreign used), a premium convertible well suited to weekend adventures and open-top cruising — a good fit for adventure seekers and luxury lovers. Comes with leather seats. A solid pick for luxury lovers who want a standout badge.",
Continental GTC Speed,Bentley,2010,562000,175440,Gasoline,Automatic,Convertible,foreign_used,4,Yellow,Leather Seats; All-Wheel Drive,"2010 Bentley Continental GTC Speed (foreign used), a well-priced convertible well suited to weekend adventures and open-top cruising — a good fit for adventure seekers and luxury lovers. Comes with leather seats.",
Continental GTC Speed,Bentley,2011,751500,145779,Gasoline,Automatic,Convertible,foreign_used,4,White,Leather Seats; All-Wheel Drive,"2011 Bentley Continental GTC Speed (foreign used), a premium convertible well suited to weekend adventures and open-top cruising — a good fit for adventure seekers and luxury lovers. Comes with leather seats. A solid pick for luxury lovers who want a standout badge.",
Continental GTC,Bentley,2012,591000,200804,Gasoline,Automatic,Convertible,foreign_used,4,White,Leather Seats; All-Wheel Drive,"2012 Bentley Continental GTC (foreign used), a well-priced convertible well suited to weekend adventures and open-top cruising — a good fit for adventure seekers and luxury lovers. Comes with leather seats.",
Continental GT,Bentley,2015,751500,138177,Gasoline,Automatic,Convertible,local_used,4,Black,Leather Seats; All-Wheel Drive,"2015 Bentley Continental GT (locally used), a premium convertible well suited to weekend adventures and open-top cruising — a good fit for adventure seekers and luxury lovers. Comes with leather seats. A solid pick for luxury lovers who want a standout badge.",
Continental GT3-R,Bentley,2015,472500,143821,Gasoline,Automatic,Coupe,foreign_used,4,White,Leather Seats; All-Wheel Drive,"2015 Bentley Continental GT3-R (foreign used), a premium coupe well suited to weekend drives and spirited handling — a good fit for lifestyle-focused drivers. Comes with leather seats. A solid pick for luxury lovers who want a standout badge.",
Continental GT,Bentley,2014,367000,164820,Gasoline,Automatic,Coupe,local_used,4,Gray,Leather Seats; All-Wheel Drive,"2014 Bentley Continental GT (locally used), a premium coupe well suited to weekend drives and spirited handling — a good fit for lifestyle-focused drivers. Comes with leather seats. A solid pick for luxury lovers who want a standout badge.",
Corniche,Rolls-Royce,2001,432000,280000,Gasoline,Automatic,Convertible,local_used,4,Red,Leather Seats,"2001 Rolls-Royce Corniche (locally used), a well-priced convertible well suited to weekend adventures and open-top cruising — a good fit for adventure seekers and luxury lovers. Comes with leather seats.",
Continental,Lincoln,2017,326500,85694,Gasoline,Automatic,Sedan,foreign_used,5,Black,Leather Seats,"2017 Lincoln Continental (foreign used), a premium sedan well suited to daily commuting and city driving — a good fit for urban professionals. Comes with leather seats. A solid pick for luxury lovers who want a standout badge.",
Contour SVT,Ford,1998,73500,280000,Gasoline,Manual,Sedan,local_used,5,Black,,"1998 Ford Contour SVT (locally used), a budget-friendly sedan well suited to daily commuting and city driving — a good fit for urban professionals.",
Contour SVT,Ford,1999,70500,280000,Gasoline,Manual,Sedan,foreign_used,5,Black,,"1999 Ford Contour SVT (foreign used), a budget-friendly sedan well suited to daily commuting and city driving — a good fit for urban professionals.",
Contour SVT,Ford,2000,76000,280000,Gasoline,Manual,Sedan,foreign_used,5,Gray,,"2000 Ford Contour SVT (foreign used), a budget-friendly sedan well suited to daily commuting and city driving — a good fit for urban professionals.",
Continental,Lincoln,2002,141000,278159,Gasoline,Automatic,Sedan,foreign_used,5,White,Leather Seats,"2002 Lincoln Continental (foreign used), a well-priced sedan well suited to daily commuting and city driving — a good fit for urban professionals. Comes with leather seats.",
Continental Supersports,Bentley,2012,436500,136717,Gasoline,Automatic,Coupe,local_used,4,Silver,Leather Seats; All-Wheel Drive,"2012 Bentley Continental Supersports (locally used), a premium coupe well suited to weekend drives and spirited handling — a good fit for lifestyle-focused drivers. Comes with leather seats. A solid pick for luxury lovers who want a standout badge.",
Continental,Bentley,2001,248000,267566,Gasoline,Automatic,Coupe,foreign_used,4,Silver,Leather Seats,"2001 Bentley Continental (foreign used), a well-priced coupe well suited to weekend drives and spirited handling — a good fit for lifestyle-focused drivers. Comes with leather seats.",
Continental,Bentley,2003,251000,257105,Gasoline,Automatic,Coupe,foreign_used,4,Silver,Leather Seats,"2003 Bentley Continental (foreign used), a well-priced coupe well suited to weekend drives and spirited handling — a good fit for lifestyle-focused drivers. Comes with leather seats.",
Continental,Lincoln,2001,148000,280000,Gasoline,Automatic,Sedan,local_used,5,Black,Leather Seats,"2001 Lincoln Continental (locally used), a well-priced sedan well suited to daily commuting and city driving — a good fit for urban professionals. Comes with leather seats.",
Corolla iM,Toyota,2017,95500,111822,Gasoline,Manual,Hatchback,foreign_used,5,Gray,,"2017 Toyota Corolla iM (foreign used), a well-priced hatchback well suited to quick city runs and easy parking — a good fit for budget-conscious buyers.",
TLX,Acura,2016,336500,111366,Gasoline,Automatic,Sedan,foreign_used,5,White,Leather Seats,"2016 Acura TLX (foreign used), a premium sedan well suited to daily commuting and city driving — a good fit for urban professionals. Comes with leather seats. A solid pick for luxury lovers who want a standout badge.",
TLX,Acura,2015,249500,164110,Gasoline,Automatic,Sedan,local_used,5,White,Leather Seats,"2015 Acura TLX (locally used), a premium sedan well suited to daily commuting and city driving — a good fit for urban professionals. Comes with leather seats. A solid pick for luxury lovers who want a standout badge.",
TL,Acura,2014,273000,151616,Gasoline,Automatic,Sedan,local_used,5,Blue,Leather Seats,"2014 Acura TL (locally used), a premium sedan well suited to daily commuting and city driving — a good fit for urban professionals. Comes with leather seats. A solid pick for luxury lovers who want a standout badge.",
TL,Acura,2013,290500,135504,Gasoline,Automatic,Sedan,local_used,5,Gray,Leather Seats; All-Wheel Drive,"2013 Acura TL (locally used), a premium sedan well suited to daily commuting and city driving — a good fit for urban professionals. Comes with leather seats. A solid pick for luxury lovers who want a standout badge.",
Corvette,Chevrolet,2015,272000,105718,Gasoline,Manual,Coupe,local_used,4,White,,"2015 Chevrolet Corvette (locally used), a well-priced coupe well suited to weekend drives and spirited handling — a good fit for lifestyle-focused drivers.",
Corvette Stingray,Chevrolet,2014,245000,119006,Gasoline,Manual,Coupe,foreign_used,4,Black,,"2014 Chevrolet Corvette Stingray (foreign used), a well-priced coupe well suited to weekend drives and spirited handling — a good fit for lifestyle-focused drivers.",
Corrado,Volkswagen,1992,26500,280000,Gasoline,Manual,Hatchback,local_used,5,White,,"1992 Volkswagen Corrado (locally used), a budget-friendly hatchback well suited to quick city runs and easy parking — a good fit for budget-conscious buyers.",
Corrado,Volkswagen,1993,30000,280000,Gasoline,Manual,Hatchback,foreign_used,5,Black,,"1993 Volkswagen Corrado (foreign used), a budget-friendly hatchback well suited to quick city runs and easy parking — a good fit for budget-conscious buyers.",
Corrado,Volkswagen,1994,28000,280000,Gasoline,Manual,Hatchback,foreign_used,5,Black,,"1994 Volkswagen Corrado (foreign used), a budget-friendly hatchback well suited to quick city runs and easy parking — a good fit for budget-conscious buyers.",
Corvette,Chevrolet,2017,296500,96395,Gasoline,Manual,Coupe,foreign_used,4,White,,"2017 Chevrolet Corvette (foreign used), a well-priced coupe well suited to weekend drives and spirited handling — a good fit for lifestyle-focused drivers.",
Corvette,Chevrolet,2016,542000,100402,Gasoline,Manual,Convertible,foreign_used,4,Black,,"2016 Chevrolet Corvette (foreign used), a well-priced convertible well suited to weekend adventures and open-top cruising — a good fit for adventure seekers and luxury lovers.",
CR-V,Honda,2014,186500,172567,Gasoline,Automatic,SUV,local_used,7,Gray,All-Wheel Drive,"2014 Honda CR-V (locally used), a well-priced suv well suited to family trips and weekend getaways — a good fit for family-oriented drivers. Comes with all-wheel drive.",
CR-V,Honda,2015,259500,104295,Gasoline,Automatic,SUV,local_used,7,Silver,All-Wheel Drive,"2015 Honda CR-V (locally used), a well-priced suv well suited to family trips and weekend getaways — a good fit for family-oriented drivers. Comes with all-wheel drive.",
Coupe,Maserati,2006,236000,242941,Gasoline,Automatic,Coupe,foreign_used,4,Gray,Leather Seats,"2006 Maserati Coupe (foreign used), a well-priced coupe well suited to weekend drives and spirited handling — a good fit for lifestyle-focused drivers. Comes with leather seats.",
Coupe,Volvo,1991,67000,280000,Gasoline,Automatic,Coupe,foreign_used,4,White,Leather Seats,"1991 Volvo Coupe (foreign used), a budget-friendly coupe well suited to weekend drives and spirited handling — a good fit for lifestyle-focused drivers. Comes with leather seats.",
Coupe,Audi,1990,42000,280000,Gasoline,Manual,Hatchback,foreign_used,5,Red,Leather Seats; All-Wheel Drive,"1990 Audi Coupe (foreign used), a budget-friendly hatchback well suited to quick city runs and easy parking — a good fit for budget-conscious buyers. Comes with leather seats.",
Coupe,Audi,1991,38500,280000,Gasoline,Manual,Hatchback,local_used,5,Blue,Leather Seats; All-Wheel Drive,"1991 Audi Coupe (locally used), a budget-friendly hatchback well suited to quick city runs and easy parking — a good fit for budget-conscious buyers. Comes with leather seats.",
Coupe,Maserati,2004,224000,250517,Gasoline,Manual,Coupe,local_used,4,Blue,Leather Seats,"2004 Maserati Coupe (locally used), a well-priced coupe well suited to weekend drives and spirited handling — a good fit for lifestyle-focused drivers. Comes with leather seats.",
Coupe,Maserati,2005,259000,280000,Gasoline,Automatic,Coupe,foreign_used,4,Blue,Leather Seats,"2005 Maserati Coupe (foreign used), a well-priced coupe well suited to weekend drives and spirited handling — a good fit for lifestyle-focused drivers. Comes with leather seats.",
CR-Z,Honda,2014,78500,170317,Gasoline,Automatic,Hatchback,foreign_used,5,Red,,"2014 Honda CR-Z (foreign used), a well-priced hatchback well suited to quick city runs and easy parking — a good fit for budget-conscious buyers.",
CR-Z,Honda,2015,93500,152927,Gasoline,Manual,Hatchback,foreign_used,5,Silver,,"2015 Honda CR-Z (foreign used), a well-priced hatchback well suited to quick city runs and easy parking — a good fit for budget-conscious buyers.",
CR-Z,Honda,2016,111000,105474,Gasoline,Manual,Hatchback,foreign_used,5,White,,"2016 Honda CR-Z (foreign used), a premium hatchback well suited to quick city runs and easy parking — a good fit for budget-conscious buyers.",
CR-V,Honda,2016,251000,100253,Gasoline,Automatic,SUV,local_used,7,Silver,All-Wheel Drive,"2016 Honda CR-V (locally used), a well-priced suv well suited to family trips and weekend getaways — a good fit for family-oriented drivers. Comes with all-wheel drive.",
Crosstour,Honda,2013,77000,169154,Gasoline,Automatic,Hatchback,foreign_used,5,Gray,,"2013 Honda Crosstour (foreign used), a well-priced hatchback well suited to quick city runs and easy parking — a good fit for budget-conscious buyers.",
Crosstour,Honda,2014,88500,174915,Gasoline,Automatic,Hatchback,foreign_used,5,Gray,,"2014 Honda Crosstour (foreign used), a well-priced hatchback well suited to quick city runs and easy parking — a good fit for budget-conscious buyers.",
Crossfire,Chrysler,2007,58500,234471,Gasoline,Manual,Hatchback,foreign_used,5,Silver,,"2007 Chrysler Crossfire (foreign used), a well-priced hatchback well suited to quick city runs and easy parking — a good fit for budget-conscious buyers.",
Crossfire,Chrysler,2008,234000,223734,Gasoline,Manual,Convertible,foreign_used,4,White,,"2008 Chrysler Crossfire (foreign used), a budget-friendly convertible well suited to weekend adventures and open-top cruising — a good fit for adventure seekers and luxury lovers.",
Crossfire,Chrysler,2006,150000,213597,Gasoline,Manual,Coupe,local_used,4,Black,,"2006 Chrysler Crossfire (locally used), a budget-friendly coupe well suited to weekend drives and spirited handling — a good fit for lifestyle-focused drivers.",
Crown Victoria,Ford,2011,107000,204254,Gasoline,Automatic,Sedan,foreign_used,5,Red,,"2011 Ford Crown Victoria (foreign used), a budget-friendly sedan well suited to daily commuting and city driving — a good fit for urban professionals.",
Crosstrek,Subaru,2016,248000,101223,Gasoline,Manual,SUV,foreign_used,7,Silver,All-Wheel Drive,"2016 Subaru Crosstrek (foreign used), a well-priced suv well suited to family trips and weekend getaways — a good fit for family-oriented drivers. Comes with all-wheel drive.",
Crosstrek,Subaru,2017,222500,98479,Gasoline,Manual,SUV,foreign_used,7,Silver,All-Wheel Drive,"2017 Subaru Crosstrek (foreign used), a well-priced suv well suited to family trips and weekend getaways — a good fit for family-oriented drivers. Comes with all-wheel drive.",
Crown Victoria,Ford,2009,106500,196395,Gasoline,Automatic,Sedan,foreign_used,5,Black,,"2009 Ford Crown Victoria (foreign used), a budget-friendly sedan well suited to daily commuting and city driving — a good fit for urban professionals.",
Crown Victoria,Ford,2010,112500,192731,Gasoline,Automatic,Sedan,foreign_used,5,Black,,"2010 Ford Crown Victoria (foreign used), a budget-friendly sedan well suited to daily commuting and city driving — a good fit for urban professionals.",
Crosstour,Honda,2015,113000,114999,Gasoline,Automatic,Hatchback,local_used,5,Red,,"2015 Honda Crosstour (locally used), a premium hatchback well suited to quick city runs and easy parking — a good fit for budget-conscious buyers.",
Cruze,Chevrolet,2017,115500,87201,Gasoline,Automatic,Hatchback,foreign_used,5,Gray,,"2017 Chevrolet Cruze (foreign used), a premium hatchback well suited to quick city runs and easy parking — a good fit for budget-conscious buyers.",
CT 200h,Lexus,2015,165000,139301,Gasoline,Automatic,Hatchback,foreign_used,5,Blue,Leather Seats,"2015 Lexus CT 200h (foreign used), a premium hatchback well suited to quick city runs and easy parking — a good fit for budget-conscious buyers. Comes with leather seats. A solid pick for luxury lovers who want a standout badge.",
CT 200h,Lexus,2016,170000,107318,Gasoline,Automatic,Hatchback,foreign_used,5,Black,Leather Seats,"2016 Lexus CT 200h (foreign used), a premium hatchback well suited to quick city runs and easy parking — a good fit for budget-conscious buyers. Comes with leather seats. A solid pick for luxury lovers who want a standout badge.",
CT 200h,Lexus,2017,169000,112387,Gasoline,Automatic,Hatchback,foreign_used,5,Silver,Leather Seats,"2017 Lexus CT 200h (foreign used), a premium hatchback well suited to quick city runs and easy parking — a good fit for budget-conscious buyers. Comes with leather seats. A solid pick for luxury lovers who want a standout badge.",
CT6,Cadillac,2016,318000,99262,Gasoline,Automatic,Sedan,foreign_used,5,Black,Leather Seats,"2016 Cadillac CT6 (foreign used), a premium sedan well suited to daily commuting and city driving — a good fit for urban professionals. Comes with leather seats. A solid pick for luxury lovers who want a standout badge.",
Cruze,Chevrolet,2015,159500,130755,Diesel,Automatic,Sedan,foreign_used,5,Gray,,"2015 Chevrolet Cruze (foreign used), a well-priced sedan well suited to daily commuting and city driving — a good fit for urban professionals.",
TL,Acura,2012,239500,170738,Gasoline,Automatic,Sedan,local_used,5,Black,Leather Seats; All-Wheel Drive,"2012 Acura TL (locally used), a premium sedan well suited to daily commuting and city driving — a good fit for urban professionals. Comes with leather seats. A solid pick for luxury lovers who want a standout badge.",
Titan,Nissan,2015,351000,102420,Gasoline,Automatic,Truck,local_used,2,Black,All-Wheel Drive,"2015 Nissan Titan (locally used), a premium truck well suited to hauling and rough roads — a good fit for adventure seekers. Comes with all-wheel drive.",
Titan,Nissan,2014,284000,132236,Gasoline,Automatic,Truck,foreign_used,2,Gray,All-Wheel Drive,"2014 Nissan Titan (foreign used), a premium truck well suited to hauling and rough roads — a good fit for adventure seekers. Comes with all-wheel drive.",
CTS Coupe,Cadillac,2013,426500,127484,Gasoline,Automatic,Coupe,foreign_used,4,Red,Leather Seats; All-Wheel Drive,"2013 Cadillac CTS Coupe (foreign used), a premium coupe well suited to weekend drives and spirited handling — a good fit for lifestyle-focused drivers. Comes with leather seats. A solid pick for luxury lovers who want a standout badge.",
CTS Coupe,Cadillac,2014,379000,112563,Gasoline,Automatic,Coupe,foreign_used,4,White,Leather Seats,"2014 Cadillac CTS Coupe (foreign used), a premium coupe well suited to weekend drives and spirited handling — a good fit for lifestyle-focused drivers. Comes with leather seats. A solid pick for luxury lovers who want a standout badge.",
CTS Coupe,Cadillac,2012,307000,209157,Gasoline,Automatic,Coupe,foreign_used,4,Blue,Leather Seats; All-Wheel Drive,"2012 Cadillac CTS Coupe (foreign used), a well-priced coupe well suited to weekend drives and spirited handling — a good fit for lifestyle-focused drivers. Comes with leather seats.",
CT6,Cadillac,2017,314500,98407,Gasoline,Automatic,Sedan,local_used,5,Black,Leather Seats; All-Wheel Drive,"2017 Cadillac CT6 (locally used), a premium sedan well suited to daily commuting and city driving — a good fit for urban professionals. Comes with leather seats. A solid pick for luxury lovers who want a standout badge.",
CTS Wagon,Cadillac,2013,423000,180170,Gasoline,Automatic,Wagon,foreign_used,5,Black,Leather Seats,"2013 Cadillac CTS Wagon (foreign used), a premium wagon well suited to family trips with plenty of cargo room — a good fit for family-oriented drivers. Comes with leather seats. A solid pick for luxury lovers who want a standout badge.",
CTS Wagon,Cadillac,2014,516500,126334,Gasoline,Automatic,Wagon,foreign_used,5,White,Leather Seats,"2014 Cadillac CTS Wagon (foreign used), a premium wagon well suited to family trips with plenty of cargo room — a good fit for family-oriented drivers. Comes with leather seats. A solid pick for luxury lovers who want a standout badge.",
CTS Wagon,Cadillac,2012,413000,183246,Gasoline,Automatic,Wagon,local_used,5,Black,Leather Seats,"2012 Cadillac CTS Wagon (locally used), a premium wagon well suited to family trips with plenty of cargo room — a good fit for family-oriented drivers. Comes with leather seats. A solid pick for luxury lovers who want a standout badge.",
CTS-V,Cadillac,2014,272500,162736,Gasoline,Manual,Sedan,local_used,5,Silver,Leather Seats,"2014 Cadillac CTS-V (locally used), a premium sedan well suited to daily commuting and city driving — a good fit for urban professionals. Comes with leather seats. A solid pick for luxury lovers who want a standout badge.",
CTS-V,Cadillac,2016,316500,125738,Gasoline,Automatic,Sedan,foreign_used,5,White,Leather Seats,"2016 Cadillac CTS-V (foreign used), a premium sedan well suited to daily commuting and city driving — a good fit for urban professionals. Comes with leather seats. A solid pick for luxury lovers who want a standout badge.",
CTS-V,Cadillac,2017,341000,106465,Gasoline,Automatic,Sedan,foreign_used,5,Silver,Leather Seats,"2017 Cadillac CTS-V (foreign used), a premium sedan well suited to daily commuting and city driving — a good fit for urban professionals. Comes with leather seats. A solid pick for luxury lovers who want a standout badge.",
CTS-V Coupe,Cadillac,2013,393500,149124,Gasoline,Manual,Coupe,foreign_used,4,Red,Leather Seats,"2013 Cadillac CTS-V Coupe (foreign used), a premium coupe well suited to weekend drives and spirited handling — a good fit for lifestyle-focused drivers. Comes with leather seats. A solid pick for luxury lovers who want a standout badge.",
CTS-V Coupe,Cadillac,2014,419500,133119,Gasoline,Manual,Coupe,foreign_used,4,White,Leather Seats,"2014 Cadillac CTS-V Coupe (foreign used), a premium coupe well suited to weekend drives and spirited handling — a good fit for lifestyle-focused drivers. Comes with leather seats. A solid pick for luxury lovers who want a standout badge.",
CTS-V Coupe,Cadillac,2015,409000,160349,Gasoline,Manual,Coupe,local_used,4,Gray,Leather Seats,"2015 Cadillac CTS-V Coupe (locally used), a premium coupe well suited to weekend drives and spirited handling — a good fit for lifestyle-focused drivers. Comes with leather seats. A solid pick for luxury lovers who want a standout badge.",
CTS-V Wagon,Cadillac,2012,386000,195772,Gasoline,Manual,Wagon,local_used,5,Black,Leather Seats,"2012 Cadillac CTS-V Wagon (locally used), a premium wagon well suited to family trips with plenty of cargo room — a good fit for family-oriented drivers. Comes with leather seats. A solid pick for luxury lovers who want a standout badge.",
CTS-V Wagon,Cadillac,2013,430500,192272,Gasoline,Manual,Wagon,local_used,5,Gray,Leather Seats,"2013 Cadillac CTS-V Wagon (locally used), a premium wagon well suited to family trips with plenty of cargo room — a good fit for family-oriented drivers. Comes with leather seats. A solid pick for luxury lovers who want a standout badge.",
CTS-V Wagon,Cadillac,2014,562500,116949,Gasoline,Manual,Wagon,foreign_used,5,Black,Leather Seats,"2014 Cadillac CTS-V Wagon (foreign used), a premium wagon well suited to family trips with plenty of cargo room — a good fit for family-oriented drivers. Comes with leather seats. A solid pick for luxury lovers who want a standout badge.",
CTS,Cadillac,2016,297000,133852,Gasoline,Automatic,Sedan,local_used,5,White,Leather Seats; All-Wheel Drive,"2016 Cadillac CTS (locally used), a premium sedan well suited to daily commuting and city driving — a good fit for urban professionals. Comes with leather seats. A solid pick for luxury lovers who want a standout badge.",
CTS,Cadillac,2015,272000,160930,Gasoline,Automatic,Sedan,foreign_used,5,White,Leather Seats,"2015 Cadillac CTS (foreign used), a premium sedan well suited to daily commuting and city driving — a good fit for urban professionals. Comes with leather seats. A solid pick for luxury lovers who want a standout badge.",
CTS,Cadillac,2017,335500,90787,Gasoline,Automatic,Sedan,foreign_used,5,White,Leather Seats; All-Wheel Drive,"2017 Cadillac CTS (foreign used), a premium sedan well suited to daily commuting and city driving — a good fit for urban professionals. Comes with leather seats. A solid pick for luxury lovers who want a standout badge.",
Tiguan,Volkswagen,2017,264500,84591,Gasoline,Automatic,SUV,foreign_used,7,White,All-Wheel Drive,"2017 Volkswagen Tiguan (foreign used), a well-priced suv well suited to family trips and weekend getaways — a good fit for family-oriented drivers. Comes with all-wheel drive.",
Tiguan,Volkswagen,2016,213000,134467,Gasoline,Automatic,SUV,foreign_used,7,Gray,,"2016 Volkswagen Tiguan (foreign used), a well-priced suv well suited to family trips and weekend getaways — a good fit for family-oriented drivers.",
Tiguan,Volkswagen,2015,198000,136915,Gasoline,Automatic,SUV,local_used,7,Red,,"2015 Volkswagen Tiguan (locally used), a well-priced suv well suited to family trips and weekend getaways — a good fit for family-oriented drivers.",
Tiburon,Hyundai,2008,57500,252918,Gasoline,Manual,Hatchback,foreign_used,5,Blue,,"2008 Hyundai Tiburon (foreign used), a budget-friendly hatchback well suited to quick city runs and easy parking — a good fit for budget-conscious buyers.",
Tiburon,Hyundai,2007,60500,186934,Gasoline,Automatic,Hatchback,foreign_used,5,Gray,,"2007 Hyundai Tiburon (foreign used), a well-priced hatchback well suited to quick city runs and easy parking — a good fit for budget-conscious buyers.",
Tiburon,Hyundai,2006,56000,275432,Gasoline,Manual,Hatchback,foreign_used,5,White,,"2006 Hyundai Tiburon (foreign used), a budget-friendly hatchback well suited to quick city runs and easy parking — a good fit for budget-conscious buyers.",
Thunderbird,Ford,2003,227000,234825,Gasoline,Automatic,Convertible,foreign_used,4,Black,,"2003 Ford Thunderbird (foreign used), a budget-friendly convertible well suited to weekend adventures and open-top cruising — a good fit for adventure seekers and luxury lovers.",
Thunderbird,Ford,2004,205500,219603,Gasoline,Automatic,Convertible,foreign_used,4,Black,,"2004 Ford Thunderbird (foreign used), a budget-friendly convertible well suited to weekend adventures and open-top cruising — a good fit for adventure seekers and luxury lovers.",
Thunderbird,Ford,2005,262000,209697,Gasoline,Automatic,Convertible,foreign_used,4,Black,,"2005 Ford Thunderbird (foreign used), a budget-friendly convertible well suited to weekend adventures and open-top cruising — a good fit for adventure seekers and luxury lovers.",
CX-5,Mazda,2015,216000,152762,Gasoline,Automatic,SUV,local_used,7,Silver,,"2015 Mazda CX-5 (locally used), a well-priced suv well suited to family trips and weekend getaways — a good fit for family-oriented drivers.",
CX-5,Mazda,2016,210500,129912,Gasoline,Manual,SUV,foreign_used,7,Silver,,"2016 Mazda CX-5 (foreign used), a well-priced suv well suited to family trips and weekend getaways — a good fit for family-oriented drivers.",
CX-5,Mazda,2014,207500,145661,Gasoline,Automatic,SUV,foreign_used,7,Black,All-Wheel Drive,"2014 Mazda CX-5 (foreign used), a well-priced suv well suited to family trips and weekend getaways — a good fit for family-oriented drivers. Comes with all-wheel drive.",
CX-3,Mazda,2017,256500,100377,Gasoline,Automatic,SUV,foreign_used,7,Black,,"2017 Mazda CX-3 (foreign used), a well-priced suv well suited to family trips and weekend getaways — a good fit for family-oriented drivers.",
CX-3,Mazda,2016,203500,142632,Gasoline,Automatic,SUV,local_used,7,Blue,,"2016 Mazda CX-3 (locally used), a well-priced suv well suited to family trips and weekend getaways — a good fit for family-oriented drivers.",
CX-7,Mazda,2012,214000,158965,Gasoline,Automatic,SUV,foreign_used,7,Blue,,"2012 Mazda CX-7 (foreign used), a well-priced suv well suited to family trips and weekend getaways — a good fit for family-oriented drivers.",
CX-9,Mazda,2014,184500,166795,Gasoline,Automatic,SUV,foreign_used,7,Black,All-Wheel Drive,"2014 Mazda CX-9 (foreign used), a budget-friendly suv well suited to family trips and weekend getaways — a good fit for family-oriented drivers. Comes with all-wheel drive.",
CX-7,Mazda,2011,174500,174522,Gasoline,Automatic,SUV,foreign_used,7,Red,All-Wheel Drive,"2011 Mazda CX-7 (foreign used), a budget-friendly suv well suited to family trips and weekend getaways — a good fit for family-oriented drivers. Comes with all-wheel drive.",
CX-7,Mazda,2010,163000,180187,Gasoline,Automatic,SUV,foreign_used,7,Red,,"2010 Mazda CX-7 (foreign used), a budget-friendly suv well suited to family trips and weekend getaways — a good fit for family-oriented drivers.",
CX-9,Mazda,2016,267500,117761,Gasoline,Automatic,SUV,foreign_used,7,Black,All-Wheel Drive,"2016 Mazda CX-9 (foreign used), a well-priced suv well suited to family trips and weekend getaways — a good fit for family-oriented drivers. Comes with all-wheel drive.",
CX-9,Mazda,2015,256500,118891,Gasoline,Automatic,SUV,local_used,7,Black,,"2015 Mazda CX-9 (locally used), a well-priced suv well suited to family trips and weekend getaways — a good fit for family-oriented drivers.",
Terraza,Buick,2007,204500,256227,Gasoline,Automatic,Wagon,foreign_used,5,Silver,,"2007 Buick Terraza (foreign used), a well-priced wagon well suited to family trips with plenty of cargo room — a good fit for family-oriented drivers.",
Terrain,GMC,2017,248500,108147,Gasoline,Automatic,SUV,foreign_used,7,Red,All-Wheel Drive,"2017 GMC Terrain (foreign used), a well-priced suv well suited to family trips and weekend getaways — a good fit for family-oriented drivers. Comes with all-wheel drive.",
Terrain,GMC,2016,220500,103933,Gasoline,Automatic,SUV,local_used,7,Blue,,"2016 GMC Terrain (locally used), a well-priced suv well suited to family trips and weekend getaways — a good fit for family-oriented drivers.",
Terrain,GMC,2015,216000,158372,Gasoline,Automatic,SUV,foreign_used,7,White,,"2015 GMC Terrain (foreign used), a well-priced suv well suited to family trips and weekend getaways — a good fit for family-oriented drivers.",
Dakota,Dodge,2009,213500,192157,Gasoline,Automatic,Truck,foreign_used,2,Black,All-Wheel Drive,"2009 Dodge Dakota (foreign used), a well-priced truck well suited to hauling and rough roads — a good fit for adventure seekers. Comes with all-wheel drive.",
Dakota,Dodge,2010,191000,196181,Gasoline,Automatic,Truck,foreign_used,2,Silver,,"2010 Dodge Dakota (foreign used), a well-priced truck well suited to hauling and rough roads — a good fit for adventure seekers.",
tC,Scion,2015,85500,158827,Gasoline,Manual,Hatchback,foreign_used,5,Silver,,"2015 Scion tC (foreign used), a well-priced hatchback well suited to quick city runs and easy parking — a good fit for budget-conscious buyers.",
tC,Scion,2016,95500,127454,Gasoline,Manual,Hatchback,foreign_used,5,White,,"2016 Scion tC (foreign used), a well-priced hatchback well suited to quick city runs and easy parking — a good fit for budget-conscious buyers.",
DB7,Aston Martin,2003,249000,223132,Gasoline,Manual,Coupe,foreign_used,4,Blue,,"2003 Aston Martin DB7 (foreign used), a well-priced coupe well suited to weekend drives and spirited handling — a good fit for lifestyle-focused drivers.",
DB9 GT,Aston Martin,2016,442500,146390,Gasoline,Automatic,Coupe,local_used,4,Gray,,"2016 Aston Martin DB9 GT (locally used), a premium coupe well suited to weekend drives and spirited handling — a good fit for lifestyle-focused drivers. A solid pick for luxury lovers who want a standout badge.",
DB9,Aston Martin,2013,646000,165961,Gasoline,Automatic,Convertible,local_used,4,Blue,,"2013 Aston Martin DB9 (locally used), a well-priced convertible well suited to weekend adventures and open-top cruising — a good fit for adventure seekers and luxury lovers.",
DB9,Aston Martin,2014,841500,132113,Gasoline,Automatic,Convertible,foreign_used,4,Blue,,"2014 Aston Martin DB9 (foreign used), a premium convertible well suited to weekend adventures and open-top cruising — a good fit for adventure seekers and luxury lovers. A solid pick for luxury lovers who want a standout badge.",
Daytona,Dodge,1992,28000,280000,Gasoline,Manual,Hatchback,foreign_used,5,Gray,,"1992 Dodge Daytona (foreign used), a budget-friendly hatchback well suited to quick city runs and easy parking — a good fit for budget-conscious buyers.",
Daytona,Dodge,1993,28000,280000,Gasoline,Manual,Hatchback,foreign_used,5,Black,,"1993 Dodge Daytona (foreign used), a budget-friendly hatchback well suited to quick city runs and easy parking — a good fit for budget-conscious buyers.",
Daytona,Dodge,1991,25000,280000,Gasoline,Manual,Hatchback,local_used,5,Silver,,"1991 Dodge Daytona (locally used), a budget-friendly hatchback well suited to quick city runs and easy parking — a good fit for budget-conscious buyers.",
Dawn,Rolls-Royce,2016,896500,122008,Gasoline,Automatic,Convertible,foreign_used,4,White,Leather Seats,"2016 Rolls-Royce Dawn (foreign used), a premium convertible well suited to weekend adventures and open-top cruising — a good fit for adventure seekers and luxury lovers. Comes with leather seats. A solid pick for luxury lovers who want a standout badge.",
tC,Scion,2014,74000,172360,Gasoline,Manual,Hatchback,foreign_used,5,Gray,,"2014 Scion tC (foreign used), a well-priced hatchback well suited to quick city runs and easy parking — a good fit for budget-conscious buyers.",
Taurus,Ford,2017,179500,123584,Gasoline,Automatic,Sedan,local_used,5,White,All-Wheel Drive,"2017 Ford Taurus (locally used), a well-priced sedan well suited to daily commuting and city driving — a good fit for urban professionals. Comes with all-wheel drive.",
TC,Chrysler,1990,121500,280000,Gasoline,Automatic,Convertible,local_used,4,Gray,Leather Seats,"1990 Chrysler TC (locally used), a budget-friendly convertible well suited to weekend adventures and open-top cruising — a good fit for adventure seekers and luxury lovers. Comes with leather seats.",
TC,Chrysler,1991,121500,280000,Gasoline,Automatic,Convertible,local_used,4,White,Leather Seats,"1991 Chrysler TC (locally used), a budget-friendly convertible well suited to weekend adventures and open-top cruising — a good fit for adventure seekers and luxury lovers. Comes with leather seats.",
Taurus,Ford,2016,187500,104909,Gasoline,Automatic,Sedan,foreign_used,5,White,,"2016 Ford Taurus (foreign used), a well-priced sedan well suited to daily commuting and city driving — a good fit for urban professionals.",
Taurus X,Ford,2009,179500,228883,Gasoline,Automatic,Wagon,local_used,5,White,All-Wheel Drive,"2009 Ford Taurus X (locally used), a well-priced wagon well suited to family trips with plenty of cargo room — a good fit for family-oriented drivers. Comes with all-wheel drive.",
Taurus,Ford,2015,186000,101213,Gasoline,Automatic,Sedan,local_used,5,White,,"2015 Ford Taurus (locally used), a well-priced sedan well suited to daily commuting and city driving — a good fit for urban professionals.",
Defender,Land Rover,1997,172000,280000,Gasoline,Automatic,SUV,foreign_used,7,Gray,Leather Seats; All-Wheel Drive,"1997 Land Rover Defender (foreign used), a budget-friendly suv well suited to family trips and weekend getaways — a good fit for family-oriented drivers. Comes with leather seats.",
DeVille,Cadillac,2003,143000,280000,Gasoline,Automatic,Sedan,foreign_used,5,Gray,Leather Seats,"2003 Cadillac DeVille (foreign used), a well-priced sedan well suited to daily commuting and city driving — a good fit for urban professionals. Comes with leather seats.",
DeVille,Cadillac,2004,151500,280000,Gasoline,Automatic,Sedan,foreign_used,5,Silver,Leather Seats,"2004 Cadillac DeVille (foreign used), a well-priced sedan well suited to daily commuting and city driving — a good fit for urban professionals. Comes with leather seats.",
DeVille,Cadillac,2005,184000,232102,Gasoline,Automatic,Sedan,local_used,5,White,Leather Seats,"2005 Cadillac DeVille (locally used), a well-priced sedan well suited to daily commuting and city driving — a good fit for urban professionals. Comes with leather seats.",
DBS,Aston Martin,2012,655000,194986,Gasoline,Automatic,Convertible,foreign_used,4,White,,"2012 Aston Martin DBS (foreign used), a well-priced convertible well suited to weekend adventures and open-top cruising — a good fit for adventure seekers and luxury lovers.",
Defender,Land Rover,1994,133500,280000,Gasoline,Manual,SUV,foreign_used,7,White,Leather Seats; All-Wheel Drive,"1994 Land Rover Defender (foreign used), a budget-friendly suv well suited to family trips and weekend getaways — a good fit for family-oriented drivers. Comes with leather seats.",
Defender,Land Rover,1995,159500,280000,Gasoline,Manual,SUV,foreign_used,7,White,Leather Seats; All-Wheel Drive,"1995 Land Rover Defender (foreign used), a budget-friendly suv well suited to family trips and weekend getaways — a good fit for family-oriented drivers. Comes with leather seats.",
DBS,Aston Martin,2010,385000,156239,Gasoline,Manual,Coupe,local_used,4,Red,,"2010 Aston Martin DBS (locally used), a premium coupe well suited to weekend drives and spirited handling — a good fit for lifestyle-focused drivers. A solid pick for luxury lovers who want a standout badge.",
DBS,Aston Martin,2011,708000,170756,Gasoline,Manual,Convertible,foreign_used,4,Black,,"2011 Aston Martin DBS (foreign used), a premium convertible well suited to weekend adventures and open-top cruising — a good fit for adventure seekers and luxury lovers. A solid pick for luxury lovers who want a standout badge.",
DB9,Aston Martin,2015,406000,151621,Gasoline,Automatic,Coupe,foreign_used,4,Black,,"2015 Aston Martin DB9 (foreign used), a premium coupe well suited to weekend drives and spirited handling — a good fit for lifestyle-focused drivers. A solid pick for luxury lovers who want a standout badge.",
Discovery Sport,Land Rover,2016,459000,98995,Gasoline,Automatic,SUV,foreign_used,7,White,Leather Seats; All-Wheel Drive,"2016 Land Rover Discovery Sport (foreign used), a premium suv well suited to family trips and weekend getaways — a good fit for family-oriented drivers. Comes with leather seats. A solid pick for luxury lovers who want a standout badge.",
Discovery Sport,Land Rover,2017,444500,93380,Gasoline,Automatic,SUV,local_used,7,White,Leather Seats; All-Wheel Drive,"2017 Land Rover Discovery Sport (locally used), a premium suv well suited to family trips and weekend getaways — a good fit for family-oriented drivers. Comes with leather seats. A solid pick for luxury lovers who want a standout badge.",
Discovery,Land Rover,2003,202000,280000,Gasoline,Automatic,SUV,foreign_used,7,Silver,Leather Seats; All-Wheel Drive,"2003 Land Rover Discovery (foreign used), a well-priced suv well suited to family trips and weekend getaways — a good fit for family-oriented drivers. Comes with leather seats.",
Discovery,Land Rover,2004,242000,280000,Gasoline,Automatic,SUV,foreign_used,7,Silver,Leather Seats; All-Wheel Drive,"2004 Land Rover Discovery (foreign used), a well-priced suv well suited to family trips and weekend getaways — a good fit for family-oriented drivers. Comes with leather seats.",
Discovery Series II,Land Rover,2001,195500,280000,Gasoline,Automatic,SUV,local_used,7,Black,Leather Seats; All-Wheel Drive,"2001 Land Rover Discovery Series II (locally used), a well-priced suv well suited to family trips and weekend getaways — a good fit for family-oriented drivers. Comes with leather seats.",
Discovery Series II,Land Rover,2002,189000,280000,Gasoline,Automatic,SUV,foreign_used,7,White,Leather Seats; All-Wheel Drive,"2002 Land Rover Discovery Series II (foreign used), a well-priced suv well suited to family trips and weekend getaways — a good fit for family-oriented drivers. Comes with leather seats.",
Discovery Sport,Land Rover,2015,359500,134820,Gasoline,Automatic,SUV,local_used,7,Black,Leather Seats; All-Wheel Drive,"2015 Land Rover Discovery Sport (locally used), a premium suv well suited to family trips and weekend getaways — a good fit for family-oriented drivers. Comes with leather seats. A solid pick for luxury lovers who want a standout badge.",
Discovery Series II,Land Rover,2000,165500,273281,Gasoline,Automatic,SUV,foreign_used,7,White,Leather Seats; All-Wheel Drive,"2000 Land Rover Discovery Series II (foreign used), a budget-friendly suv well suited to family trips and weekend getaways — a good fit for family-oriented drivers. Comes with leather seats.",
Diablo,Lamborghini,2001,241000,276854,Gasoline,Manual,Coupe,foreign_used,4,White,All-Wheel Drive,"2001 Lamborghini Diablo (foreign used), a well-priced coupe well suited to weekend drives and spirited handling — a good fit for lifestyle-focused drivers. Comes with all-wheel drive.",
Durango,Dodge,2016,277000,100896,Gasoline,Automatic,SUV,foreign_used,7,Red,,"2016 Dodge Durango (foreign used), a well-priced suv well suited to family trips and weekend getaways — a good fit for family-oriented drivers.",
Durango,Dodge,2015,245000,158958,Gasoline,Automatic,SUV,foreign_used,7,Silver,,"2015 Dodge Durango (foreign used), a well-priced suv well suited to family trips and weekend getaways — a good fit for family-oriented drivers.",
DTS,Cadillac,2010,186000,200006,Gasoline,Automatic,Sedan,foreign_used,5,Silver,Leather Seats,"2010 Cadillac DTS (foreign used), a well-priced sedan well suited to daily commuting and city driving — a good fit for urban professionals. Comes with leather seats.",
DTS,Cadillac,2011,231500,171077,Gasoline,Automatic,Sedan,foreign_used,5,Black,Leather Seats,"2011 Cadillac DTS (foreign used), a premium sedan well suited to daily commuting and city driving — a good fit for urban professionals. Comes with leather seats. A solid pick for luxury lovers who want a standout badge.",
DTS,Cadillac,2009,220500,200125,Gasoline,Automatic,Sedan,local_used,5,Black,Leather Seats,"2009 Cadillac DTS (locally used), a well-priced sedan well suited to daily commuting and city driving — a good fit for urban professionals. Comes with leather seats.",
Durango,Dodge,2017,254500,132153,Gasoline,Automatic,SUV,foreign_used,7,Silver,,"2017 Dodge Durango (foreign used), a well-priced suv well suited to family trips and weekend getaways — a good fit for family-oriented drivers.",
E-Class,Mercedes-Benz,2015,726500,109121,Gasoline,Automatic,Convertible,foreign_used,4,Gray,Leather Seats,"2015 Mercedes-Benz E-Class (foreign used), a premium convertible well suited to weekend adventures and open-top cruising — a good fit for adventure seekers and luxury lovers. Comes with leather seats. A solid pick for luxury lovers who want a standout badge.",
E-Class,Mercedes-Benz,2016,317500,125174,Gasoline,Automatic,Sedan,foreign_used,5,Gray,Leather Seats,"2016 Mercedes-Benz E-Class (foreign used), a premium sedan well suited to daily commuting and city driving — a good fit for urban professionals. Comes with leather seats. A solid pick for luxury lovers who want a standout badge.",
Taurus X,Ford,2008,203500,216636,Gasoline,Automatic,Wagon,local_used,5,White,,"2008 Ford Taurus X (locally used), a well-priced wagon well suited to family trips with plenty of cargo room — a good fit for family-oriented drivers.",
Tahoe,Chevrolet,2017,270000,114019,Gasoline,Automatic,SUV,foreign_used,7,Silver,All-Wheel Drive,"2017 Chevrolet Tahoe (foreign used), a well-priced suv well suited to family trips and weekend getaways — a good fit for family-oriented drivers. Comes with all-wheel drive.",
Tahoe,Chevrolet,2015,321500,100195,Gasoline,Automatic,SUV,foreign_used,7,Black,,"2015 Chevrolet Tahoe (foreign used), a well-priced suv well suited to family trips and weekend getaways — a good fit for family-oriented drivers.",
Tahoe,Chevrolet,2016,291500,142327,Gasoline,Automatic,SUV,foreign_used,7,Blue,All-Wheel Drive,"2016 Chevrolet Tahoe (foreign used), a well-priced suv well suited to family trips and weekend getaways — a good fit for family-oriented drivers. Comes with all-wheel drive.",
Tahoe Hybrid,Chevrolet,2013,201000,189705,Gasoline,Automatic,SUV,foreign_used,7,Silver,Leather Seats; All-Wheel Drive,"2013 Chevrolet Tahoe Hybrid (foreign used), a well-priced suv well suited to family trips and weekend getaways — a good fit for family-oriented drivers. Comes with leather seats.",
E-Class,Mercedes-Benz,2017,475000,111517,Gasoline,Automatic,Coupe,foreign_used,4,Silver,Leather Seats,"2017 Mercedes-Benz E-Class (foreign used), a premium coupe well suited to weekend drives and spirited handling — a good fit for lifestyle-focused drivers. Comes with leather seats. A solid pick for luxury lovers who want a standout badge.",
e-Golf,Volkswagen,2015,93500,144979,Electric,Automatic,Hatchback,local_used,5,White,,"2015 Volkswagen e-Golf (locally used), a well-priced hatchback well suited to quick city runs and easy parking — a good fit for budget-conscious buyers. A electric powertrain keeps running costs low for eco-conscious drivers.",
e-Golf,Volkswagen,2016,93500,145350,Electric,Automatic,Hatchback,foreign_used,5,Silver,,"2016 Volkswagen e-Golf (foreign used), a well-priced hatchback well suited to quick city runs and easy parking — a good fit for budget-conscious buyers. A electric powertrain keeps running costs low for eco-conscious drivers.",
E-Series Van,Ford,2012,255500,185408,Gasoline,Automatic,Wagon,local_used,5,White,,"2012 Ford E-Series Van (locally used), a well-priced wagon well suited to family trips with plenty of cargo room — a good fit for family-oriented drivers.",
E-Series Wagon,Ford,2013,331000,128898,Gasoline,Automatic,Wagon,foreign_used,5,Black,,"2013 Ford E-Series Wagon (foreign used), a premium wagon well suited to family trips with plenty of cargo room — a good fit for family-oriented drivers.",
E-Series Wagon,Ford,2014,268000,149493,Gasoline,Automatic,Wagon,foreign_used,5,White,,"2014 Ford E-Series Wagon (foreign used), a premium wagon well suited to family trips with plenty of cargo room — a good fit for family-oriented drivers.",
E-Series Wagon,Ford,2012,238000,176964,Gasoline,Automatic,Wagon,local_used,5,Gray,,"2012 Ford E-Series Wagon (locally used), a well-priced wagon well suited to family trips with plenty of cargo room — a good fit for family-oriented drivers.",
E-Series Van,Ford,2013,269000,150082,Gasoline,Automatic,Wagon,foreign_used,5,White,,"2013 Ford E-Series Van (foreign used), a premium wagon well suited to family trips with plenty of cargo room — a good fit for family-oriented drivers.",
E-Series Van,Ford,2014,260000,161024,Gasoline,Automatic,Wagon,local_used,5,Black,,"2014 Ford E-Series Van (locally used), a well-priced wagon well suited to family trips with plenty of cargo room — a good fit for family-oriented drivers.",
Eclipse,Mitsubishi,2010,57000,233699,Gasoline,Manual,Hatchback,foreign_used,5,Red,,"2010 Mitsubishi Eclipse (foreign used), a budget-friendly hatchback well suited to quick city runs and easy parking — a good fit for budget-conscious buyers.",
Eclipse Spyder,Mitsubishi,2010,303000,187281,Gasoline,Automatic,Convertible,foreign_used,4,Silver,,"2010 Mitsubishi Eclipse Spyder (foreign used), a budget-friendly convertible well suited to weekend adventures and open-top cruising — a good fit for adventure seekers and luxury lovers.",
Eclipse Spyder,Mitsubishi,2011,341000,145191,Gasoline,Automatic,Convertible,foreign_used,4,Black,,"2011 Mitsubishi Eclipse Spyder (foreign used), a budget-friendly convertible well suited to weekend adventures and open-top cruising — a good fit for adventure seekers and luxury lovers.",
Eclipse Spyder,Mitsubishi,2012,265000,208727,Gasoline,Automatic,Convertible,foreign_used,4,White,,"2012 Mitsubishi Eclipse Spyder (foreign used), a budget-friendly convertible well suited to weekend adventures and open-top cruising — a good fit for adventure seekers and luxury lovers.",
E55 AMG,Mercedes-Benz,1999,122500,280000,Gasoline,Automatic,Sedan,foreign_used,5,Blue,Leather Seats,"1999 Mercedes-Benz E55 AMG (foreign used), a budget-friendly sedan well suited to daily commuting and city driving — a good fit for urban professionals. Comes with leather seats.",
E55 AMG,Mercedes-Benz,2000,126500,253447,Gasoline,Automatic,Sedan,foreign_used,5,White,Leather Seats,"2000 Mercedes-Benz E55 AMG (foreign used), a well-priced sedan well suited to daily commuting and city driving — a good fit for urban professionals. Comes with leather seats.",
Edge,Ford,2017,246500,130725,Gasoline,Automatic,SUV,foreign_used,7,Silver,All-Wheel Drive,"2017 Ford Edge (foreign used), a well-priced suv well suited to family trips and weekend getaways — a good fit for family-oriented drivers. Comes with all-wheel drive.",
Edge,Ford,2016,234000,142194,Gasoline,Automatic,SUV,foreign_used,7,Silver,All-Wheel Drive,"2016 Ford Edge (foreign used), a well-priced suv well suited to family trips and weekend getaways — a good fit for family-oriented drivers. Comes with all-wheel drive.",
Edge,Ford,2015,235500,133243,Gasoline,Automatic,SUV,foreign_used,7,Silver,,"2015 Ford Edge (foreign used), a well-priced suv well suited to family trips and weekend getaways — a good fit for family-oriented drivers.",
Eclipse,Mitsubishi,2012,68500,175667,Gasoline,Manual,Hatchback,local_used,5,Gray,,"2012 Mitsubishi Eclipse (locally used), a well-priced hatchback well suited to quick city runs and easy parking — a good fit for budget-conscious buyers.",
Elantra GT,Hyundai,2017,94000,102546,Gasoline,Manual,Hatchback,foreign_used,5,Black,,"2017 Hyundai Elantra GT (foreign used), a well-priced hatchback well suited to quick city runs and easy parking — a good fit for budget-conscious buyers.",
Elantra Touring,Hyundai,2010,74500,149257,Gasoline,Automatic,Hatchback,foreign_used,5,White,,"2010 Hyundai Elantra Touring (foreign used), a well-priced hatchback well suited to quick city runs and easy parking — a good fit for budget-conscious buyers.",
Elantra Touring,Hyundai,2011,61500,165168,Gasoline,Manual,Hatchback,foreign_used,5,Gray,,"2011 Hyundai Elantra Touring (foreign used), a well-priced hatchback well suited to quick city runs and easy parking — a good fit for budget-conscious buyers.",
Elantra GT,Hyundai,2015,76500,151988,Gasoline,Automatic,Hatchback,foreign_used,5,Silver,,"2015 Hyundai Elantra GT (foreign used), a well-priced hatchback well suited to quick city runs and easy parking — a good fit for budget-conscious buyers.",
Elantra GT,Hyundai,2016,90500,90278,Gasoline,Manual,Hatchback,foreign_used,5,Blue,,"2016 Hyundai Elantra GT (foreign used), a well-priced hatchback well suited to quick city runs and easy parking — a good fit for budget-conscious buyers.",
Tahoe Hybrid,Chevrolet,2011,205000,165015,Gasoline,Automatic,SUV,foreign_used,7,Blue,,"2011 Chevrolet Tahoe Hybrid (foreign used), a well-priced suv well suited to family trips and weekend getaways — a good fit for family-oriented drivers.",
Tahoe Hybrid,Chevrolet,2012,213000,159446,Gasoline,Automatic,SUV,local_used,7,Blue,All-Wheel Drive,"2012 Chevrolet Tahoe Hybrid (locally used), a well-priced suv well suited to family trips and weekend getaways — a good fit for family-oriented drivers. Comes with all-wheel drive.",
SX4,Suzuki,2013,83500,158917,Gasoline,Automatic,Hatchback,local_used,5,Silver,,"2013 Suzuki SX4 (locally used), a well-priced hatchback well suited to quick city runs and easy parking — a good fit for budget-conscious buyers.",
Syclone,GMC,1991,87500,280000,Gasoline,Automatic,Truck,foreign_used,2,Black,All-Wheel Drive,"1991 GMC Syclone (foreign used), a budget-friendly truck well suited to hauling and rough roads — a good fit for adventure seekers. Comes with all-wheel drive.",
SX4,Suzuki,2012,70000,155093,Gasoline,Automatic,Hatchback,foreign_used,5,Blue,,"2012 Suzuki SX4 (foreign used), a well-priced hatchback well suited to quick city runs and easy parking — a good fit for budget-conscious buyers.",
SX4,Suzuki,2011,67500,166226,Gasoline,Automatic,Hatchback,foreign_used,5,Black,All-Wheel Drive,"2011 Suzuki SX4 (foreign used), a well-priced hatchback well suited to quick city runs and easy parking — a good fit for budget-conscious buyers. Comes with all-wheel drive.",
Eldorado,Cadillac,2000,188500,280000,Gasoline,Automatic,Coupe,foreign_used,4,White,Leather Seats,"2000 Cadillac Eldorado (foreign used), a well-priced coupe well suited to weekend drives and spirited handling — a good fit for lifestyle-focused drivers. Comes with leather seats.",
Elantra,Hyundai,2016,166000,117133,Gasoline,Manual,Sedan,foreign_used,5,Blue,,"2016 Hyundai Elantra (foreign used), a well-priced sedan well suited to daily commuting and city driving — a good fit for urban professionals.",
Elantra Touring,Hyundai,2012,73500,144867,Gasoline,Automatic,Hatchback,foreign_used,5,Red,,"2012 Hyundai Elantra Touring (foreign used), a well-priced hatchback well suited to quick city runs and easy parking — a good fit for budget-conscious buyers.",
Swift,Suzuki,2001,43500,280000,Gasoline,Automatic,Hatchback,foreign_used,5,Silver,,"2001 Suzuki Swift (foreign used), a budget-friendly hatchback well suited to quick city runs and easy parking — a good fit for budget-conscious buyers.",
SVX,Subaru,1996,92000,280000,Gasoline,Automatic,Coupe,foreign_used,4,White,All-Wheel Drive,"1996 Subaru SVX (foreign used), a budget-friendly coupe well suited to weekend drives and spirited handling — a good fit for lifestyle-focused drivers. Comes with all-wheel drive.",
SVX,Subaru,1997,94500,280000,Gasoline,Automatic,Coupe,foreign_used,4,Black,All-Wheel Drive,"1997 Subaru SVX (foreign used), a budget-friendly coupe well suited to weekend drives and spirited handling — a good fit for lifestyle-focused drivers. Comes with all-wheel drive.",
Swift,Suzuki,1999,33500,280000,Gasoline,Manual,Hatchback,local_used,5,Blue,,"1999 Suzuki Swift (locally used), a budget-friendly hatchback well suited to quick city runs and easy parking — a good fit for budget-conscious buyers.",
Supra,Toyota,1997,99500,280000,Gasoline,Manual,Coupe,local_used,4,White,,"1997 Toyota Supra (locally used), a budget-friendly coupe well suited to weekend drives and spirited handling — a good fit for lifestyle-focused drivers.",
Supra,Toyota,1998,110500,280000,Gasoline,Manual,Coupe,local_used,4,White,,"1998 Toyota Supra (locally used), a budget-friendly coupe well suited to weekend drives and spirited handling — a good fit for lifestyle-focused drivers.",
SVX,Subaru,1995,82000,280000,Gasoline,Automatic,Coupe,foreign_used,4,Blue,All-Wheel Drive,"1995 Subaru SVX (foreign used), a budget-friendly coupe well suited to weekend drives and spirited handling — a good fit for lifestyle-focused drivers. Comes with all-wheel drive.",
Superamerica,Ferrari,2005,467000,268665,Gasoline,Manual,Convertible,foreign_used,4,Black,,"2005 Ferrari Superamerica (foreign used), a well-priced convertible well suited to weekend adventures and open-top cruising — a good fit for adventure seekers and luxury lovers.",
Supersports Convertible ISR,Bentley,2013,733000,118021,Gasoline,Automatic,Convertible,foreign_used,4,Silver,Leather Seats; All-Wheel Drive,"2013 Bentley Supersports Convertible ISR (foreign used), a premium convertible well suited to weekend adventures and open-top cruising — a good fit for adventure seekers and luxury lovers. Comes with leather seats. A solid pick for luxury lovers who want a standout badge.",
Supra,Toyota,1996,92500,280000,Gasoline,Automatic,Coupe,local_used,4,Yellow,,"1996 Toyota Supra (locally used), a budget-friendly coupe well suited to weekend drives and spirited handling — a good fit for lifestyle-focused drivers.",
Element,Honda,2010,165000,161091,Gasoline,Automatic,SUV,local_used,7,White,All-Wheel Drive,"2010 Honda Element (locally used), a budget-friendly suv well suited to family trips and weekend getaways — a good fit for family-oriented drivers. Comes with all-wheel drive.",
Element,Honda,2011,154500,221496,Gasoline,Automatic,SUV,foreign_used,7,Gray,All-Wheel Drive,"2011 Honda Element (foreign used), a budget-friendly suv well suited to family trips and weekend getaways — a good fit for family-oriented drivers. Comes with all-wheel drive.",
Elise,Lotus,2009,511000,168164,Gasoline,Manual,Convertible,foreign_used,4,White,,"2009 Lotus Elise (foreign used), a well-priced convertible well suited to weekend adventures and open-top cruising — a good fit for adventure seekers and luxury lovers.",
Element,Honda,2009,149500,195292,Gasoline,Automatic,SUV,local_used,7,Black,All-Wheel Drive,"2009 Honda Element (locally used), a budget-friendly suv well suited to family trips and weekend getaways — a good fit for family-oriented drivers. Comes with all-wheel drive.",
Eldorado,Cadillac,2001,192500,237802,Gasoline,Automatic,Coupe,foreign_used,4,Blue,Leather Seats,"2001 Cadillac Eldorado (foreign used), a well-priced coupe well suited to weekend drives and spirited handling — a good fit for lifestyle-focused drivers. Comes with leather seats.",
Eldorado,Cadillac,2002,195500,280000,Gasoline,Automatic,Coupe,local_used,4,Black,Leather Seats,"2002 Cadillac Eldorado (locally used), a well-priced coupe well suited to weekend drives and spirited handling — a good fit for lifestyle-focused drivers. Comes with leather seats.",
Encore,Buick,2015,204500,132145,Gasoline,Automatic,SUV,local_used,7,Orange,,"2015 Buick Encore (locally used), a well-priced suv well suited to family trips and weekend getaways — a good fit for family-oriented drivers.",
Encore,Buick,2016,229500,125723,Gasoline,Automatic,SUV,foreign_used,7,Silver,All-Wheel Drive,"2016 Buick Encore (foreign used), a well-priced suv well suited to family trips and weekend getaways — a good fit for family-oriented drivers. Comes with all-wheel drive.",
Enclave,Buick,2017,277000,84622,Gasoline,Automatic,SUV,foreign_used,7,Black,,"2017 Buick Enclave (foreign used), a well-priced suv well suited to family trips and weekend getaways — a good fit for family-oriented drivers.",
Enclave,Buick,2015,227500,148497,Gasoline,Automatic,SUV,foreign_used,7,White,,"2015 Buick Enclave (foreign used), a well-priced suv well suited to family trips and weekend getaways — a good fit for family-oriented drivers.",
Enclave,Buick,2016,301000,102594,Gasoline,Automatic,SUV,foreign_used,7,Black,,"2016 Buick Enclave (foreign used), a well-priced suv well suited to family trips and weekend getaways — a good fit for family-oriented drivers.",
Elise,Lotus,2010,405000,230213,Gasoline,Manual,Convertible,foreign_used,4,Black,,"2010 Lotus Elise (foreign used), a well-priced convertible well suited to weekend adventures and open-top cruising — a good fit for adventure seekers and luxury lovers.",
Elise,Lotus,2011,601000,153463,Gasoline,Manual,Convertible,local_used,4,White,,"2011 Lotus Elise (locally used), a well-priced convertible well suited to weekend adventures and open-top cruising — a good fit for adventure seekers and luxury lovers.",
Endeavor,Mitsubishi,2011,185500,152162,Gasoline,Automatic,SUV,local_used,7,Black,,"2011 Mitsubishi Endeavor (locally used), a well-priced suv well suited to family trips and weekend getaways — a good fit for family-oriented drivers.",
Encore,Buick,2017,268000,82974,Gasoline,Automatic,SUV,local_used,7,Silver,,"2017 Buick Encore (locally used), a well-priced suv well suited to family trips and weekend getaways — a good fit for family-oriented drivers.",
Endeavor,Mitsubishi,2008,145000,212983,Gasoline,Automatic,SUV,foreign_used,7,Gray,All-Wheel Drive,"2008 Mitsubishi Endeavor (foreign used), a budget-friendly suv well suited to family trips and weekend getaways — a good fit for family-oriented drivers. Comes with all-wheel drive.",
Endeavor,Mitsubishi,2010,155000,198225,Gasoline,Automatic,SUV,local_used,7,Gray,,"2010 Mitsubishi Endeavor (locally used), a budget-friendly suv well suited to family trips and weekend getaways — a good fit for family-oriented drivers.",
Sundance,Plymouth,1993,27000,280000,Gasoline,Manual,Hatchback,local_used,5,Gray,,"1993 Plymouth Sundance (locally used), a budget-friendly hatchback well suited to quick city runs and easy parking — a good fit for budget-conscious buyers.",
Sundance,Plymouth,1994,31000,280000,Gasoline,Manual,Hatchback,foreign_used,5,White,,"1994 Plymouth Sundance (foreign used), a budget-friendly hatchback well suited to quick city runs and easy parking — a good fit for budget-conscious buyers.",
Sundance,Plymouth,1992,29000,280000,Gasoline,Manual,Hatchback,foreign_used,5,White,,"1992 Plymouth Sundance (foreign used), a budget-friendly hatchback well suited to quick city runs and easy parking — a good fit for budget-conscious buyers.",
Envision,Buick,2016,252000,121463,Gasoline,Automatic,SUV,foreign_used,7,Gray,All-Wheel Drive,"2016 Buick Envision (foreign used), a well-priced suv well suited to family trips and weekend getaways — a good fit for family-oriented drivers. Comes with all-wheel drive.",
Envision,Buick,2017,261000,104801,Gasoline,Automatic,SUV,local_used,7,Silver,All-Wheel Drive,"2017 Buick Envision (locally used), a well-priced suv well suited to family trips and weekend getaways — a good fit for family-oriented drivers. Comes with all-wheel drive.",
Suburban,Chevrolet,2017,333500,102641,Gasoline,Automatic,SUV,foreign_used,7,White,,"2017 Chevrolet Suburban (foreign used), a well-priced suv well suited to family trips and weekend getaways — a good fit for family-oriented drivers.",
Suburban,Chevrolet,2016,282500,123578,Gasoline,Automatic,SUV,local_used,7,Blue,,"2016 Chevrolet Suburban (locally used), a well-priced suv well suited to family trips and weekend getaways — a good fit for family-oriented drivers.",
Suburban,Chevrolet,2015,293500,109246,Gasoline,Automatic,SUV,foreign_used,7,Gray,,"2015 Chevrolet Suburban (foreign used), a well-priced suv well suited to family trips and weekend getaways — a good fit for family-oriented drivers.",
STS,Cadillac,2010,235000,161465,Gasoline,Automatic,Sedan,local_used,5,Silver,Leather Seats,"2010 Cadillac STS (locally used), a premium sedan well suited to daily commuting and city driving — a good fit for urban professionals. Comes with leather seats. A solid pick for luxury lovers who want a standout badge.",
STS,Cadillac,2011,186000,212561,Gasoline,Automatic,Sedan,foreign_used,5,White,Leather Seats,"2011 Cadillac STS (foreign used), a well-priced sedan well suited to daily commuting and city driving — a good fit for urban professionals. Comes with leather seats.",
Enzo,Ferrari,2003,259500,280000,Gasoline,Automatic,Coupe,foreign_used,4,Gray,,"2003 Ferrari Enzo (foreign used), a well-priced coupe well suited to weekend drives and spirited handling — a good fit for lifestyle-focused drivers.",
Stratus,Dodge,2006,93500,224797,Gasoline,Automatic,Sedan,foreign_used,5,Silver,,"2006 Dodge Stratus (foreign used), a budget-friendly sedan well suited to daily commuting and city driving — a good fit for urban professionals.",
STS-V,Cadillac,2007,187500,201865,Gasoline,Automatic,Sedan,foreign_used,5,Blue,Leather Seats,"2007 Cadillac STS-V (foreign used), a well-priced sedan well suited to daily commuting and city driving — a good fit for urban professionals. Comes with leather seats.",
STS-V,Cadillac,2008,188500,231552,Gasoline,Automatic,Sedan,local_used,5,Gray,Leather Seats,"2008 Cadillac STS-V (locally used), a well-priced sedan well suited to daily commuting and city driving — a good fit for urban professionals. Comes with leather seats.",
STS-V,Cadillac,2009,229000,194691,Gasoline,Automatic,Sedan,foreign_used,5,Blue,Leather Seats,"2009 Cadillac STS-V (foreign used), a well-priced sedan well suited to daily commuting and city driving — a good fit for urban professionals. Comes with leather seats.",
STS,Cadillac,2009,245000,155589,Gasoline,Automatic,Sedan,foreign_used,5,Silver,Leather Seats,"2009 Cadillac STS (foreign used), a premium sedan well suited to daily commuting and city driving — a good fit for urban professionals. Comes with leather seats. A solid pick for luxury lovers who want a standout badge.",
Stratus,Dodge,2004,81000,218612,Gasoline,Manual,Sedan,foreign_used,5,White,,"2004 Dodge Stratus (foreign used), a budget-friendly sedan well suited to daily commuting and city driving — a good fit for urban professionals.",
Stratus,Dodge,2005,90000,279213,Gasoline,Automatic,Sedan,foreign_used,5,Gray,,"2005 Dodge Stratus (foreign used), a budget-friendly sedan well suited to daily commuting and city driving — a good fit for urban professionals.",
Stealth,Dodge,1996,99500,280000,Gasoline,Manual,Coupe,foreign_used,4,Silver,All-Wheel Drive,"1996 Dodge Stealth (foreign used), a budget-friendly coupe well suited to weekend drives and spirited handling — a good fit for lifestyle-focused drivers. Comes with all-wheel drive.",
Stealth,Dodge,1994,92500,280000,Gasoline,Manual,Coupe,foreign_used,4,Gray,All-Wheel Drive,"1994 Dodge Stealth (foreign used), a budget-friendly coupe well suited to weekend drives and spirited handling — a good fit for lifestyle-focused drivers. Comes with all-wheel drive.",
Stealth,Dodge,1995,93000,280000,Gasoline,Manual,Coupe,local_used,4,White,,"1995 Dodge Stealth (locally used), a budget-friendly coupe well suited to weekend drives and spirited handling — a good fit for lifestyle-focused drivers.",
Equinox,Chevrolet,2016,232000,103864,Gasoline,Automatic,SUV,foreign_used,7,White,,"2016 Chevrolet Equinox (foreign used), a well-priced suv well suited to family trips and weekend getaways — a good fit for family-oriented drivers.",
Equinox,Chevrolet,2017,245500,117282,Gasoline,Automatic,SUV,local_used,7,Red,,"2017 Chevrolet Equinox (locally used), a well-priced suv well suited to family trips and weekend getaways — a good fit for family-oriented drivers.",
Equinox,Chevrolet,2015,251500,100301,Gasoline,Automatic,SUV,local_used,7,Gray,,"2015 Chevrolet Equinox (locally used), a well-priced suv well suited to family trips and weekend getaways — a good fit for family-oriented drivers.",
SSR,Chevrolet,2006,190000,192493,Gasoline,Automatic,Truck,foreign_used,2,Red,,"2006 Chevrolet SSR (foreign used), a well-priced truck well suited to hauling and rough roads — a good fit for adventure seekers.",
SRX,Cadillac,2016,411000,137995,Gasoline,Automatic,SUV,foreign_used,7,Gray,Leather Seats; All-Wheel Drive,"2016 Cadillac SRX (foreign used), a premium suv well suited to family trips and weekend getaways — a good fit for family-oriented drivers. Comes with leather seats. A solid pick for luxury lovers who want a standout badge.",
SS,Chevrolet,2014,176000,120855,Gasoline,Automatic,Sedan,foreign_used,5,Silver,,"2014 Chevrolet SS (foreign used), a well-priced sedan well suited to daily commuting and city driving — a good fit for urban professionals.",
SS,Chevrolet,2015,181500,142081,Gasoline,Automatic,Sedan,local_used,5,Gray,,"2015 Chevrolet SS (locally used), a well-priced sedan well suited to daily commuting and city driving — a good fit for urban professionals.",
SS,Chevrolet,2016,190000,104291,Gasoline,Automatic,Sedan,local_used,5,Red,,"2016 Chevrolet SS (locally used), a well-priced sedan well suited to daily commuting and city driving — a good fit for urban professionals.",
SSR,Chevrolet,2004,191000,211126,Gasoline,Automatic,Truck,foreign_used,2,Silver,,"2004 Chevrolet SSR (foreign used), a well-priced truck well suited to hauling and rough roads — a good fit for adventure seekers.",
SSR,Chevrolet,2005,202500,219640,Gasoline,Automatic,Truck,local_used,2,Silver,,"2005 Chevrolet SSR (locally used), a well-priced truck well suited to hauling and rough roads — a good fit for adventure seekers.",
SRX,Cadillac,2015,436500,146670,Gasoline,Automatic,SUV,foreign_used,7,White,Leather Seats; All-Wheel Drive,"2015 Cadillac SRX (foreign used), a premium suv well suited to family trips and weekend getaways — a good fit for family-oriented drivers. Comes with leather seats. A solid pick for luxury lovers who want a standout badge.",
SRX,Cadillac,2014,385000,169610,Gasoline,Automatic,SUV,local_used,7,Silver,Leather Seats,"2014 Cadillac SRX (locally used), a premium suv well suited to family trips and weekend getaways — a good fit for family-oriented drivers. Comes with leather seats. A solid pick for luxury lovers who want a standout badge.",
ES 350,Lexus,2017,329000,125832,Gasoline,Automatic,Sedan,local_used,5,Gray,Leather Seats,"2017 Lexus ES 350 (locally used), a premium sedan well suited to daily commuting and city driving — a good fit for urban professionals. Comes with leather seats. A solid pick for luxury lovers who want a standout badge.",
Escalade ESV,Cadillac,2015,418000,125214,Gasoline,Automatic,SUV,foreign_used,7,Black,Leather Seats; All-Wheel Drive,"2015 Cadillac Escalade ESV (foreign used), a premium suv well suited to family trips and weekend getaways — a good fit for family-oriented drivers. Comes with leather seats. A solid pick for luxury lovers who want a standout badge.",
ES 300,Lexus,2002,144500,280000,Gasoline,Automatic,Sedan,foreign_used,5,White,Leather Seats,"2002 Lexus ES 300 (foreign used), a well-priced sedan well suited to daily commuting and city driving — a good fit for urban professionals. Comes with leather seats.",
ES 300,Lexus,2003,143000,235288,Gasoline,Automatic,Sedan,foreign_used,5,Black,Leather Seats,"2003 Lexus ES 300 (foreign used), a well-priced sedan well suited to daily commuting and city driving — a good fit for urban professionals. Comes with leather seats.",
ES 330,Lexus,2004,160500,236696,Gasoline,Automatic,Sedan,foreign_used,5,Black,Leather Seats,"2004 Lexus ES 330 (foreign used), a well-priced sedan well suited to daily commuting and city driving — a good fit for urban professionals. Comes with leather seats.",
ES 330,Lexus,2005,147500,280000,Gasoline,Automatic,Sedan,local_used,5,White,Leather Seats,"2005 Lexus ES 330 (locally used), a well-priced sedan well suited to daily commuting and city driving — a good fit for urban professionals. Comes with leather seats.",
ES 330,Lexus,2006,203000,181560,Gasoline,Automatic,Sedan,foreign_used,5,Black,Leather Seats,"2006 Lexus ES 330 (foreign used), a well-priced sedan well suited to daily commuting and city driving — a good fit for urban professionals. Comes with leather seats.",
ES 350,Lexus,2015,310500,104644,Gasoline,Automatic,Sedan,foreign_used,5,Red,Leather Seats,"2015 Lexus ES 350 (foreign used), a premium sedan well suited to daily commuting and city driving — a good fit for urban professionals. Comes with leather seats. A solid pick for luxury lovers who want a standout badge.",
ES 350,Lexus,2016,331500,102473,Gasoline,Automatic,Sedan,foreign_used,5,Silver,Leather Seats,"2016 Lexus ES 350 (foreign used), a premium sedan well suited to daily commuting and city driving — a good fit for urban professionals. Comes with leather seats. A solid pick for luxury lovers who want a standout badge.",
Equus,Hyundai,2016,200000,91592,Gasoline,Automatic,Sedan,local_used,5,White,Leather Seats,"2016 Hyundai Equus (locally used), a well-priced sedan well suited to daily commuting and city driving — a good fit for urban professionals. Comes with leather seats.",
ES 250,Lexus,1990,71000,280000,Gasoline,Manual,Sedan,foreign_used,5,White,Leather Seats,"1990 Lexus ES 250 (foreign used), a budget-friendly sedan well suited to daily commuting and city driving — a good fit for urban professionals. Comes with leather seats.",
ES 250,Lexus,1991,83500,280000,Gasoline,Manual,Sedan,foreign_used,5,Gray,Leather Seats,"1991 Lexus ES 250 (foreign used), a budget-friendly sedan well suited to daily commuting and city driving — a good fit for urban professionals. Comes with leather seats.",
ES 300h,Lexus,2015,262000,126814,Gasoline,Automatic,Sedan,foreign_used,5,Black,Leather Seats,"2015 Lexus ES 300h (foreign used), a premium sedan well suited to daily commuting and city driving — a good fit for urban professionals. Comes with leather seats. A solid pick for luxury lovers who want a standout badge.",
ES 300h,Lexus,2016,299500,143560,Gasoline,Automatic,Sedan,local_used,5,Blue,Leather Seats,"2016 Lexus ES 300h (locally used), a premium sedan well suited to daily commuting and city driving — a good fit for urban professionals. Comes with leather seats. A solid pick for luxury lovers who want a standout badge.",
ES 300h,Lexus,2017,275500,125142,Gasoline,Automatic,Sedan,local_used,5,Gray,Leather Seats,"2017 Lexus ES 300h (locally used), a premium sedan well suited to daily commuting and city driving — a good fit for urban professionals. Comes with leather seats. A solid pick for luxury lovers who want a standout badge.",
ES 300,Lexus,2001,141000,276273,Gasoline,Automatic,Sedan,foreign_used,5,Blue,Leather Seats,"2001 Lexus ES 300 (foreign used), a well-priced sedan well suited to daily commuting and city driving — a good fit for urban professionals. Comes with leather seats.",
Equus,Hyundai,2014,182000,126678,Gasoline,Automatic,Sedan,foreign_used,5,Black,Leather Seats,"2014 Hyundai Equus (foreign used), a well-priced sedan well suited to daily commuting and city driving — a good fit for urban professionals. Comes with leather seats.",
Equus,Hyundai,2015,197000,124060,Gasoline,Automatic,Sedan,foreign_used,5,Gray,Leather Seats,"2015 Hyundai Equus (foreign used), a well-priced sedan well suited to daily commuting and city driving — a good fit for urban professionals. Comes with leather seats.",
Escalade EXT,Cadillac,2011,425000,188127,Gasoline,Automatic,Truck,foreign_used,2,Black,Leather Seats; All-Wheel Drive,"2011 Cadillac Escalade EXT (foreign used), a premium truck well suited to hauling and rough roads — a good fit for adventure seekers. Comes with leather seats. A solid pick for luxury lovers who want a standout badge.",
Escalade EXT,Cadillac,2012,463000,148517,Gasoline,Automatic,Truck,foreign_used,2,Red,Leather Seats; All-Wheel Drive,"2012 Cadillac Escalade EXT (foreign used), a premium truck well suited to hauling and rough roads — a good fit for adventure seekers. Comes with leather seats. A solid pick for luxury lovers who want a standout badge.",
Escalade EXT,Cadillac,2013,426000,165684,Gasoline,Automatic,Truck,local_used,2,Silver,Leather Seats; All-Wheel Drive,"2013 Cadillac Escalade EXT (locally used), a premium truck well suited to hauling and rough roads — a good fit for adventure seekers. Comes with leather seats. A solid pick for luxury lovers who want a standout badge.",
Escalade ESV,Cadillac,2017,474000,103108,Gasoline,Automatic,SUV,foreign_used,7,Black,Leather Seats,"2017 Cadillac Escalade ESV (foreign used), a premium suv well suited to family trips and weekend getaways — a good fit for family-oriented drivers. Comes with leather seats. A solid pick for luxury lovers who want a standout badge.",
Escalade ESV,Cadillac,2016,483500,123123,Gasoline,Automatic,SUV,local_used,7,Black,Leather Seats; All-Wheel Drive,"2016 Cadillac Escalade ESV (locally used), a premium suv well suited to family trips and weekend getaways — a good fit for family-oriented drivers. Comes with leather seats. A solid pick for luxury lovers who want a standout badge.",
Escalade,Cadillac,2015,459000,127784,Gasoline,Automatic,SUV,foreign_used,7,White,Leather Seats; All-Wheel Drive,"2015 Cadillac Escalade (foreign used), a premium suv well suited to family trips and weekend getaways — a good fit for family-oriented drivers. Comes with leather seats. A solid pick for luxury lovers who want a standout badge.",
Escalade,Cadillac,2016,520500,107668,Gasoline,Automatic,SUV,local_used,7,Gray,Leather Seats,"2016 Cadillac Escalade (locally used), a premium suv well suited to family trips and weekend getaways — a good fit for family-oriented drivers. Comes with leather seats. A solid pick for luxury lovers who want a standout badge.",
Escalade Hybrid,Cadillac,2013,355000,190979,Gasoline,Automatic,SUV,local_used,7,White,Leather Seats,"2013 Cadillac Escalade Hybrid (locally used), a premium suv well suited to family trips and weekend getaways — a good fit for family-oriented drivers. Comes with leather seats. A solid pick for luxury lovers who want a standout badge.",
Escalade Hybrid,Cadillac,2011,319500,203725,Gasoline,Automatic,SUV,foreign_used,7,Silver,Leather Seats; All-Wheel Drive,"2011 Cadillac Escalade Hybrid (foreign used), a well-priced suv well suited to family trips and weekend getaways — a good fit for family-oriented drivers. Comes with leather seats.",
Escalade Hybrid,Cadillac,2012,406500,137770,Gasoline,Automatic,SUV,foreign_used,7,Black,Leather Seats; All-Wheel Drive,"2012 Cadillac Escalade Hybrid (foreign used), a premium suv well suited to family trips and weekend getaways — a good fit for family-oriented drivers. Comes with leather seats. A solid pick for luxury lovers who want a standout badge.",
Escape,Ford,2015,184000,156319,Gasoline,Automatic,SUV,foreign_used,7,Gray,All-Wheel Drive,"2015 Ford Escape (foreign used), a budget-friendly suv well suited to family trips and weekend getaways — a good fit for family-oriented drivers. Comes with all-wheel drive.",
Escape,Ford,2016,226000,119246,Gasoline,Automatic,SUV,foreign_used,7,Blue,All-Wheel Drive,"2016 Ford Escape (foreign used), a well-priced suv well suited to family trips and weekend getaways — a good fit for family-oriented drivers. Comes with all-wheel drive.",
Escape Hybrid,Ford,2010,164500,229877,Gasoline,Automatic,SUV,foreign_used,7,Gray,All-Wheel Drive,"2010 Ford Escape Hybrid (foreign used), a budget-friendly suv well suited to family trips and weekend getaways — a good fit for family-oriented drivers. Comes with all-wheel drive.",
Escape Hybrid,Ford,2011,172000,206987,Gasoline,Automatic,SUV,foreign_used,7,Gray,,"2011 Ford Escape Hybrid (foreign used), a budget-friendly suv well suited to family trips and weekend getaways — a good fit for family-oriented drivers.",
Escalade,Cadillac,2017,493000,103962,Gasoline,Automatic,SUV,local_used,7,White,Leather Seats,"2017 Cadillac Escalade (locally used), a premium suv well suited to family trips and weekend getaways — a good fit for family-oriented drivers. Comes with leather seats. A solid pick for luxury lovers who want a standout badge.",
Escape Hybrid,Ford,2009,190000,155292,Gasoline,Automatic,SUV,foreign_used,7,White,,"2009 Ford Escape Hybrid (foreign used), a well-priced suv well suited to family trips and weekend getaways — a good fit for family-oriented drivers.",
Esprit,Lotus,2004,253500,233465,Gasoline,Manual,Coupe,local_used,4,Gray,,"2004 Lotus Esprit (locally used), a well-priced coupe well suited to weekend drives and spirited handling — a good fit for lifestyle-focused drivers.",
Esprit,Lotus,2002,220000,280000,Gasoline,Manual,Coupe,foreign_used,4,Black,,"2002 Lotus Esprit (foreign used), a well-priced coupe well suited to weekend drives and spirited handling — a good fit for lifestyle-focused drivers.",
Esprit,Lotus,2003,207500,280000,Gasoline,Manual,Coupe,local_used,4,Black,,"2003 Lotus Esprit (locally used), a well-priced coupe well suited to weekend drives and spirited handling — a good fit for lifestyle-focused drivers.",
Escape,Ford,2017,223500,94926,Gasoline,Automatic,SUV,foreign_used,7,White,,"2017 Ford Escape (foreign used), a well-priced suv well suited to family trips and weekend getaways — a good fit for family-oriented drivers.",
SQ5,Audi,2017,521500,88525,Gasoline,Automatic,SUV,local_used,7,Black,Leather Seats; All-Wheel Drive,"2017 Audi SQ5 (locally used), a premium suv well suited to family trips and weekend getaways — a good fit for family-oriented drivers. Comes with leather seats. A solid pick for luxury lovers who want a standout badge.",
SRT Viper,Dodge,2013,236000,182125,Gasoline,Manual,Coupe,foreign_used,4,White,,"2013 Dodge SRT Viper (foreign used), a well-priced coupe well suited to weekend drives and spirited handling — a good fit for lifestyle-focused drivers.",
SRT Viper,Dodge,2014,232500,178877,Gasoline,Manual,Coupe,foreign_used,4,Blue,,"2014 Dodge SRT Viper (foreign used), a well-priced coupe well suited to weekend drives and spirited handling — a good fit for lifestyle-focused drivers.",
Spyder,Maserati,2004,381000,267391,Gasoline,Automatic,Convertible,foreign_used,4,Black,Leather Seats,"2004 Maserati Spyder (foreign used), a well-priced convertible well suited to weekend adventures and open-top cruising — a good fit for adventure seekers and luxury lovers. Comes with leather seats.",
Spyder,Maserati,2005,417000,210632,Gasoline,Manual,Convertible,foreign_used,4,Silver,Leather Seats,"2005 Maserati Spyder (foreign used), a well-priced convertible well suited to weekend adventures and open-top cruising — a good fit for adventure seekers and luxury lovers. Comes with leather seats.",
SQ5,Audi,2015,476000,116972,Gasoline,Automatic,SUV,foreign_used,7,White,Leather Seats; All-Wheel Drive,"2015 Audi SQ5 (foreign used), a premium suv well suited to family trips and weekend getaways — a good fit for family-oriented drivers. Comes with leather seats. A solid pick for luxury lovers who want a standout badge.",
SQ5,Audi,2016,531500,91103,Gasoline,Automatic,SUV,foreign_used,7,Gray,Leather Seats; All-Wheel Drive,"2016 Audi SQ5 (foreign used), a premium suv well suited to family trips and weekend getaways — a good fit for family-oriented drivers. Comes with leather seats. A solid pick for luxury lovers who want a standout badge.",
Spyder,Maserati,2003,412500,280000,Gasoline,Manual,Convertible,foreign_used,4,Black,Leather Seats,"2003 Maserati Spyder (foreign used), a well-priced convertible well suited to weekend adventures and open-top cruising — a good fit for adventure seekers and luxury lovers. Comes with leather seats.",
Sportage,Kia,2017,267500,87359,Gasoline,Automatic,SUV,local_used,7,Red,All-Wheel Drive,"2017 Kia Sportage (locally used), a well-priced suv well suited to family trips and weekend getaways — a good fit for family-oriented drivers. Comes with all-wheel drive.",
Evora 400,Lotus,2017,425500,112132,Gasoline,Manual,Coupe,foreign_used,4,Red,,"2017 Lotus Evora 400 (foreign used), a premium coupe well suited to weekend drives and spirited handling — a good fit for lifestyle-focused drivers. A solid pick for luxury lovers who want a standout badge.",
Evora,Lotus,2011,371000,159665,Gasoline,Manual,Coupe,foreign_used,4,Black,,"2011 Lotus Evora (foreign used), a premium coupe well suited to weekend drives and spirited handling — a good fit for lifestyle-focused drivers. A solid pick for luxury lovers who want a standout badge.",
Evora,Lotus,2013,387500,160226,Gasoline,Manual,Coupe,local_used,4,Red,,"2013 Lotus Evora (locally used), a premium coupe well suited to weekend drives and spirited handling — a good fit for lifestyle-focused drivers. A solid pick for luxury lovers who want a standout badge.",
Evora,Lotus,2014,364500,154902,Gasoline,Manual,Coupe,foreign_used,4,Orange,,"2014 Lotus Evora (foreign used), a premium coupe well suited to weekend drives and spirited handling — a good fit for lifestyle-focused drivers. A solid pick for luxury lovers who want a standout badge.",
Sportage,Kia,2015,218500,153763,Gasoline,Automatic,SUV,foreign_used,7,Blue,All-Wheel Drive,"2015 Kia Sportage (foreign used), a well-priced suv well suited to family trips and weekend getaways — a good fit for family-oriented drivers. Comes with all-wheel drive.",
Sportage,Kia,2016,221000,102385,Gasoline,Automatic,SUV,foreign_used,7,Blue,All-Wheel Drive,"2016 Kia Sportage (foreign used), a well-priced suv well suited to family trips and weekend getaways — a good fit for family-oriented drivers. Comes with all-wheel drive.",
Excel,Hyundai,1994,27000,280000,Gasoline,Manual,Hatchback,local_used,5,Black,,"1994 Hyundai Excel (locally used), a budget-friendly hatchback well suited to quick city runs and easy parking — a good fit for budget-conscious buyers.",
Exige,Lotus,2009,307000,166962,Gasoline,Manual,Coupe,local_used,4,Silver,,"2009 Lotus Exige (locally used), a well-priced coupe well suited to weekend drives and spirited handling — a good fit for lifestyle-focused drivers.",
Exige,Lotus,2010,255500,230402,Gasoline,Manual,Coupe,local_used,4,White,,"2010 Lotus Exige (locally used), a well-priced coupe well suited to weekend drives and spirited handling — a good fit for lifestyle-focused drivers.",
Exige,Lotus,2011,277500,213650,Gasoline,Manual,Coupe,foreign_used,4,White,,"2011 Lotus Exige (foreign used), a well-priced coupe well suited to weekend drives and spirited handling — a good fit for lifestyle-focused drivers.",
Excel,Hyundai,1992,26500,280000,Gasoline,Manual,Hatchback,local_used,5,Orange,,"1992 Hyundai Excel (locally used), a budget-friendly hatchback well suited to quick city runs and easy parking — a good fit for budget-conscious buyers.",
Excel,Hyundai,1993,28500,280000,Gasoline,Manual,Hatchback,foreign_used,5,Black,,"1993 Hyundai Excel (foreign used), a budget-friendly hatchback well suited to quick city runs and easy parking — a good fit for budget-conscious buyers.",
EX35,Infiniti,2009,249500,220834,Gasoline,Automatic,SUV,foreign_used,7,Gray,Leather Seats; All-Wheel Drive,"2009 Infiniti EX35 (foreign used), a well-priced suv well suited to family trips and weekend getaways — a good fit for family-oriented drivers. Comes with leather seats.",
EX35,Infiniti,2010,293500,160836,Gasoline,Automatic,SUV,foreign_used,7,Blue,Leather Seats,"2010 Infiniti EX35 (foreign used), a well-priced suv well suited to family trips and weekend getaways — a good fit for family-oriented drivers. Comes with leather seats.",
EX35,Infiniti,2008,208000,260756,Gasoline,Automatic,SUV,foreign_used,7,Blue,Leather Seats,"2008 Infiniti EX35 (foreign used), a well-priced suv well suited to family trips and weekend getaways — a good fit for family-oriented drivers. Comes with leather seats.",
EX,Infiniti,2013,362500,149664,Gasoline,Automatic,SUV,foreign_used,7,Orange,Leather Seats,"2013 Infiniti EX (foreign used), a premium suv well suited to family trips and weekend getaways — a good fit for family-oriented drivers. Comes with leather seats. A solid pick for luxury lovers who want a standout badge.",
EX,Infiniti,2011,304000,169482,Gasoline,Automatic,SUV,foreign_used,7,Black,Leather Seats,"2011 Infiniti EX (foreign used), a well-priced suv well suited to family trips and weekend getaways — a good fit for family-oriented drivers. Comes with leather seats.",
EX,Infiniti,2012,314000,169589,Gasoline,Automatic,SUV,foreign_used,7,White,Leather Seats,"2012 Infiniti EX (foreign used), a well-priced suv well suited to family trips and weekend getaways — a good fit for family-oriented drivers. Comes with leather seats.",
Spark,Chevrolet,2017,109000,83536,Gasoline,Automatic,Hatchback,foreign_used,5,Black,,"2017 Chevrolet Spark (foreign used), a premium hatchback well suited to quick city runs and easy parking — a good fit for budget-conscious buyers.",
Spark,Chevrolet,2016,94000,99977,Gasoline,Automatic,Hatchback,local_used,5,White,,"2016 Chevrolet Spark (locally used), a well-priced hatchback well suited to quick city runs and easy parking — a good fit for budget-conscious buyers.",
Spark,Chevrolet,2015,83000,147710,Gasoline,Automatic,Hatchback,foreign_used,5,White,,"2015 Chevrolet Spark (foreign used), a well-priced hatchback well suited to quick city runs and easy parking — a good fit for budget-conscious buyers.",
Spark EV,Chevrolet,2014,99500,113962,Electric,Automatic,Hatchback,local_used,5,Black,,"2014 Chevrolet Spark EV (locally used), a well-priced hatchback well suited to quick city runs and easy parking — a good fit for budget-conscious buyers. A electric powertrain keeps running costs low for eco-conscious drivers.",
Spark EV,Chevrolet,2015,86500,138808,Electric,Automatic,Hatchback,foreign_used,5,Blue,,"2015 Chevrolet Spark EV (foreign used), a well-priced hatchback well suited to quick city runs and easy parking — a good fit for budget-conscious buyers. A electric powertrain keeps running costs low for eco-conscious drivers.",
Spark EV,Chevrolet,2016,110000,104721,Electric,Automatic,Hatchback,local_used,5,Silver,,"2016 Chevrolet Spark EV (locally used), a premium hatchback well suited to quick city runs and easy parking — a good fit for budget-conscious buyers. A electric powertrain keeps running costs low for eco-conscious drivers.",
Explorer Sport Trac,Ford,2009,200000,192708,Gasoline,Automatic,Truck,foreign_used,2,Black,,"2009 Ford Explorer Sport Trac (foreign used), a well-priced truck well suited to hauling and rough roads — a good fit for adventure seekers.",
Sorento,Kia,2017,283500,96589,Gasoline,Automatic,SUV,foreign_used,7,Gray,,"2017 Kia Sorento (foreign used), a well-priced suv well suited to family trips and weekend getaways — a good fit for family-oriented drivers.",
Sorento,Kia,2016,225000,111340,Gasoline,Automatic,SUV,foreign_used,7,White,All-Wheel Drive,"2016 Kia Sorento (foreign used), a well-priced suv well suited to family trips and weekend getaways — a good fit for family-oriented drivers. Comes with all-wheel drive.",
Sorento,Kia,2015,239500,146457,Gasoline,Automatic,SUV,foreign_used,7,White,All-Wheel Drive,"2015 Kia Sorento (foreign used), a well-priced suv well suited to family trips and weekend getaways — a good fit for family-oriented drivers. Comes with all-wheel drive.",
Sonoma,GMC,2003,133000,248003,Gasoline,Automatic,Truck,local_used,2,Gray,,"2003 GMC Sonoma (locally used), a budget-friendly truck well suited to hauling and rough roads — a good fit for adventure seekers.",
Explorer,Ford,2015,248500,136383,Gasoline,Automatic,SUV,foreign_used,7,Silver,,"2015 Ford Explorer (foreign used), a well-priced suv well suited to family trips and weekend getaways — a good fit for family-oriented drivers.",
Explorer Sport Trac,Ford,2010,229000,189701,Gasoline,Automatic,Truck,foreign_used,2,Gray,,"2010 Ford Explorer Sport Trac (foreign used), a well-priced truck well suited to hauling and rough roads — a good fit for adventure seekers.",
Expo,Mitsubishi,1993,28000,280000,Gasoline,Manual,Hatchback,local_used,5,White,All-Wheel Drive,"1993 Mitsubishi Expo (locally used), a budget-friendly hatchback well suited to quick city runs and easy parking — a good fit for budget-conscious buyers. Comes with all-wheel drive.",
Expo,Mitsubishi,1994,31000,280000,Gasoline,Manual,Hatchback,foreign_used,5,Blue,All-Wheel Drive,"1994 Mitsubishi Expo (foreign used), a budget-friendly hatchback well suited to quick city runs and easy parking — a good fit for budget-conscious buyers. Comes with all-wheel drive.",
Explorer,Ford,2017,252500,120559,Gasoline,Automatic,SUV,foreign_used,7,Silver,,"2017 Ford Explorer (foreign used), a well-priced suv well suited to family trips and weekend getaways — a good fit for family-oriented drivers.",
Explorer,Ford,2016,269000,102896,Gasoline,Automatic,SUV,foreign_used,7,Silver,,"2016 Ford Explorer (foreign used), a well-priced suv well suited to family trips and weekend getaways — a good fit for family-oriented drivers.",
Express,Chevrolet,2016,356000,91871,Gasoline,Automatic,Wagon,foreign_used,5,Silver,,"2016 Chevrolet Express (foreign used), a premium wagon well suited to family trips with plenty of cargo room — a good fit for family-oriented drivers.",
Express,Chevrolet,2014,325000,126883,Gasoline,Automatic,Wagon,foreign_used,5,Blue,,"2014 Chevrolet Express (foreign used), a premium wagon well suited to family trips with plenty of cargo room — a good fit for family-oriented drivers.",
Express,Chevrolet,2015,302500,138275,Gasoline,Automatic,Wagon,foreign_used,5,Silver,,"2015 Chevrolet Express (foreign used), a premium wagon well suited to family trips with plenty of cargo room — a good fit for family-oriented drivers.",
Expo,Mitsubishi,1995,33500,280000,Gasoline,Automatic,Hatchback,local_used,5,Silver,All-Wheel Drive,"1995 Mitsubishi Expo (locally used), a budget-friendly hatchback well suited to quick city runs and easy parking — a good fit for budget-conscious buyers. Comes with all-wheel drive.",
Express Cargo,Chevrolet,2014,294500,143738,Gasoline,Automatic,Wagon,foreign_used,5,Orange,All-Wheel Drive,"2014 Chevrolet Express Cargo (foreign used), a premium wagon well suited to family trips with plenty of cargo room — a good fit for family-oriented drivers. Comes with all-wheel drive.",
Sonoma,GMC,2002,138000,280000,Gasoline,Automatic,Truck,foreign_used,2,Gray,,"2002 GMC Sonoma (foreign used), a budget-friendly truck well suited to hauling and rough roads — a good fit for adventure seekers.",
Sonic,Chevrolet,2017,103000,99049,Gasoline,Manual,Hatchback,foreign_used,5,Black,,"2017 Chevrolet Sonic (foreign used), a well-priced hatchback well suited to quick city runs and easy parking — a good fit for budget-conscious buyers.",
Sonic,Chevrolet,2016,87000,136255,Gasoline,Manual,Hatchback,local_used,5,Gray,,"2016 Chevrolet Sonic (locally used), a well-priced hatchback well suited to quick city runs and easy parking — a good fit for budget-conscious buyers.",
F-150,Ford,2015,335500,106035,Gasoline,Automatic,Truck,local_used,2,Black,All-Wheel Drive,"2015 Ford F-150 (locally used), a premium truck well suited to hauling and rough roads — a good fit for adventure seekers. Comes with all-wheel drive.",
F-150 SVT Lightning,Ford,1999,116500,255172,Gasoline,Automatic,Truck,foreign_used,2,White,,"1999 Ford F-150 SVT Lightning (foreign used), a budget-friendly truck well suited to hauling and rough roads — a good fit for adventure seekers.",
F-150 SVT Lightning,Ford,2000,128500,280000,Gasoline,Automatic,Truck,local_used,2,Silver,,"2000 Ford F-150 SVT Lightning (locally used), a budget-friendly truck well suited to hauling and rough roads — a good fit for adventure seekers.",
F-150,Ford,2016,342500,119729,Gasoline,Automatic,Truck,foreign_used,2,Red,,"2016 Ford F-150 (foreign used), a premium truck well suited to hauling and rough roads — a good fit for adventure seekers.",
F-150,Ford,2017,346500,118174,Gasoline,Automatic,Truck,foreign_used,2,Red,,"2017 Ford F-150 (foreign used), a premium truck well suited to hauling and rough roads — a good fit for adventure seekers.",
Sonic,Chevrolet,2015,96500,127699,Gasoline,Manual,Hatchback,foreign_used,5,Black,,"2015 Chevrolet Sonic (foreign used), a well-priced hatchback well suited to quick city runs and easy parking — a good fit for budget-conscious buyers.",
Sonata,Hyundai,2017,181000,94306,Gasoline,Automatic,Sedan,foreign_used,5,Silver,,"2017 Hyundai Sonata (foreign used), a well-priced sedan well suited to daily commuting and city driving — a good fit for urban professionals.",
Sonata,Hyundai,2016,162500,139146,Gasoline,Automatic,Sedan,foreign_used,5,White,,"2016 Hyundai Sonata (foreign used), a well-priced sedan well suited to daily commuting and city driving — a good fit for urban professionals.",
Sonata,Hyundai,2015,164500,151761,Gasoline,Automatic,Sedan,local_used,5,Orange,,"2015 Hyundai Sonata (locally used), a well-priced sedan well suited to daily commuting and city driving — a good fit for urban professionals.",
Sonata Hybrid,Hyundai,2016,181000,131682,Gasoline,Automatic,Sedan,foreign_used,5,Orange,,"2016 Hyundai Sonata Hybrid (foreign used), a well-priced sedan well suited to daily commuting and city driving — a good fit for urban professionals.",
Sonata Hybrid,Hyundai,2017,169000,95696,Gasoline,Automatic,Sedan,local_used,5,Gray,,"2017 Hyundai Sonata Hybrid (locally used), a well-priced sedan well suited to daily commuting and city driving — a good fit for urban professionals.",
Solstice,Pontiac,2009,167500,213204,Gasoline,Manual,Coupe,foreign_used,4,Blue,,"2009 Pontiac Solstice (foreign used), a budget-friendly coupe well suited to weekend drives and spirited handling — a good fit for lifestyle-focused drivers.",
Sonata Hybrid,Hyundai,2015,166500,122824,Gasoline,Automatic,Sedan,foreign_used,5,Gray,,"2015 Hyundai Sonata Hybrid (foreign used), a well-priced sedan well suited to daily commuting and city driving — a good fit for urban professionals.",
F12 Berlinetta,Ferrari,2013,427000,124143,Gasoline,Automatic,Coupe,foreign_used,4,Silver,,"2013 Ferrari F12 Berlinetta (foreign used), a premium coupe well suited to weekend drives and spirited handling — a good fit for lifestyle-focused drivers. A solid pick for luxury lovers who want a standout badge.",
F12 Berlinetta,Ferrari,2014,381500,174047,Gasoline,Automatic,Coupe,foreign_used,4,White,,"2014 Ferrari F12 Berlinetta (foreign used), a premium coupe well suited to weekend drives and spirited handling — a good fit for lifestyle-focused drivers. A solid pick for luxury lovers who want a standout badge.",
F12 Berlinetta,Ferrari,2015,477000,108030,Gasoline,Automatic,Coupe,foreign_used,4,Black,,"2015 Ferrari F12 Berlinetta (foreign used), a premium coupe well suited to weekend drives and spirited handling — a good fit for lifestyle-focused drivers. A solid pick for luxury lovers who want a standout badge.",
F430,Ferrari,2007,266500,279327,Gasoline,Manual,Coupe,foreign_used,4,Gray,,"2007 Ferrari F430 (foreign used), a well-priced coupe well suited to weekend drives and spirited handling — a good fit for lifestyle-focused drivers.",
SLX,Acura,1999,141000,280000,Gasoline,Automatic,SUV,foreign_used,7,Gray,Leather Seats; All-Wheel Drive,"1999 Acura SLX (foreign used), a budget-friendly suv well suited to family trips and weekend getaways — a good fit for family-oriented drivers. Comes with leather seats.",
Solstice,Pontiac,2007,237500,192105,Gasoline,Manual,Convertible,foreign_used,4,Black,,"2007 Pontiac Solstice (foreign used), a budget-friendly convertible well suited to weekend adventures and open-top cruising — a good fit for adventure seekers and luxury lovers.",
Solstice,Pontiac,2008,249500,220525,Gasoline,Manual,Convertible,local_used,4,Red,,"2008 Pontiac Solstice (locally used), a budget-friendly convertible well suited to weekend adventures and open-top cruising — a good fit for adventure seekers and luxury lovers.",
SLS AMG GT,Mercedes-Benz,2014,355000,170852,Gasoline,Automatic,Coupe,foreign_used,4,White,Leather Seats,"2014 Mercedes-Benz SLS AMG GT (foreign used), a premium coupe well suited to weekend drives and spirited handling — a good fit for lifestyle-focused drivers. Comes with leather seats. A solid pick for luxury lovers who want a standout badge.",
SLS AMG,Mercedes-Benz,2011,300500,200900,Gasoline,Automatic,Coupe,foreign_used,4,Silver,Leather Seats,"2011 Mercedes-Benz SLS AMG (foreign used), a well-priced coupe well suited to weekend drives and spirited handling — a good fit for lifestyle-focused drivers. Comes with leather seats.",
SLS AMG,Mercedes-Benz,2012,332500,193751,Gasoline,Automatic,Coupe,foreign_used,4,Gray,Leather Seats,"2012 Mercedes-Benz SLS AMG (foreign used), a well-priced coupe well suited to weekend drives and spirited handling — a good fit for lifestyle-focused drivers. Comes with leather seats.",
SLX,Acura,1997,144000,280000,Gasoline,Automatic,SUV,local_used,7,Gray,Leather Seats; All-Wheel Drive,"1997 Acura SLX (locally used), a budget-friendly suv well suited to family trips and weekend getaways — a good fit for family-oriented drivers. Comes with leather seats.",
SLX,Acura,1998,157500,280000,Gasoline,Automatic,SUV,local_used,7,Gray,Leather Seats; All-Wheel Drive,"1998 Acura SLX (locally used), a budget-friendly suv well suited to family trips and weekend getaways — a good fit for family-oriented drivers. Comes with leather seats.",
SLR McLaren,Mercedes-Benz,2007,281500,267808,Gasoline,Automatic,Coupe,foreign_used,4,Black,Leather Seats,"2007 Mercedes-Benz SLR McLaren (foreign used), a well-priced coupe well suited to weekend drives and spirited handling — a good fit for lifestyle-focused drivers. Comes with leather seats.",
SLR McLaren,Mercedes-Benz,2008,616000,188964,Gasoline,Automatic,Convertible,foreign_used,4,White,Leather Seats,"2008 Mercedes-Benz SLR McLaren (foreign used), a well-priced convertible well suited to weekend adventures and open-top cruising — a good fit for adventure seekers and luxury lovers. Comes with leather seats.",
SLR McLaren,Mercedes-Benz,2009,580000,202921,Gasoline,Automatic,Convertible,foreign_used,4,Silver,Leather Seats,"2009 Mercedes-Benz SLR McLaren (foreign used), a well-priced convertible well suited to weekend adventures and open-top cruising — a good fit for adventure seekers and luxury lovers. Comes with leather seats.",
SLS AMG GT Final Edition,Mercedes-Benz,2015,438000,113600,Gasoline,Automatic,Coupe,local_used,4,Silver,Leather Seats,"2015 Mercedes-Benz SLS AMG GT Final Edition (locally used), a premium coupe well suited to weekend drives and spirited handling — a good fit for lifestyle-focused drivers. Comes with leather seats. A solid pick for luxury lovers who want a standout badge.",
SLS AMG GT,Mercedes-Benz,2013,320500,194038,Gasoline,Automatic,Coupe,foreign_used,4,White,Leather Seats,"2013 Mercedes-Benz SLS AMG GT (foreign used), a well-priced coupe well suited to weekend drives and spirited handling — a good fit for lifestyle-focused drivers. Comes with leather seats.",
SLK-Class,Mercedes-Benz,2014,609000,175972,Gasoline,Automatic,Convertible,foreign_used,4,Gray,Leather Seats,"2014 Mercedes-Benz SLK-Class (foreign used), a well-priced convertible well suited to weekend adventures and open-top cruising — a good fit for adventure seekers and luxury lovers. Comes with leather seats.",
SLK-Class,Mercedes-Benz,2015,722500,101602,Gasoline,Manual,Convertible,foreign_used,4,Black,Leather Seats,"2015 Mercedes-Benz SLK-Class (foreign used), a premium convertible well suited to weekend adventures and open-top cruising — a good fit for adventure seekers and luxury lovers. Comes with leather seats. A solid pick for luxury lovers who want a standout badge.",
SLK-Class,Mercedes-Benz,2016,758500,132335,Gasoline,Automatic,Convertible,foreign_used,4,Gray,Leather Seats,"2016 Mercedes-Benz SLK-Class (foreign used), a premium convertible well suited to weekend adventures and open-top cruising — a good fit for adventure seekers and luxury lovers. Comes with leather seats. A solid pick for luxury lovers who want a standout badge.",
Fiesta,Ford,2015,75000,160066,Gasoline,Manual,Hatchback,local_used,5,Blue,,"2015 Ford Fiesta (locally used), a well-priced hatchback well suited to quick city runs and easy parking — a good fit for budget-conscious buyers.",
Fiesta,Ford,2016,88500,100835,Gasoline,Manual,Hatchback,foreign_used,5,White,,"2016 Ford Fiesta (foreign used), a well-priced hatchback well suited to quick city runs and easy parking — a good fit for budget-conscious buyers.",
FF,Ferrari,2013,374500,161300,Gasoline,Automatic,Coupe,foreign_used,4,White,All-Wheel Drive,"2013 Ferrari FF (foreign used), a premium coupe well suited to weekend drives and spirited handling — a good fit for lifestyle-focused drivers. Comes with all-wheel drive. A solid pick for luxury lovers who want a standout badge.",
FF,Ferrari,2014,371500,173915,Gasoline,Automatic,Coupe,foreign_used,4,Gray,All-Wheel Drive,"2014 Ferrari FF (foreign used), a premium coupe well suited to weekend drives and spirited handling — a good fit for lifestyle-focused drivers. Comes with all-wheel drive. A solid pick for luxury lovers who want a standout badge.",
FF,Ferrari,2015,511000,101240,Gasoline,Automatic,Coupe,local_used,4,Silver,All-Wheel Drive,"2015 Ferrari FF (locally used), a premium coupe well suited to weekend drives and spirited handling — a good fit for lifestyle-focused drivers. Comes with all-wheel drive. A solid pick for luxury lovers who want a standout badge.",
F430,Ferrari,2009,277000,224137,Gasoline,Manual,Coupe,local_used,4,Gray,,"2009 Ferrari F430 (locally used), a well-priced coupe well suited to weekend drives and spirited handling — a good fit for lifestyle-focused drivers.",
Festiva,Ford,1991,26000,280000,Gasoline,Manual,Hatchback,foreign_used,5,Blue,,"1991 Ford Festiva (foreign used), a budget-friendly hatchback well suited to quick city runs and easy parking — a good fit for budget-conscious buyers.",
Festiva,Ford,1992,25500,280000,Gasoline,Manual,Hatchback,foreign_used,5,Blue,,"1992 Ford Festiva (foreign used), a budget-friendly hatchback well suited to quick city runs and easy parking — a good fit for budget-conscious buyers.",
Festiva,Ford,1993,29500,280000,Gasoline,Manual,Hatchback,local_used,5,Yellow,,"1993 Ford Festiva (locally used), a budget-friendly hatchback well suited to quick city runs and easy parking — a good fit for budget-conscious buyers.",
F430,Ferrari,2008,294500,263981,Gasoline,Automatic,Coupe,foreign_used,4,Silver,,"2008 Ferrari F430 (foreign used), a well-priced coupe well suited to weekend drives and spirited handling — a good fit for lifestyle-focused drivers.",
Fit EV,Honda,2014,90500,142143,Electric,Automatic,Hatchback,foreign_used,5,Silver,,"2014 Honda Fit EV (foreign used), a well-priced hatchback well suited to quick city runs and easy parking — a good fit for budget-conscious buyers. A electric powertrain keeps running costs low for eco-conscious drivers.",
Fit,Honda,2015,76000,155895,Gasoline,Manual,Hatchback,foreign_used,5,Black,,"2015 Honda Fit (foreign used), a well-priced hatchback well suited to quick city runs and easy parking — a good fit for budget-conscious buyers.",
Fit,Honda,2016,98500,140673,Gasoline,Automatic,Hatchback,local_used,5,White,,"2016 Honda Fit (locally used), a well-priced hatchback well suited to quick city runs and easy parking — a good fit for budget-conscious buyers.",
Firebird,Pontiac,2001,43000,272865,Gasoline,Manual,Hatchback,foreign_used,5,Silver,,"2001 Pontiac Firebird (foreign used), a budget-friendly hatchback well suited to quick city runs and easy parking — a good fit for budget-conscious buyers.",
Firebird,Pontiac,2002,209500,280000,Gasoline,Automatic,Convertible,local_used,4,Black,,"2002 Pontiac Firebird (locally used), a budget-friendly convertible well suited to weekend adventures and open-top cruising — a good fit for adventure seekers and luxury lovers.",
Fit EV,Honda,2013,91500,119887,Electric,Automatic,Hatchback,foreign_used,5,Red,,"2013 Honda Fit EV (foreign used), a well-priced hatchback well suited to quick city runs and easy parking — a good fit for budget-conscious buyers. A electric powertrain keeps running costs low for eco-conscious drivers.",
Firebird,Pontiac,2000,39500,280000,Gasoline,Manual,Hatchback,foreign_used,5,Silver,,"2000 Pontiac Firebird (foreign used), a budget-friendly hatchback well suited to quick city runs and easy parking — a good fit for budget-conscious buyers.",
Fiesta,Ford,2017,88000,93420,Gasoline,Manual,Hatchback,foreign_used,5,Silver,,"2017 Ford Fiesta (foreign used), a well-priced hatchback well suited to quick city runs and easy parking — a good fit for budget-conscious buyers.",
Fit,Honda,2017,110500,87511,Gasoline,Manual,Hatchback,foreign_used,5,Black,,"2017 Honda Fit (foreign used), a premium hatchback well suited to quick city runs and easy parking — a good fit for budget-conscious buyers.",
SL-Class,Mercedes-Benz,2016,913000,94617,Gasoline,Automatic,Convertible,foreign_used,4,White,Leather Seats,"2016 Mercedes-Benz SL-Class (foreign used), a premium convertible well suited to weekend adventures and open-top cruising — a good fit for adventure seekers and luxury lovers. Comes with leather seats. A solid pick for luxury lovers who want a standout badge.",
SL-Class,Mercedes-Benz,2017,866500,118600,Gasoline,Automatic,Convertible,foreign_used,4,White,Leather Seats,"2017 Mercedes-Benz SL-Class (foreign used), a premium convertible well suited to weekend adventures and open-top cruising — a good fit for adventure seekers and luxury lovers. Comes with leather seats. A solid pick for luxury lovers who want a standout badge.",
SLC-Class,Mercedes-Benz,2017,850000,99353,Gasoline,Automatic,Convertible,foreign_used,4,Black,Leather Seats,"2017 Mercedes-Benz SLC-Class (foreign used), a premium convertible well suited to weekend adventures and open-top cruising — a good fit for adventure seekers and luxury lovers. Comes with leather seats. A solid pick for luxury lovers who want a standout badge.",
SL-Class,Mercedes-Benz,2015,720500,146835,Gasoline,Automatic,Convertible,local_used,4,White,Leather Seats,"2015 Mercedes-Benz SL-Class (locally used), a premium convertible well suited to weekend adventures and open-top cruising — a good fit for adventure seekers and luxury lovers. Comes with leather seats. A solid pick for luxury lovers who want a standout badge.",
Sixty Special,Cadillac,1993,85500,280000,Gasoline,Automatic,Sedan,local_used,5,Silver,Leather Seats,"1993 Cadillac Sixty Special (locally used), a budget-friendly sedan well suited to daily commuting and city driving — a good fit for urban professionals. Comes with leather seats.",
Silverado 1500,Chevrolet,2017,384000,98026,Gasoline,Automatic,Truck,foreign_used,2,Red,All-Wheel Drive,"2017 Chevrolet Silverado 1500 (foreign used), a premium truck well suited to hauling and rough roads — a good fit for adventure seekers. Comes with all-wheel drive.",
Flex,Ford,2017,387000,110133,Gasoline,Automatic,Wagon,foreign_used,5,Red,All-Wheel Drive,"2017 Ford Flex (foreign used), a premium wagon well suited to family trips with plenty of cargo room — a good fit for family-oriented drivers. Comes with all-wheel drive.",
Flying Spur,Bentley,2014,277000,164932,Gasoline,Automatic,Sedan,foreign_used,5,Gray,Leather Seats; All-Wheel Drive,"2014 Bentley Flying Spur (foreign used), a premium sedan well suited to daily commuting and city driving — a good fit for urban professionals. Comes with leather seats. A solid pick for luxury lovers who want a standout badge.",
Flying Spur,Bentley,2015,355500,120038,Gasoline,Automatic,Sedan,foreign_used,5,White,Leather Seats; All-Wheel Drive,"2015 Bentley Flying Spur (foreign used), a premium sedan well suited to daily commuting and city driving — a good fit for urban professionals. Comes with leather seats. A solid pick for luxury lovers who want a standout badge.",
Flying Spur,Bentley,2016,331500,127553,Gasoline,Automatic,Sedan,local_used,5,Blue,Leather Seats; All-Wheel Drive,"2016 Bentley Flying Spur (locally used), a premium sedan well suited to daily commuting and city driving — a good fit for urban professionals. Comes with leather seats. A solid pick for luxury lovers who want a standout badge.",
Focus RS,Ford,2017,106500,128843,Gasoline,Manual,Hatchback,foreign_used,5,Red,All-Wheel Drive,"2017 Ford Focus RS (foreign used), a well-priced hatchback well suited to quick city runs and easy parking — a good fit for budget-conscious buyers. Comes with all-wheel drive.",
Focus ST,Ford,2015,91500,139647,Gasoline,Manual,Hatchback,foreign_used,5,White,,"2015 Ford Focus ST (foreign used), a well-priced hatchback well suited to quick city runs and easy parking — a good fit for budget-conscious buyers.",
Flex,Ford,2016,332000,103978,Gasoline,Automatic,Wagon,local_used,5,Gray,All-Wheel Drive,"2016 Ford Flex (locally used), a premium wagon well suited to family trips with plenty of cargo room — a good fit for family-oriented drivers. Comes with all-wheel drive.",
Flex,Ford,2015,297000,100610,Gasoline,Automatic,Wagon,foreign_used,5,Black,,"2015 Ford Flex (foreign used), a premium wagon well suited to family trips with plenty of cargo room — a good fit for family-oriented drivers.",
Fleetwood,Cadillac,1994,85000,280000,Gasoline,Automatic,Sedan,foreign_used,5,Blue,Leather Seats,"1994 Cadillac Fleetwood (foreign used), a budget-friendly sedan well suited to daily commuting and city driving — a good fit for urban professionals. Comes with leather seats.",
Fleetwood,Cadillac,1995,93500,280000,Gasoline,Automatic,Sedan,foreign_used,5,Orange,Leather Seats,"1995 Cadillac Fleetwood (foreign used), a budget-friendly sedan well suited to daily commuting and city driving — a good fit for urban professionals. Comes with leather seats.",
Fleetwood,Cadillac,1996,99000,280000,Gasoline,Automatic,Sedan,foreign_used,5,White,Leather Seats,"1996 Cadillac Fleetwood (foreign used), a budget-friendly sedan well suited to daily commuting and city driving — a good fit for urban professionals. Comes with leather seats.",
Focus,Ford,2017,168500,109563,Gasoline,Manual,Sedan,foreign_used,5,Red,,"2017 Ford Focus (foreign used), a well-priced sedan well suited to daily commuting and city driving — a good fit for urban professionals.",
Focus,Ford,2016,164500,146344,Gasoline,Manual,Sedan,local_used,5,Silver,,"2016 Ford Focus (locally used), a well-priced sedan well suited to daily commuting and city driving — a good fit for urban professionals.",
Focus ST,Ford,2016,92000,137927,Gasoline,Manual,Hatchback,local_used,5,Yellow,,"2016 Ford Focus ST (locally used), a well-priced hatchback well suited to quick city runs and easy parking — a good fit for budget-conscious buyers.",
Focus ST,Ford,2017,97500,134888,Gasoline,Manual,Hatchback,foreign_used,5,Silver,,"2017 Ford Focus ST (foreign used), a well-priced hatchback well suited to quick city runs and easy parking — a good fit for budget-conscious buyers.",
Focus,Ford,2015,146500,122147,Gasoline,Manual,Sedan,local_used,5,Blue,,"2015 Ford Focus (locally used), a well-priced sedan well suited to daily commuting and city driving — a good fit for urban professionals.",
Forester,Subaru,2015,200500,149634,Gasoline,Automatic,SUV,foreign_used,7,White,All-Wheel Drive,"2015 Subaru Forester (foreign used), a well-priced suv well suited to family trips and weekend getaways — a good fit for family-oriented drivers. Comes with all-wheel drive.",
Silverado 1500,Chevrolet,2016,352500,114116,Gasoline,Automatic,Truck,local_used,2,Black,,"2016 Chevrolet Silverado 1500 (locally used), a premium truck well suited to hauling and rough roads — a good fit for adventure seekers.",
Forte,Kia,2015,234500,130672,Gasoline,Manual,Coupe,foreign_used,4,White,,"2015 Kia Forte (foreign used), a well-priced coupe well suited to weekend drives and spirited handling — a good fit for lifestyle-focused drivers.",
Forte,Kia,2016,251500,127650,Gasoline,Manual,Coupe,local_used,4,Yellow,,"2016 Kia Forte (locally used), a well-priced coupe well suited to weekend drives and spirited handling — a good fit for lifestyle-focused drivers.",
Forester,Subaru,2017,233500,128179,Gasoline,Automatic,SUV,local_used,7,Blue,All-Wheel Drive,"2017 Subaru Forester (locally used), a well-priced suv well suited to family trips and weekend getaways — a good fit for family-oriented drivers. Comes with all-wheel drive.",
Forester,Subaru,2016,219000,149045,Gasoline,Automatic,SUV,foreign_used,7,Blue,All-Wheel Drive,"2016 Subaru Forester (foreign used), a well-priced suv well suited to family trips and weekend getaways — a good fit for family-oriented drivers. Comes with all-wheel drive.",
FR-S,Scion,2015,210500,149706,Gasoline,Automatic,Coupe,local_used,4,Red,,"2015 Scion FR-S (locally used), a well-priced coupe well suited to weekend drives and spirited handling — a good fit for lifestyle-focused drivers.",
FR-S,Scion,2016,237500,115066,Gasoline,Manual,Coupe,local_used,4,White,,"2016 Scion FR-S (locally used), a well-priced coupe well suited to weekend drives and spirited handling — a good fit for lifestyle-focused drivers.",
Freelander,Land Rover,2003,168000,265147,Gasoline,Automatic,SUV,local_used,7,Black,Leather Seats; All-Wheel Drive,"2003 Land Rover Freelander (locally used), a budget-friendly suv well suited to family trips and weekend getaways — a good fit for family-oriented drivers. Comes with leather seats.",
FR-S,Scion,2014,193000,161106,Gasoline,Manual,Coupe,foreign_used,4,White,,"2014 Scion FR-S (foreign used), a well-priced coupe well suited to weekend drives and spirited handling — a good fit for lifestyle-focused drivers.",
Forte,Kia,2017,96500,93894,Gasoline,Automatic,Hatchback,local_used,5,White,,"2017 Kia Forte (locally used), a well-priced hatchback well suited to quick city runs and easy parking — a good fit for budget-conscious buyers.",
Silverado 1500,Chevrolet,2015,303000,106291,Gasoline,Automatic,Truck,local_used,2,White,,"2015 Chevrolet Silverado 1500 (locally used), a premium truck well suited to hauling and rough roads — a good fit for adventure seekers.",
Freestyle,Ford,2005,180000,233682,Gasoline,Automatic,Wagon,foreign_used,5,Silver,,"2005 Ford Freestyle (foreign used), a well-priced wagon well suited to family trips with plenty of cargo room — a good fit for family-oriented drivers.",
Freestyle,Ford,2006,172000,214469,Gasoline,Automatic,Wagon,local_used,5,Black,All-Wheel Drive,"2006 Ford Freestyle (locally used), a well-priced wagon well suited to family trips with plenty of cargo room — a good fit for family-oriented drivers. Comes with all-wheel drive.",
Freelander,Land Rover,2004,180500,237113,Gasoline,Automatic,SUV,foreign_used,7,White,Leather Seats; All-Wheel Drive,"2004 Land Rover Freelander (foreign used), a budget-friendly suv well suited to family trips and weekend getaways — a good fit for family-oriented drivers. Comes with leather seats.",
Freelander,Land Rover,2005,190000,218435,Gasoline,Automatic,SUV,foreign_used,7,White,Leather Seats; All-Wheel Drive,"2005 Land Rover Freelander (foreign used), a well-priced suv well suited to family trips and weekend getaways — a good fit for family-oriented drivers. Comes with leather seats.",
Freestyle,Ford,2007,215000,175799,Gasoline,Automatic,Wagon,foreign_used,5,White,All-Wheel Drive,"2007 Ford Freestyle (foreign used), a well-priced wagon well suited to family trips with plenty of cargo room — a good fit for family-oriented drivers. Comes with all-wheel drive.",
Silverado 1500 Hybrid,Chevrolet,2013,302500,118394,Gasoline,Automatic,Truck,foreign_used,2,Yellow,All-Wheel Drive,"2013 Chevrolet Silverado 1500 Hybrid (foreign used), a premium truck well suited to hauling and rough roads — a good fit for adventure seekers. Comes with all-wheel drive.",
Silverado 1500 Hybrid,Chevrolet,2011,237000,223895,Gasoline,Automatic,Truck,foreign_used,2,Gray,All-Wheel Drive,"2011 Chevrolet Silverado 1500 Hybrid (foreign used), a well-priced truck well suited to hauling and rough roads — a good fit for adventure seekers. Comes with all-wheel drive.",
Silverado 1500 Hybrid,Chevrolet,2012,303000,161933,Gasoline,Automatic,Truck,foreign_used,2,Yellow,All-Wheel Drive,"2012 Chevrolet Silverado 1500 Hybrid (foreign used), a premium truck well suited to hauling and rough roads — a good fit for adventure seekers. Comes with all-wheel drive.",
Silverado 1500 Classic,Chevrolet,2007,177500,214813,Gasoline,Automatic,Truck,local_used,2,Black,All-Wheel Drive,"2007 Chevrolet Silverado 1500 Classic (locally used), a well-priced truck well suited to hauling and rough roads — a good fit for adventure seekers. Comes with all-wheel drive.",
Fusion Hybrid,Ford,2017,188500,117701,Gasoline,Automatic,Sedan,foreign_used,5,Black,,"2017 Ford Fusion Hybrid (foreign used), a well-priced sedan well suited to daily commuting and city driving — a good fit for urban professionals.",
Fusion,Ford,2015,162000,113405,Gasoline,Automatic,Sedan,foreign_used,5,Blue,All-Wheel Drive,"2015 Ford Fusion (foreign used), a well-priced sedan well suited to daily commuting and city driving — a good fit for urban professionals. Comes with all-wheel drive.",
Fusion Hybrid,Ford,2015,151500,161697,Gasoline,Automatic,Sedan,foreign_used,5,Black,,"2015 Ford Fusion Hybrid (foreign used), a well-priced sedan well suited to daily commuting and city driving — a good fit for urban professionals.",
Fusion Hybrid,Ford,2016,165500,137181,Gasoline,Automatic,Sedan,foreign_used,5,Black,,"2016 Ford Fusion Hybrid (foreign used), a well-priced sedan well suited to daily commuting and city driving — a good fit for urban professionals.",
Silver Seraph,Rolls-Royce,2001,153500,238412,Gasoline,Automatic,Sedan,local_used,5,White,Leather Seats,"2001 Rolls-Royce Silver Seraph (locally used), a well-priced sedan well suited to daily commuting and city driving — a good fit for urban professionals. Comes with leather seats.",
Silver Seraph,Rolls-Royce,2002,156500,276132,Gasoline,Automatic,Sedan,foreign_used,5,White,Leather Seats,"2002 Rolls-Royce Silver Seraph (foreign used), a well-priced sedan well suited to daily commuting and city driving — a good fit for urban professionals. Comes with leather seats.",
FX,Infiniti,2011,291000,214121,Gasoline,Automatic,SUV,local_used,7,Black,Leather Seats; All-Wheel Drive,"2011 Infiniti FX (locally used), a well-priced suv well suited to family trips and weekend getaways — a good fit for family-oriented drivers. Comes with leather seats.",
FX,Infiniti,2012,293500,205357,Gasoline,Automatic,SUV,foreign_used,7,Black,Leather Seats,"2012 Infiniti FX (foreign used), a well-priced suv well suited to family trips and weekend getaways — a good fit for family-oriented drivers. Comes with leather seats.",
FX,Infiniti,2013,362500,153457,Gasoline,Automatic,SUV,foreign_used,7,Gray,Leather Seats; All-Wheel Drive,"2013 Infiniti FX (foreign used), a premium suv well suited to family trips and weekend getaways — a good fit for family-oriented drivers. Comes with leather seats. A solid pick for luxury lovers who want a standout badge.",
FX35,Infiniti,2009,276500,215568,Gasoline,Automatic,SUV,foreign_used,7,White,Leather Seats; All-Wheel Drive,"2009 Infiniti FX35 (foreign used), a well-priced suv well suited to family trips and weekend getaways — a good fit for family-oriented drivers. Comes with leather seats.",
FX35,Infiniti,2010,338500,160035,Gasoline,Automatic,SUV,foreign_used,7,White,Leather Seats,"2010 Infiniti FX35 (foreign used), a well-priced suv well suited to family trips and weekend getaways — a good fit for family-oriented drivers. Comes with leather seats.",
FX45,Infiniti,2006,267500,280000,Gasoline,Automatic,SUV,foreign_used,7,Blue,Leather Seats; All-Wheel Drive,"2006 Infiniti FX45 (foreign used), a well-priced suv well suited to family trips and weekend getaways — a good fit for family-oriented drivers. Comes with leather seats.",
FX45,Infiniti,2007,260000,197411,Gasoline,Automatic,SUV,foreign_used,7,White,Leather Seats; All-Wheel Drive,"2007 Infiniti FX45 (foreign used), a well-priced suv well suited to family trips and weekend getaways — a good fit for family-oriented drivers. Comes with leather seats.",
FX45,Infiniti,2008,280000,263815,Gasoline,Automatic,SUV,foreign_used,7,Black,Leather Seats; All-Wheel Drive,"2008 Infiniti FX45 (foreign used), a well-priced suv well suited to family trips and weekend getaways — a good fit for family-oriented drivers. Comes with leather seats.",
FX50,Infiniti,2009,289500,219264,Gasoline,Automatic,SUV,local_used,7,Blue,Leather Seats; All-Wheel Drive,"2009 Infiniti FX50 (locally used), a well-priced suv well suited to family trips and weekend getaways — a good fit for family-oriented drivers. Comes with leather seats.",
FX50,Infiniti,2010,284000,202343,Gasoline,Automatic,SUV,foreign_used,7,White,Leather Seats; All-Wheel Drive,"2010 Infiniti FX50 (foreign used), a well-priced suv well suited to family trips and weekend getaways — a good fit for family-oriented drivers. Comes with leather seats.",
Fusion,Ford,2017,197000,108685,Gasoline,Automatic,Sedan,foreign_used,5,White,All-Wheel Drive,"2017 Ford Fusion (foreign used), a well-priced sedan well suited to daily commuting and city driving — a good fit for urban professionals. Comes with all-wheel drive.",
FX35,Infiniti,2008,280000,186912,Gasoline,Automatic,SUV,foreign_used,7,Silver,Leather Seats; All-Wheel Drive,"2008 Infiniti FX35 (foreign used), a well-priced suv well suited to family trips and weekend getaways — a good fit for family-oriented drivers. Comes with leather seats.",
Fusion,Ford,2016,203500,100592,Gasoline,Automatic,Sedan,foreign_used,5,Black,,"2016 Ford Fusion (foreign used), a well-priced sedan well suited to daily commuting and city driving — a good fit for urban professionals.",
G Coupe,Infiniti,2012,336500,144521,Gasoline,Manual,Coupe,local_used,4,Silver,Leather Seats,"2012 Infiniti G Coupe (locally used), a well-priced coupe well suited to weekend drives and spirited handling — a good fit for lifestyle-focused drivers. Comes with leather seats.",
G Coupe,Infiniti,2013,394000,131542,Gasoline,Manual,Coupe,foreign_used,4,Blue,Leather Seats,"2013 Infiniti G Coupe (foreign used), a premium coupe well suited to weekend drives and spirited handling — a good fit for lifestyle-focused drivers. Comes with leather seats. A solid pick for luxury lovers who want a standout badge.",
G Coupe,Infiniti,2011,270500,205163,Gasoline,Automatic,Coupe,foreign_used,4,White,Leather Seats,"2011 Infiniti G Coupe (foreign used), a well-priced coupe well suited to weekend drives and spirited handling — a good fit for lifestyle-focused drivers. Comes with leather seats.",
G Convertible,Infiniti,2011,617500,166511,Gasoline,Manual,Convertible,local_used,4,Silver,Leather Seats,"2011 Infiniti G Convertible (locally used), a well-priced convertible well suited to weekend adventures and open-top cruising — a good fit for adventure seekers and luxury lovers. Comes with leather seats.",
G Convertible,Infiniti,2012,628500,130859,Gasoline,Manual,Convertible,foreign_used,4,Silver,Leather Seats,"2012 Infiniti G Convertible (foreign used), a well-priced convertible well suited to weekend adventures and open-top cruising — a good fit for adventure seekers and luxury lovers. Comes with leather seats.",
G Convertible,Infiniti,2013,610000,192590,Gasoline,Automatic,Convertible,foreign_used,4,White,Leather Seats,"2013 Infiniti G Convertible (foreign used), a well-priced convertible well suited to weekend adventures and open-top cruising — a good fit for adventure seekers and luxury lovers. Comes with leather seats.",
G-Class,Mercedes-Benz,2015,459000,157330,Gasoline,Automatic,SUV,foreign_used,7,Silver,Leather Seats; All-Wheel Drive,"2015 Mercedes-Benz G-Class (foreign used), a premium suv well suited to family trips and weekend getaways — a good fit for family-oriented drivers. Comes with leather seats. A solid pick for luxury lovers who want a standout badge.",
G-Class,Mercedes-Benz,2016,431000,145665,Gasoline,Automatic,SUV,foreign_used,7,Black,Leather Seats; All-Wheel Drive,"2016 Mercedes-Benz G-Class (foreign used), a premium suv well suited to family trips and weekend getaways — a good fit for family-oriented drivers. Comes with leather seats. A solid pick for luxury lovers who want a standout badge.",
G20,Infiniti,2000,124000,280000,Gasoline,Manual,Sedan,local_used,5,Silver,Leather Seats,"2000 Infiniti G20 (locally used), a well-priced sedan well suited to daily commuting and city driving — a good fit for urban professionals. Comes with leather seats.",
G20,Infiniti,2001,140500,251084,Gasoline,Automatic,Sedan,local_used,5,White,Leather Seats,"2001 Infiniti G20 (locally used), a well-priced sedan well suited to daily commuting and city driving — a good fit for urban professionals. Comes with leather seats.",
G20,Infiniti,2002,125500,273059,Gasoline,Automatic,Sedan,local_used,5,Black,Leather Seats,"2002 Infiniti G20 (locally used), a well-priced sedan well suited to daily commuting and city driving — a good fit for urban professionals. Comes with leather seats.",
G Sedan,Infiniti,2012,221000,189692,Gasoline,Automatic,Sedan,foreign_used,5,Black,Leather Seats; All-Wheel Drive,"2012 Infiniti G Sedan (foreign used), a well-priced sedan well suited to daily commuting and city driving — a good fit for urban professionals. Comes with leather seats.",
G Sedan,Infiniti,2013,236500,171290,Gasoline,Manual,Sedan,foreign_used,5,Blue,Leather Seats,"2013 Infiniti G Sedan (foreign used), a premium sedan well suited to daily commuting and city driving — a good fit for urban professionals. Comes with leather seats. A solid pick for luxury lovers who want a standout badge.",
G Sedan,Infiniti,2011,229000,148851,Gasoline,Automatic,Sedan,local_used,5,White,Leather Seats; All-Wheel Drive,"2011 Infiniti G Sedan (locally used), a well-priced sedan well suited to daily commuting and city driving — a good fit for urban professionals. Comes with leather seats.",
G37 Sedan,Infiniti,2010,170000,222320,Gasoline,Automatic,Sedan,foreign_used,5,Black,Leather Seats,"2010 Infiniti G37 Sedan (foreign used), a well-priced sedan well suited to daily commuting and city driving — a good fit for urban professionals. Comes with leather seats.",
G37,Infiniti,2008,259500,186240,Gasoline,Automatic,Coupe,foreign_used,4,Black,Leather Seats,"2008 Infiniti G37 (foreign used), a well-priced coupe well suited to weekend drives and spirited handling — a good fit for lifestyle-focused drivers. Comes with leather seats.",
G37 Convertible,Infiniti,2010,524000,165486,Gasoline,Manual,Convertible,foreign_used,4,Gray,Leather Seats,"2010 Infiniti G37 Convertible (foreign used), a well-priced convertible well suited to weekend adventures and open-top cruising — a good fit for adventure seekers and luxury lovers. Comes with leather seats.",
G37 Coupe,Infiniti,2010,277000,195550,Gasoline,Automatic,Coupe,foreign_used,4,Silver,Leather Seats,"2010 Infiniti G37 Coupe (foreign used), a well-priced coupe well suited to weekend drives and spirited handling — a good fit for lifestyle-focused drivers. Comes with leather seats.",
G35,Infiniti,2007,219000,238595,Gasoline,Manual,Coupe,foreign_used,4,Gray,Leather Seats,"2007 Infiniti G35 (foreign used), a well-priced coupe well suited to weekend drives and spirited handling — a good fit for lifestyle-focused drivers. Comes with leather seats.",
G35,Infiniti,2008,180500,224649,Gasoline,Automatic,Sedan,local_used,5,Gray,Leather Seats,"2008 Infiniti G35 (locally used), a well-priced sedan well suited to daily commuting and city driving — a good fit for urban professionals. Comes with leather seats.",
G35,Infiniti,2006,187000,190978,Gasoline,Automatic,Sedan,local_used,5,Blue,Leather Seats; All-Wheel Drive,"2006 Infiniti G35 (locally used), a well-priced sedan well suited to daily commuting and city driving — a good fit for urban professionals. Comes with leather seats.",
G6,Pontiac,2008,89500,256766,Gasoline,Automatic,Sedan,foreign_used,5,Black,,"2008 Pontiac G6 (foreign used), a budget-friendly sedan well suited to daily commuting and city driving — a good fit for urban professionals.",
G6,Pontiac,2009,124500,180091,Gasoline,Automatic,Sedan,foreign_used,5,Silver,,"2009 Pontiac G6 (foreign used), a well-priced sedan well suited to daily commuting and city driving — a good fit for urban professionals.",
G37,Infiniti,2009,312500,166211,Gasoline,Automatic,Coupe,foreign_used,4,Blue,Leather Seats,"2009 Infiniti G37 (foreign used), a well-priced coupe well suited to weekend drives and spirited handling — a good fit for lifestyle-focused drivers. Comes with leather seats.",
G3,Pontiac,2009,56000,243652,Gasoline,Manual,Hatchback,local_used,5,Orange,,"2009 Pontiac G3 (locally used), a budget-friendly hatchback well suited to quick city runs and easy parking — a good fit for budget-conscious buyers.",
Sierra 1500,GMC,2017,301500,132605,Gasoline,Automatic,Truck,foreign_used,2,Red,All-Wheel Drive,"2017 GMC Sierra 1500 (foreign used), a premium truck well suited to hauling and rough roads — a good fit for adventure seekers. Comes with all-wheel drive.",
Gallardo,Lamborghini,2012,312500,198419,Gasoline,Manual,Coupe,local_used,4,Black,,"2012 Lamborghini Gallardo (locally used), a well-priced coupe well suited to weekend drives and spirited handling — a good fit for lifestyle-focused drivers.",
Gallardo,Lamborghini,2013,394000,180142,Gasoline,Automatic,Coupe,foreign_used,4,White,All-Wheel Drive,"2013 Lamborghini Gallardo (foreign used), a premium coupe well suited to weekend drives and spirited handling — a good fit for lifestyle-focused drivers. Comes with all-wheel drive. A solid pick for luxury lovers who want a standout badge.",
G80,Genesis,2017,340000,116383,Gasoline,Automatic,Sedan,foreign_used,5,Silver,Leather Seats,"2017 Genesis G80 (foreign used), a premium sedan well suited to daily commuting and city driving — a good fit for urban professionals. Comes with leather seats. A solid pick for luxury lovers who want a standout badge.",
G8,Pontiac,2008,106500,221493,Gasoline,Automatic,Sedan,foreign_used,5,Gray,,"2008 Pontiac G8 (foreign used), a budget-friendly sedan well suited to daily commuting and city driving — a good fit for urban professionals.",
G8,Pontiac,2009,140000,161873,Gasoline,Automatic,Sedan,local_used,5,Silver,,"2009 Pontiac G8 (locally used), a well-priced sedan well suited to daily commuting and city driving — a good fit for urban professionals.",
Sierra 1500,GMC,2016,311500,114507,Gasoline,Automatic,Truck,foreign_used,2,Silver,All-Wheel Drive,"2016 GMC Sierra 1500 (foreign used), a premium truck well suited to hauling and rough roads — a good fit for adventure seekers. Comes with all-wheel drive.",
Genesis Coupe,Hyundai,2015,242500,123597,Gasoline,Manual,Coupe,foreign_used,4,Blue,,"2015 Hyundai Genesis Coupe (foreign used), a well-priced coupe well suited to weekend drives and spirited handling — a good fit for lifestyle-focused drivers.",
Genesis Coupe,Hyundai,2016,246500,105585,Gasoline,Manual,Coupe,foreign_used,4,Black,,"2016 Hyundai Genesis Coupe (foreign used), a well-priced coupe well suited to weekend drives and spirited handling — a good fit for lifestyle-focused drivers.",
Genesis Coupe,Hyundai,2014,202000,160086,Gasoline,Automatic,Coupe,local_used,4,Blue,,"2014 Hyundai Genesis Coupe (locally used), a well-priced coupe well suited to weekend drives and spirited handling — a good fit for lifestyle-focused drivers.",
Gallardo,Lamborghini,2014,445500,143703,Gasoline,Manual,Coupe,local_used,4,Black,All-Wheel Drive,"2014 Lamborghini Gallardo (locally used), a premium coupe well suited to weekend drives and spirited handling — a good fit for lifestyle-focused drivers. Comes with all-wheel drive. A solid pick for luxury lovers who want a standout badge.",
Ghost,Rolls-Royce,2013,288500,123322,Gasoline,Automatic,Sedan,foreign_used,5,Black,Leather Seats,"2013 Rolls-Royce Ghost (foreign used), a premium sedan well suited to daily commuting and city driving — a good fit for urban professionals. Comes with leather seats. A solid pick for luxury lovers who want a standout badge.",
Ghost,Rolls-Royce,2014,316000,123853,Gasoline,Automatic,Sedan,local_used,5,Black,Leather Seats,"2014 Rolls-Royce Ghost (locally used), a premium sedan well suited to daily commuting and city driving — a good fit for urban professionals. Comes with leather seats. A solid pick for luxury lovers who want a standout badge.",
GL-Class,Mercedes-Benz,2014,435500,157195,Diesel,Automatic,SUV,foreign_used,7,Gray,Leather Seats; All-Wheel Drive,"2014 Mercedes-Benz GL-Class (foreign used), a premium suv well suited to family trips and weekend getaways — a good fit for family-oriented drivers. Comes with leather seats. A solid pick for luxury lovers who want a standout badge.",
GL-Class,Mercedes-Benz,2015,469000,104025,Gasoline,Automatic,SUV,foreign_used,7,White,Leather Seats; All-Wheel Drive,"2015 Mercedes-Benz GL-Class (foreign used), a premium suv well suited to family trips and weekend getaways — a good fit for family-oriented drivers. Comes with leather seats. A solid pick for luxury lovers who want a standout badge.",
Ghibli,Maserati,2017,354000,126965,Gasoline,Automatic,Sedan,foreign_used,5,White,Leather Seats,"2017 Maserati Ghibli (foreign used), a premium sedan well suited to daily commuting and city driving — a good fit for urban professionals. Comes with leather seats. A solid pick for luxury lovers who want a standout badge.",
Ghost Series II,Rolls-Royce,2015,349000,131680,Gasoline,Automatic,Sedan,foreign_used,5,Red,Leather Seats,"2015 Rolls-Royce Ghost Series II (foreign used), a premium sedan well suited to daily commuting and city driving — a good fit for urban professionals. Comes with leather seats. A solid pick for luxury lovers who want a standout badge.",
Ghost Series II,Rolls-Royce,2016,341500,118835,Gasoline,Automatic,Sedan,local_used,5,White,Leather Seats,"2016 Rolls-Royce Ghost Series II (locally used), a premium sedan well suited to daily commuting and city driving — a good fit for urban professionals. Comes with leather seats. A solid pick for luxury lovers who want a standout badge.",
Ghost,Rolls-Royce,2012,239500,175762,Gasoline,Automatic,Sedan,local_used,5,Silver,Leather Seats,"2012 Rolls-Royce Ghost (locally used), a premium sedan well suited to daily commuting and city driving — a good fit for urban professionals. Comes with leather seats. A solid pick for luxury lovers who want a standout badge.",
Genesis,Hyundai,2016,178500,139481,Gasoline,Automatic,Sedan,foreign_used,5,Silver,Leather Seats,"2016 Hyundai Genesis (foreign used), a well-priced sedan well suited to daily commuting and city driving — a good fit for urban professionals. Comes with leather seats.",
Ghibli,Maserati,2015,311000,121955,Gasoline,Automatic,Sedan,foreign_used,5,Silver,Leather Seats; All-Wheel Drive,"2015 Maserati Ghibli (foreign used), a premium sedan well suited to daily commuting and city driving — a good fit for urban professionals. Comes with leather seats. A solid pick for luxury lovers who want a standout badge.",
Ghibli,Maserati,2016,302000,130681,Gasoline,Automatic,Sedan,local_used,5,Gray,Leather Seats,"2016 Maserati Ghibli (locally used), a premium sedan well suited to daily commuting and city driving — a good fit for urban professionals. Comes with leather seats. A solid pick for luxury lovers who want a standout badge.",
Genesis,Hyundai,2014,153500,148733,Gasoline,Automatic,Sedan,local_used,5,White,Leather Seats,"2014 Hyundai Genesis (locally used), a well-priced sedan well suited to daily commuting and city driving — a good fit for urban professionals. Comes with leather seats.",
Genesis,Hyundai,2015,211000,116624,Gasoline,Automatic,Sedan,foreign_used,5,Silver,Leather Seats,"2015 Hyundai Genesis (foreign used), a well-priced sedan well suited to daily commuting and city driving — a good fit for urban professionals. Comes with leather seats.",
GLE-Class,Mercedes-Benz,2016,409500,142718,Gasoline,Automatic,SUV,local_used,7,Black,Leather Seats; All-Wheel Drive,"2016 Mercedes-Benz GLE-Class (locally used), a premium suv well suited to family trips and weekend getaways — a good fit for family-oriented drivers. Comes with leather seats. A solid pick for luxury lovers who want a standout badge.",
GLE-Class,Mercedes-Benz,2017,514500,124061,Gasoline,Automatic,SUV,foreign_used,7,Gray,Leather Seats; All-Wheel Drive,"2017 Mercedes-Benz GLE-Class (foreign used), a premium suv well suited to family trips and weekend getaways — a good fit for family-oriented drivers. Comes with leather seats. A solid pick for luxury lovers who want a standout badge.",
GLC-Class,Mercedes-Benz,2016,369000,129507,Gasoline,Automatic,SUV,foreign_used,7,White,Leather Seats,"2016 Mercedes-Benz GLC-Class (foreign used), a premium suv well suited to family trips and weekend getaways — a good fit for family-oriented drivers. Comes with leather seats. A solid pick for luxury lovers who want a standout badge.",
GLC-Class,Mercedes-Benz,2017,431000,126931,Gasoline,Automatic,SUV,local_used,7,Silver,Leather Seats,"2017 Mercedes-Benz GLC-Class (locally used), a premium suv well suited to family trips and weekend getaways — a good fit for family-oriented drivers. Comes with leather seats. A solid pick for luxury lovers who want a standout badge.",
GLE-Class Coupe,Mercedes-Benz,2016,478500,142038,Gasoline,Automatic,SUV,foreign_used,7,White,Leather Seats; All-Wheel Drive,"2016 Mercedes-Benz GLE-Class Coupe (foreign used), a premium suv well suited to family trips and weekend getaways — a good fit for family-oriented drivers. Comes with leather seats. A solid pick for luxury lovers who want a standout badge.",
GLE-Class Coupe,Mercedes-Benz,2017,466500,119252,Gasoline,Automatic,SUV,foreign_used,7,Black,Leather Seats; All-Wheel Drive,"2017 Mercedes-Benz GLE-Class Coupe (foreign used), a premium suv well suited to family trips and weekend getaways — a good fit for family-oriented drivers. Comes with leather seats. A solid pick for luxury lovers who want a standout badge.",
GLA-Class,Mercedes-Benz,2015,327000,154243,Gasoline,Automatic,SUV,foreign_used,7,White,Leather Seats; All-Wheel Drive,"2015 Mercedes-Benz GLA-Class (foreign used), a well-priced suv well suited to family trips and weekend getaways — a good fit for family-oriented drivers. Comes with leather seats.",
GLA-Class,Mercedes-Benz,2016,446000,131848,Gasoline,Automatic,SUV,local_used,7,White,Leather Seats; All-Wheel Drive,"2016 Mercedes-Benz GLA-Class (locally used), a premium suv well suited to family trips and weekend getaways — a good fit for family-oriented drivers. Comes with leather seats. A solid pick for luxury lovers who want a standout badge.",
GLA-Class,Mercedes-Benz,2017,483500,117728,Gasoline,Automatic,SUV,local_used,7,Blue,Leather Seats; All-Wheel Drive,"2017 Mercedes-Benz GLA-Class (locally used), a premium suv well suited to family trips and weekend getaways — a good fit for family-oriented drivers. Comes with leather seats. A solid pick for luxury lovers who want a standout badge.",
GL-Class,Mercedes-Benz,2016,490500,127117,Gasoline,Automatic,SUV,foreign_used,7,Black,Leather Seats; All-Wheel Drive,"2016 Mercedes-Benz GL-Class (foreign used), a premium suv well suited to family trips and weekend getaways — a good fit for family-oriented drivers. Comes with leather seats. A solid pick for luxury lovers who want a standout badge.",
GLI,Volkswagen,2012,117500,189228,Gasoline,Manual,Sedan,foreign_used,5,Red,,"2012 Volkswagen GLI (foreign used), a budget-friendly sedan well suited to daily commuting and city driving — a good fit for urban professionals.",
GLK-Class,Mercedes-Benz,2013,360000,129371,Gasoline,Automatic,SUV,foreign_used,7,Yellow,Leather Seats,"2013 Mercedes-Benz GLK-Class (foreign used), a premium suv well suited to family trips and weekend getaways — a good fit for family-oriented drivers. Comes with leather seats. A solid pick for luxury lovers who want a standout badge.",
GLK-Class,Mercedes-Benz,2014,374000,171423,Diesel,Automatic,SUV,foreign_used,7,Silver,Leather Seats; All-Wheel Drive,"2014 Mercedes-Benz GLK-Class (foreign used), a premium suv well suited to family trips and weekend getaways — a good fit for family-oriented drivers. Comes with leather seats. A solid pick for luxury lovers who want a standout badge.",
GLK-Class,Mercedes-Benz,2015,396500,156542,Gasoline,Automatic,SUV,foreign_used,7,White,Leather Seats,"2015 Mercedes-Benz GLK-Class (foreign used), a premium suv well suited to family trips and weekend getaways — a good fit for family-oriented drivers. Comes with leather seats. A solid pick for luxury lovers who want a standout badge.",
GLI,Volkswagen,2008,120000,165159,Gasoline,Automatic,Sedan,local_used,5,Black,,"2008 Volkswagen GLI (locally used), a budget-friendly sedan well suited to daily commuting and city driving — a good fit for urban professionals.",
GLI,Volkswagen,2009,107500,237233,Gasoline,Manual,Sedan,foreign_used,5,Blue,,"2009 Volkswagen GLI (foreign used), a budget-friendly sedan well suited to daily commuting and city driving — a good fit for urban professionals.",
Golf GTI,Volkswagen,2015,104500,107505,Gasoline,Manual,Hatchback,foreign_used,5,Black,,"2015 Volkswagen Golf GTI (foreign used), a well-priced hatchback well suited to quick city runs and easy parking — a good fit for budget-conscious buyers.",
Golf GTI,Volkswagen,2016,105500,110107,Gasoline,Automatic,Hatchback,foreign_used,5,White,,"2016 Volkswagen Golf GTI (foreign used), a well-priced hatchback well suited to quick city runs and easy parking — a good fit for budget-conscious buyers.",
Golf Alltrack,Volkswagen,2017,288500,121149,Gasoline,Manual,Wagon,foreign_used,5,Silver,All-Wheel Drive,"2017 Volkswagen Golf Alltrack (foreign used), a premium wagon well suited to family trips with plenty of cargo room — a good fit for family-oriented drivers. Comes with all-wheel drive.",
GLS-Class,Mercedes-Benz,2017,536000,89681,Gasoline,Automatic,SUV,local_used,7,Blue,Leather Seats; All-Wheel Drive,"2017 Mercedes-Benz GLS-Class (locally used), a premium suv well suited to family trips and weekend getaways — a good fit for family-oriented drivers. Comes with leather seats. A solid pick for luxury lovers who want a standout badge.",
Golf GTI,Volkswagen,2017,106500,125170,Gasoline,Automatic,Hatchback,foreign_used,5,Blue,,"2017 Volkswagen Golf GTI (foreign used), a well-priced hatchback well suited to quick city runs and easy parking — a good fit for budget-conscious buyers.",
Golf R,Volkswagen,2015,85500,153921,Gasoline,Automatic,Hatchback,foreign_used,5,White,All-Wheel Drive,"2015 Volkswagen Golf R (foreign used), a well-priced hatchback well suited to quick city runs and easy parking — a good fit for budget-conscious buyers. Comes with all-wheel drive.",
Golf R,Volkswagen,2016,105500,120448,Gasoline,Automatic,Hatchback,foreign_used,5,Gray,All-Wheel Drive,"2016 Volkswagen Golf R (foreign used), a well-priced hatchback well suited to quick city runs and easy parking — a good fit for budget-conscious buyers. Comes with all-wheel drive.",
Golf,Volkswagen,2015,112500,99421,Diesel,Automatic,Hatchback,foreign_used,5,White,,"2015 Volkswagen Golf (foreign used), a premium hatchback well suited to quick city runs and easy parking — a good fit for budget-conscious buyers.",
Golf SportWagen,Volkswagen,2015,319000,117945,Diesel,Manual,Wagon,foreign_used,5,White,,"2015 Volkswagen Golf SportWagen (foreign used), a premium wagon well suited to family trips with plenty of cargo room — a good fit for family-oriented drivers.",
Golf R,Volkswagen,2017,114000,114314,Gasoline,Automatic,Hatchback,foreign_used,5,Blue,All-Wheel Drive,"2017 Volkswagen Golf R (foreign used), a premium hatchback well suited to quick city runs and easy parking — a good fit for budget-conscious buyers. Comes with all-wheel drive.",
Golf,Volkswagen,2016,90500,127909,Gasoline,Automatic,Hatchback,foreign_used,5,Black,,"2016 Volkswagen Golf (foreign used), a well-priced hatchback well suited to quick city runs and easy parking — a good fit for budget-conscious buyers.",
Sierra 1500,GMC,2015,317000,116147,Gasoline,Automatic,Truck,foreign_used,2,White,All-Wheel Drive,"2015 GMC Sierra 1500 (foreign used), a premium truck well suited to hauling and rough roads — a good fit for adventure seekers. Comes with all-wheel drive.",
Grand Prix,Pontiac,2007,104500,243277,Gasoline,Automatic,Sedan,foreign_used,5,Blue,,"2007 Pontiac Grand Prix (foreign used), a budget-friendly sedan well suited to daily commuting and city driving — a good fit for urban professionals.",
Grand Prix,Pontiac,2008,103000,220318,Gasoline,Automatic,Sedan,local_used,5,Blue,,"2008 Pontiac Grand Prix (locally used), a budget-friendly sedan well suited to daily commuting and city driving — a good fit for urban professionals.",
Grand Vitara,Suzuki,2011,144000,205186,Gasoline,Automatic,SUV,foreign_used,7,Silver,,"2011 Suzuki Grand Vitara (foreign used), a budget-friendly suv well suited to family trips and weekend getaways — a good fit for family-oriented drivers.",
Grand Caravan,Dodge,2016,317500,96419,Gasoline,Automatic,Wagon,foreign_used,5,Gray,,"2016 Dodge Grand Caravan (foreign used), a premium wagon well suited to family trips with plenty of cargo room — a good fit for family-oriented drivers.",
Grand Prix,Pontiac,2006,102500,271323,Gasoline,Automatic,Sedan,foreign_used,5,White,,"2006 Pontiac Grand Prix (foreign used), a budget-friendly sedan well suited to daily commuting and city driving — a good fit for urban professionals.",
Grand Caravan,Dodge,2015,278500,134724,Gasoline,Automatic,Wagon,foreign_used,5,Black,,"2015 Dodge Grand Caravan (foreign used), a premium wagon well suited to family trips with plenty of cargo room — a good fit for family-oriented drivers.",
Sierra 1500 Hybrid,GMC,2012,255500,206891,Gasoline,Automatic,Truck,local_used,2,Black,,"2012 GMC Sierra 1500 Hybrid (locally used), a well-priced truck well suited to hauling and rough roads — a good fit for adventure seekers.",
Sierra 1500 Hybrid,GMC,2013,314000,143666,Gasoline,Automatic,Truck,foreign_used,2,White,All-Wheel Drive,"2013 GMC Sierra 1500 Hybrid (foreign used), a premium truck well suited to hauling and rough roads — a good fit for adventure seekers. Comes with all-wheel drive.",
Sierra 1500 Classic,GMC,2007,177000,243119,Gasoline,Automatic,Truck,local_used,2,Silver,All-Wheel Drive,"2007 GMC Sierra 1500 Classic (locally used), a well-priced truck well suited to hauling and rough roads — a good fit for adventure seekers. Comes with all-wheel drive.",
Sierra 1500 Hybrid,GMC,2011,233000,218883,Gasoline,Automatic,Truck,foreign_used,2,Red,,"2011 GMC Sierra 1500 Hybrid (foreign used), a well-priced truck well suited to hauling and rough roads — a good fit for adventure seekers.",
GranSport,Maserati,2005,271000,201916,Gasoline,Automatic,Coupe,foreign_used,4,White,Leather Seats,"2005 Maserati GranSport (foreign used), a well-priced coupe well suited to weekend drives and spirited handling — a good fit for lifestyle-focused drivers. Comes with leather seats.",
GranSport,Maserati,2006,246500,280000,Gasoline,Automatic,Coupe,local_used,4,Black,Leather Seats,"2006 Maserati GranSport (locally used), a well-priced coupe well suited to weekend drives and spirited handling — a good fit for lifestyle-focused drivers. Comes with leather seats.",
GranTurismo Convertible,Maserati,2014,693500,157528,Gasoline,Automatic,Convertible,foreign_used,4,White,Leather Seats,"2014 Maserati GranTurismo Convertible (foreign used), a premium convertible well suited to weekend adventures and open-top cruising — a good fit for adventure seekers and luxury lovers. Comes with leather seats. A solid pick for luxury lovers who want a standout badge.",
Grand Voyager,Chrysler,2000,132500,244583,Gasoline,Automatic,Wagon,foreign_used,5,White,,"2000 Chrysler Grand Voyager (foreign used), a budget-friendly wagon well suited to family trips with plenty of cargo room — a good fit for family-oriented drivers.",
Grand Voyager,Plymouth,1999,116500,280000,Gasoline,Automatic,Wagon,foreign_used,5,Red,,"1999 Plymouth Grand Voyager (foreign used), a budget-friendly wagon well suited to family trips with plenty of cargo room — a good fit for family-oriented drivers.",
Grand Voyager,Plymouth,2000,123000,280000,Gasoline,Automatic,Wagon,local_used,5,Silver,,"2000 Plymouth Grand Voyager (locally used), a budget-friendly wagon well suited to family trips with plenty of cargo room — a good fit for family-oriented drivers.",
Grand Vitara,Suzuki,2012,180000,131657,Gasoline,Automatic,SUV,foreign_used,7,Silver,All-Wheel Drive,"2012 Suzuki Grand Vitara (foreign used), a budget-friendly suv well suited to family trips and weekend getaways — a good fit for family-oriented drivers. Comes with all-wheel drive.",
Grand Vitara,Suzuki,2013,198500,162409,Gasoline,Automatic,SUV,local_used,7,Gray,All-Wheel Drive,"2013 Suzuki Grand Vitara (locally used), a well-priced suv well suited to family trips and weekend getaways — a good fit for family-oriented drivers. Comes with all-wheel drive.",
GS 350,Lexus,2015,281500,121828,Gasoline,Automatic,Sedan,foreign_used,5,White,Leather Seats,"2015 Lexus GS 350 (foreign used), a premium sedan well suited to daily commuting and city driving — a good fit for urban professionals. Comes with leather seats. A solid pick for luxury lovers who want a standout badge.",
GS 350,Lexus,2016,313500,127255,Gasoline,Automatic,Sedan,local_used,5,Silver,Leather Seats,"2016 Lexus GS 350 (locally used), a premium sedan well suited to daily commuting and city driving — a good fit for urban professionals. Comes with leather seats. A solid pick for luxury lovers who want a standout badge.",
GS 350,Lexus,2017,346000,83470,Gasoline,Automatic,Sedan,foreign_used,5,Black,Leather Seats,"2017 Lexus GS 350 (foreign used), a premium sedan well suited to daily commuting and city driving — a good fit for urban professionals. Comes with leather seats. A solid pick for luxury lovers who want a standout badge.",
GS 200t,Lexus,2016,287500,142292,Gasoline,Automatic,Sedan,local_used,5,Silver,Leather Seats,"2016 Lexus GS 200t (locally used), a premium sedan well suited to daily commuting and city driving — a good fit for urban professionals. Comes with leather seats. A solid pick for luxury lovers who want a standout badge.",
GS 200t,Lexus,2017,312500,133568,Gasoline,Automatic,Sedan,foreign_used,5,Orange,Leather Seats,"2017 Lexus GS 200t (foreign used), a premium sedan well suited to daily commuting and city driving — a good fit for urban professionals. Comes with leather seats. A solid pick for luxury lovers who want a standout badge.",
GS 300,Lexus,2004,143500,280000,Gasoline,Automatic,Sedan,local_used,5,Gray,Leather Seats,"2004 Lexus GS 300 (locally used), a well-priced sedan well suited to daily commuting and city driving — a good fit for urban professionals. Comes with leather seats.",
GS 300,Lexus,2005,165000,280000,Gasoline,Automatic,Sedan,foreign_used,5,Black,Leather Seats,"2005 Lexus GS 300 (foreign used), a well-priced sedan well suited to daily commuting and city driving — a good fit for urban professionals. Comes with leather seats.",
GS 300,Lexus,2006,197000,195610,Gasoline,Automatic,Sedan,foreign_used,5,Blue,Leather Seats,"2006 Lexus GS 300 (foreign used), a well-priced sedan well suited to daily commuting and city driving — a good fit for urban professionals. Comes with leather seats.",
GranTurismo,Maserati,2014,410000,162595,Gasoline,Automatic,Coupe,foreign_used,4,White,Leather Seats,"2014 Maserati GranTurismo (foreign used), a premium coupe well suited to weekend drives and spirited handling — a good fit for lifestyle-focused drivers. Comes with leather seats. A solid pick for luxury lovers who want a standout badge.",
GranTurismo,Maserati,2015,442500,100623,Gasoline,Automatic,Coupe,foreign_used,4,White,Leather Seats,"2015 Maserati GranTurismo (foreign used), a premium coupe well suited to weekend drives and spirited handling — a good fit for lifestyle-focused drivers. Comes with leather seats. A solid pick for luxury lovers who want a standout badge.",
GranTurismo,Maserati,2016,539000,91327,Gasoline,Automatic,Coupe,foreign_used,4,White,Leather Seats,"2016 Maserati GranTurismo (foreign used), a premium coupe well suited to weekend drives and spirited handling — a good fit for lifestyle-focused drivers. Comes with leather seats. A solid pick for luxury lovers who want a standout badge.",
GranTurismo Convertible,Maserati,2015,824500,120358,Gasoline,Automatic,Convertible,local_used,4,Black,Leather Seats,"2015 Maserati GranTurismo Convertible (locally used), a premium convertible well suited to weekend adventures and open-top cruising — a good fit for adventure seekers and luxury lovers. Comes with leather seats. A solid pick for luxury lovers who want a standout badge.",
GranTurismo Convertible,Maserati,2016,882000,119319,Gasoline,Automatic,Convertible,local_used,4,Silver,Leather Seats,"2016 Maserati GranTurismo Convertible (locally used), a premium convertible well suited to weekend adventures and open-top cruising — a good fit for adventure seekers and luxury lovers. Comes with leather seats. A solid pick for luxury lovers who want a standout badge.",
GT,Ford,2005,155000,280000,Gasoline,Manual,Coupe,foreign_used,4,Silver,,"2005 Ford GT (foreign used), a budget-friendly coupe well suited to weekend drives and spirited handling — a good fit for lifestyle-focused drivers.",
GT,Ford,2006,161500,261995,Gasoline,Manual,Coupe,local_used,4,Red,,"2006 Ford GT (locally used), a budget-friendly coupe well suited to weekend drives and spirited handling — a good fit for lifestyle-focused drivers.",
GTI,Volkswagen,2012,88500,163456,Gasoline,Manual,Hatchback,foreign_used,5,Silver,,"2012 Volkswagen GTI (foreign used), a well-priced hatchback well suited to quick city runs and easy parking — a good fit for budget-conscious buyers.",
GT-R,Nissan,2015,302500,117059,Gasoline,Automatic,Coupe,foreign_used,4,Silver,All-Wheel Drive,"2015 Nissan GT-R (foreign used), a well-priced coupe well suited to weekend drives and spirited handling — a good fit for lifestyle-focused drivers. Comes with all-wheel drive.",
GT-R,Nissan,2016,256000,149827,Gasoline,Automatic,Coupe,local_used,4,White,All-Wheel Drive,"2016 Nissan GT-R (locally used), a well-priced coupe well suited to weekend drives and spirited handling — a good fit for lifestyle-focused drivers. Comes with all-wheel drive.",
GT-R,Nissan,2017,289000,104014,Gasoline,Automatic,Coupe,foreign_used,4,White,All-Wheel Drive,"2017 Nissan GT-R (foreign used), a well-priced coupe well suited to weekend drives and spirited handling — a good fit for lifestyle-focused drivers. Comes with all-wheel drive.",
GS 430,Lexus,2007,175500,222458,Gasoline,Automatic,Sedan,local_used,5,Silver,Leather Seats,"2007 Lexus GS 430 (locally used), a well-priced sedan well suited to daily commuting and city driving — a good fit for urban professionals. Comes with leather seats.",
GS 450h,Lexus,2014,297500,119781,Gasoline,Automatic,Sedan,foreign_used,5,Black,Leather Seats,"2014 Lexus GS 450h (foreign used), a premium sedan well suited to daily commuting and city driving — a good fit for urban professionals. Comes with leather seats. A solid pick for luxury lovers who want a standout badge.",
GS 450h,Lexus,2015,271000,151457,Gasoline,Automatic,Sedan,foreign_used,5,Blue,Leather Seats,"2015 Lexus GS 450h (foreign used), a premium sedan well suited to daily commuting and city driving — a good fit for urban professionals. Comes with leather seats. A solid pick for luxury lovers who want a standout badge.",
GS 450h,Lexus,2016,295000,131621,Gasoline,Automatic,Sedan,foreign_used,5,White,Leather Seats,"2016 Lexus GS 450h (foreign used), a premium sedan well suited to daily commuting and city driving — a good fit for urban professionals. Comes with leather seats. A solid pick for luxury lovers who want a standout badge.",
GS 460,Lexus,2009,240000,175519,Gasoline,Automatic,Sedan,foreign_used,5,White,Leather Seats,"2009 Lexus GS 460 (foreign used), a premium sedan well suited to daily commuting and city driving — a good fit for urban professionals. Comes with leather seats. A solid pick for luxury lovers who want a standout badge.",
GS 460,Lexus,2010,227500,151909,Gasoline,Automatic,Sedan,foreign_used,5,Black,Leather Seats,"2010 Lexus GS 460 (foreign used), a well-priced sedan well suited to daily commuting and city driving — a good fit for urban professionals. Comes with leather seats.",
GS 460,Lexus,2011,226500,196245,Gasoline,Automatic,Sedan,local_used,5,White,Leather Seats,"2011 Lexus GS 460 (locally used), a well-priced sedan well suited to daily commuting and city driving — a good fit for urban professionals. Comes with leather seats.",
GS F,Lexus,2016,297000,129271,Gasoline,Automatic,Sedan,local_used,5,White,Leather Seats,"2016 Lexus GS F (locally used), a premium sedan well suited to daily commuting and city driving — a good fit for urban professionals. Comes with leather seats. A solid pick for luxury lovers who want a standout badge.",
GS 400,Lexus,1998,107000,280000,Gasoline,Automatic,Sedan,local_used,5,Gray,Leather Seats,"1998 Lexus GS 400 (locally used), a budget-friendly sedan well suited to daily commuting and city driving — a good fit for urban professionals. Comes with leather seats.",
GS 400,Lexus,1999,104500,280000,Gasoline,Automatic,Sedan,foreign_used,5,White,Leather Seats,"1999 Lexus GS 400 (foreign used), a budget-friendly sedan well suited to daily commuting and city driving — a good fit for urban professionals. Comes with leather seats.",
GS 400,Lexus,2000,113000,257565,Gasoline,Automatic,Sedan,foreign_used,5,Silver,Leather Seats,"2000 Lexus GS 400 (foreign used), a budget-friendly sedan well suited to daily commuting and city driving — a good fit for urban professionals. Comes with leather seats.",
GS 430,Lexus,2005,176500,243474,Gasoline,Automatic,Sedan,foreign_used,5,Black,Leather Seats,"2005 Lexus GS 430 (foreign used), a well-priced sedan well suited to daily commuting and city driving — a good fit for urban professionals. Comes with leather seats.",
GS 430,Lexus,2006,187000,280000,Gasoline,Automatic,Sedan,foreign_used,5,White,Leather Seats,"2006 Lexus GS 430 (foreign used), a well-priced sedan well suited to daily commuting and city driving — a good fit for urban professionals. Comes with leather seats.",
GTI,Volkswagen,2013,83500,149739,Gasoline,Automatic,Hatchback,foreign_used,5,Black,,"2013 Volkswagen GTI (foreign used), a well-priced hatchback well suited to quick city runs and easy parking — a good fit for budget-conscious buyers.",
H3,HUMMER,2010,174000,205298,Gasoline,Automatic,SUV,local_used,7,Blue,Leather Seats; All-Wheel Drive,"2010 HUMMER H3 (locally used), a budget-friendly suv well suited to family trips and weekend getaways — a good fit for family-oriented drivers. Comes with leather seats.",
H3T,HUMMER,2009,209000,193555,Gasoline,Manual,Truck,foreign_used,2,Black,Leather Seats; All-Wheel Drive,"2009 HUMMER H3T (foreign used), a well-priced truck well suited to hauling and rough roads — a good fit for adventure seekers. Comes with leather seats.",
H3T,HUMMER,2010,270000,170325,Gasoline,Automatic,Truck,foreign_used,2,Gray,Leather Seats; All-Wheel Drive,"2010 HUMMER H3T (foreign used), a premium truck well suited to hauling and rough roads — a good fit for adventure seekers. Comes with leather seats.",
GX 470,Lexus,2008,273500,268270,Gasoline,Automatic,SUV,foreign_used,7,White,Leather Seats; All-Wheel Drive,"2008 Lexus GX 470 (foreign used), a well-priced suv well suited to family trips and weekend getaways — a good fit for family-oriented drivers. Comes with leather seats.",
GX 470,Lexus,2009,295500,194752,Gasoline,Automatic,SUV,foreign_used,7,Gray,Leather Seats; All-Wheel Drive,"2009 Lexus GX 470 (foreign used), a well-priced suv well suited to family trips and weekend getaways — a good fit for family-oriented drivers. Comes with leather seats.",
H3,HUMMER,2008,160500,258563,Gasoline,Manual,SUV,foreign_used,7,White,Leather Seats; All-Wheel Drive,"2008 HUMMER H3 (foreign used), a budget-friendly suv well suited to family trips and weekend getaways — a good fit for family-oriented drivers. Comes with leather seats.",
H3,HUMMER,2009,188500,176455,Gasoline,Manual,SUV,local_used,7,Gray,Leather Seats; All-Wheel Drive,"2009 HUMMER H3 (locally used), a well-priced suv well suited to family trips and weekend getaways — a good fit for family-oriented drivers. Comes with leather seats.",
GTO,Pontiac,2006,135500,205573,Gasoline,Automatic,Coupe,foreign_used,4,Silver,,"2006 Pontiac GTO (foreign used), a budget-friendly coupe well suited to weekend drives and spirited handling — a good fit for lifestyle-focused drivers.",
GX 460,Lexus,2015,454000,101055,Gasoline,Automatic,SUV,local_used,7,Red,Leather Seats; All-Wheel Drive,"2015 Lexus GX 460 (locally used), a premium suv well suited to family trips and weekend getaways — a good fit for family-oriented drivers. Comes with leather seats. A solid pick for luxury lovers who want a standout badge.",
GX 460,Lexus,2016,477500,129100,Gasoline,Automatic,SUV,foreign_used,7,Black,Leather Seats; All-Wheel Drive,"2016 Lexus GX 460 (foreign used), a premium suv well suited to family trips and weekend getaways — a good fit for family-oriented drivers. Comes with leather seats. A solid pick for luxury lovers who want a standout badge.",
GX 460,Lexus,2017,515000,100900,Gasoline,Automatic,SUV,foreign_used,7,White,Leather Seats; All-Wheel Drive,"2017 Lexus GX 460 (foreign used), a premium suv well suited to family trips and weekend getaways — a good fit for family-oriented drivers. Comes with leather seats. A solid pick for luxury lovers who want a standout badge.",
GX 470,Lexus,2007,255000,269537,Gasoline,Automatic,SUV,foreign_used,7,White,Leather Seats; All-Wheel Drive,"2007 Lexus GX 470 (foreign used), a well-priced suv well suited to family trips and weekend getaways — a good fit for family-oriented drivers. Comes with leather seats.",
GTI,Volkswagen,2014,91500,142071,Gasoline,Automatic,Hatchback,local_used,5,Blue,,"2014 Volkswagen GTI (locally used), a well-priced hatchback well suited to quick city runs and easy parking — a good fit for budget-conscious buyers.",
GTO,Pontiac,2004,130000,280000,Gasoline,Automatic,Coupe,local_used,4,Silver,,"2004 Pontiac GTO (locally used), a budget-friendly coupe well suited to weekend drives and spirited handling — a good fit for lifestyle-focused drivers.",
GTO,Pontiac,2005,143500,212376,Gasoline,Automatic,Coupe,foreign_used,4,Gray,,"2005 Pontiac GTO (foreign used), a budget-friendly coupe well suited to weekend drives and spirited handling — a good fit for lifestyle-focused drivers.",
Highlander,Toyota,2015,218000,156329,Gasoline,Automatic,SUV,foreign_used,7,White,,"2015 Toyota Highlander (foreign used), a well-priced suv well suited to family trips and weekend getaways — a good fit for family-oriented drivers.",
HHR,Chevrolet,2011,186500,204894,Gasoline,Manual,Wagon,foreign_used,5,Black,,"2011 Chevrolet HHR (foreign used), a well-priced wagon well suited to family trips with plenty of cargo room — a good fit for family-oriented drivers.",
Highlander Hybrid,Toyota,2014,241000,163506,Gasoline,Automatic,SUV,foreign_used,7,White,All-Wheel Drive,"2014 Toyota Highlander Hybrid (foreign used), a well-priced suv well suited to family trips and weekend getaways — a good fit for family-oriented drivers. Comes with all-wheel drive.",
Highlander Hybrid,Toyota,2015,261500,154756,Gasoline,Automatic,SUV,local_used,7,Yellow,All-Wheel Drive,"2015 Toyota Highlander Hybrid (locally used), a well-priced suv well suited to family trips and weekend getaways — a good fit for family-oriented drivers. Comes with all-wheel drive.",
Highlander Hybrid,Toyota,2016,251500,135661,Gasoline,Automatic,SUV,foreign_used,7,Gray,All-Wheel Drive,"2016 Toyota Highlander Hybrid (foreign used), a well-priced suv well suited to family trips and weekend getaways — a good fit for family-oriented drivers. Comes with all-wheel drive.",
HHR,Chevrolet,2009,173500,216874,Gasoline,Automatic,Wagon,foreign_used,5,Red,,"2009 Chevrolet HHR (foreign used), a well-priced wagon well suited to family trips with plenty of cargo room — a good fit for family-oriented drivers.",
HHR,Chevrolet,2010,216500,156600,Gasoline,Manual,Wagon,foreign_used,5,Black,,"2010 Chevrolet HHR (foreign used), a well-priced wagon well suited to family trips with plenty of cargo room — a good fit for family-oriented drivers.",
HR-V,Honda,2017,255500,82756,Gasoline,Automatic,SUV,foreign_used,7,Silver,,"2017 Honda HR-V (foreign used), a well-priced suv well suited to family trips and weekend getaways — a good fit for family-oriented drivers.",
HS 250h,Lexus,2010,170500,232401,Gasoline,Automatic,Sedan,foreign_used,5,Gray,Leather Seats,"2010 Lexus HS 250h (foreign used), a well-priced sedan well suited to daily commuting and city driving — a good fit for urban professionals. Comes with leather seats.",
HR-V,Honda,2016,218500,126999,Gasoline,Automatic,SUV,foreign_used,7,Black,,"2016 Honda HR-V (foreign used), a well-priced suv well suited to family trips and weekend getaways — a good fit for family-oriented drivers.",
Highlander,Toyota,2016,277000,137792,Gasoline,Automatic,SUV,local_used,7,Blue,,"2016 Toyota Highlander (locally used), a well-priced suv well suited to family trips and weekend getaways — a good fit for family-oriented drivers.",
Horizon,Plymouth,1990,24500,280000,Gasoline,Manual,Hatchback,local_used,5,Red,,"1990 Plymouth Horizon (locally used), a budget-friendly hatchback well suited to quick city runs and easy parking — a good fit for budget-conscious buyers.",
ILX Hybrid,Acura,2014,290000,116446,Gasoline,Automatic,Sedan,foreign_used,5,Red,Leather Seats,"2014 Acura ILX Hybrid (foreign used), a premium sedan well suited to daily commuting and city driving — a good fit for urban professionals. Comes with leather seats. A solid pick for luxury lovers who want a standout badge.",
ILX,Acura,2015,311500,107262,Gasoline,Manual,Sedan,local_used,5,Gray,Leather Seats,"2015 Acura ILX (locally used), a premium sedan well suited to daily commuting and city driving — a good fit for urban professionals. Comes with leather seats. A solid pick for luxury lovers who want a standout badge.",
I30,Infiniti,2001,124000,280000,Gasoline,Automatic,Sedan,foreign_used,5,Black,Leather Seats,"2001 Infiniti I30 (foreign used), a well-priced sedan well suited to daily commuting and city driving — a good fit for urban professionals. Comes with leather seats.",
I35,Infiniti,2002,130000,277964,Gasoline,Automatic,Sedan,foreign_used,5,Black,Leather Seats,"2002 Infiniti I35 (foreign used), a well-priced sedan well suited to daily commuting and city driving — a good fit for urban professionals. Comes with leather seats.",
I35,Infiniti,2003,155000,234672,Gasoline,Automatic,Sedan,foreign_used,5,Yellow,Leather Seats,"2003 Infiniti I35 (foreign used), a well-priced sedan well suited to daily commuting and city driving — a good fit for urban professionals. Comes with leather seats.",
I35,Infiniti,2004,162000,262890,Gasoline,Automatic,Sedan,foreign_used,5,White,Leather Seats,"2004 Infiniti I35 (foreign used), a well-priced sedan well suited to daily commuting and city driving — a good fit for urban professionals. Comes with leather seats.",
i3,BMW,2015,163000,103238,Electric,Automatic,Hatchback,foreign_used,5,Gray,Leather Seats,"2015 BMW i3 (foreign used), a premium hatchback well suited to quick city runs and easy parking — a good fit for budget-conscious buyers. Comes with leather seats. A electric powertrain keeps running costs low for eco-conscious drivers. A solid pick for luxury lovers who want a standout badge.",
i3,BMW,2016,153500,124918,Electric,Automatic,Hatchback,foreign_used,5,Gray,Leather Seats,"2016 BMW i3 (foreign used), a premium hatchback well suited to quick city runs and easy parking — a good fit for budget-conscious buyers. Comes with leather seats. A electric powertrain keeps running costs low for eco-conscious drivers. A solid pick for luxury lovers who want a standout badge.",
i3,BMW,2017,176000,95526,Electric,Automatic,Hatchback,foreign_used,5,Silver,Leather Seats,"2017 BMW i3 (foreign used), a premium hatchback well suited to quick city runs and easy parking — a good fit for budget-conscious buyers. Comes with leather seats. A electric powertrain keeps running costs low for eco-conscious drivers. A solid pick for luxury lovers who want a standout badge.",
i-MiEV,Mitsubishi,2014,89500,165424,Electric,Automatic,Hatchback,local_used,5,Orange,,"2014 Mitsubishi i-MiEV (locally used), a well-priced hatchback well suited to quick city runs and easy parking — a good fit for budget-conscious buyers. A electric powertrain keeps running costs low for eco-conscious drivers.",
i-MiEV,Mitsubishi,2016,95000,108622,Electric,Automatic,Hatchback,foreign_used,5,Black,,"2016 Mitsubishi i-MiEV (foreign used), a well-priced hatchback well suited to quick city runs and easy parking — a good fit for budget-conscious buyers. A electric powertrain keeps running costs low for eco-conscious drivers.",
i-MiEV,Mitsubishi,2017,104500,105582,Electric,Automatic,Hatchback,foreign_used,5,Black,,"2017 Mitsubishi i-MiEV (foreign used), a well-priced hatchback well suited to quick city runs and easy parking — a good fit for budget-conscious buyers. A electric powertrain keeps running costs low for eco-conscious drivers.",
I30,Infiniti,1999,121500,244883,Gasoline,Automatic,Sedan,foreign_used,5,White,Leather Seats,"1999 Infiniti I30 (foreign used), a budget-friendly sedan well suited to daily commuting and city driving — a good fit for urban professionals. Comes with leather seats.",
I30,Infiniti,2000,106500,245302,Gasoline,Automatic,Sedan,foreign_used,5,Black,Leather Seats,"2000 Infiniti I30 (foreign used), a budget-friendly sedan well suited to daily commuting and city driving — a good fit for urban professionals. Comes with leather seats.",
HS 250h,Lexus,2011,233000,170324,Gasoline,Automatic,Sedan,foreign_used,5,Black,Leather Seats,"2011 Lexus HS 250h (foreign used), a premium sedan well suited to daily commuting and city driving — a good fit for urban professionals. Comes with leather seats. A solid pick for luxury lovers who want a standout badge.",
HS 250h,Lexus,2012,227000,166315,Gasoline,Automatic,Sedan,local_used,5,Black,Leather Seats,"2012 Lexus HS 250h (locally used), a well-priced sedan well suited to daily commuting and city driving — a good fit for urban professionals. Comes with leather seats.",
Huracan,Lamborghini,2015,477000,138601,Gasoline,Automatic,Coupe,foreign_used,4,Blue,All-Wheel Drive,"2015 Lamborghini Huracan (foreign used), a premium coupe well suited to weekend drives and spirited handling — a good fit for lifestyle-focused drivers. Comes with all-wheel drive. A solid pick for luxury lovers who want a standout badge.",
Huracan,Lamborghini,2016,477000,107500,Gasoline,Automatic,Coupe,foreign_used,4,Red,All-Wheel Drive,"2016 Lamborghini Huracan (foreign used), a premium coupe well suited to weekend drives and spirited handling — a good fit for lifestyle-focused drivers. Comes with all-wheel drive. A solid pick for luxury lovers who want a standout badge.",
Impala,Chevrolet,2015,172500,144869,Gasoline,Automatic,Sedan,foreign_used,5,White,,"2015 Chevrolet Impala (foreign used), a well-priced sedan well suited to daily commuting and city driving — a good fit for urban professionals.",
Impala,Chevrolet,2016,183000,141607,Gasoline,Automatic,Sedan,foreign_used,5,Black,,"2016 Chevrolet Impala (foreign used), a well-priced sedan well suited to daily commuting and city driving — a good fit for urban professionals.",
Impala Limited,Chevrolet,2015,142500,150470,Gasoline,Automatic,Sedan,foreign_used,5,Red,,"2015 Chevrolet Impala Limited (foreign used), a well-priced sedan well suited to daily commuting and city driving — a good fit for urban professionals.",
Impala Limited,Chevrolet,2016,167500,92377,Gasoline,Automatic,Sedan,foreign_used,5,White,,"2016 Chevrolet Impala Limited (foreign used), a well-priced sedan well suited to daily commuting and city driving — a good fit for urban professionals.",
ILX,Acura,2017,297000,106947,Gasoline,Automatic,Sedan,foreign_used,5,White,Leather Seats,"2017 Acura ILX (foreign used), a premium sedan well suited to daily commuting and city driving — a good fit for urban professionals. Comes with leather seats. A solid pick for luxury lovers who want a standout badge.",
Impala Limited,Chevrolet,2014,159000,115555,Gasoline,Automatic,Sedan,foreign_used,5,White,,"2014 Chevrolet Impala Limited (foreign used), a well-priced sedan well suited to daily commuting and city driving — a good fit for urban professionals.",
ILX,Acura,2016,323500,104523,Gasoline,Automatic,Sedan,foreign_used,5,Silver,Leather Seats,"2016 Acura ILX (foreign used), a premium sedan well suited to daily commuting and city driving — a good fit for urban professionals. Comes with leather seats. A solid pick for luxury lovers who want a standout badge.",
Impreza WRX,Subaru,2014,85000,179040,Gasoline,Manual,Hatchback,local_used,5,White,All-Wheel Drive,"2014 Subaru Impreza WRX (locally used), a well-priced hatchback well suited to quick city runs and easy parking — a good fit for budget-conscious buyers. Comes with all-wheel drive.",
Impreza,Subaru,2015,96500,108405,Gasoline,Automatic,Hatchback,foreign_used,5,Yellow,All-Wheel Drive,"2015 Subaru Impreza (foreign used), a well-priced hatchback well suited to quick city runs and easy parking — a good fit for budget-conscious buyers. Comes with all-wheel drive.",
Impreza WRX,Subaru,2013,88500,155913,Gasoline,Manual,Hatchback,local_used,5,Black,All-Wheel Drive,"2013 Subaru Impreza WRX (locally used), a well-priced hatchback well suited to quick city runs and easy parking — a good fit for budget-conscious buyers. Comes with all-wheel drive.",
Impala,Chevrolet,2017,194500,114380,Gasoline,Automatic,Sedan,local_used,5,Silver,,"2017 Chevrolet Impala (locally used), a well-priced sedan well suited to daily commuting and city driving — a good fit for urban professionals.",
Impreza,Subaru,2017,102500,118933,Gasoline,Automatic,Hatchback,foreign_used,5,Black,All-Wheel Drive,"2017 Subaru Impreza (foreign used), a well-priced hatchback well suited to quick city runs and easy parking — a good fit for budget-conscious buyers. Comes with all-wheel drive.",
iM,Scion,2016,89000,123579,Gasoline,Manual,Hatchback,foreign_used,5,Silver,,"2016 Scion iM (foreign used), a well-priced hatchback well suited to quick city runs and easy parking — a good fit for budget-conscious buyers.",
Impreza,Subaru,2016,102000,90586,Gasoline,Automatic,Hatchback,foreign_used,5,Gray,All-Wheel Drive,"2016 Subaru Impreza (foreign used), a well-priced hatchback well suited to quick city runs and easy parking — a good fit for budget-conscious buyers. Comes with all-wheel drive.",
Integra,Acura,1999,57000,280000,Gasoline,Manual,Hatchback,foreign_used,5,Gray,Leather Seats,"1999 Acura Integra (foreign used), a budget-friendly hatchback well suited to quick city runs and easy parking — a good fit for budget-conscious buyers. Comes with leather seats.",
Integra,Acura,2000,62000,280000,Gasoline,Manual,Hatchback,foreign_used,5,Gray,Leather Seats,"2000 Acura Integra (foreign used), a well-priced hatchback well suited to quick city runs and easy parking — a good fit for budget-conscious buyers. Comes with leather seats.",
Insight,Honda,2014,93500,114326,Gasoline,Automatic,Hatchback,local_used,5,Silver,,"2014 Honda Insight (locally used), a well-priced hatchback well suited to quick city runs and easy parking — a good fit for budget-conscious buyers.",
Insight,Honda,2013,83500,144349,Gasoline,Automatic,Hatchback,local_used,5,Red,,"2013 Honda Insight (locally used), a well-priced hatchback well suited to quick city runs and easy parking — a good fit for budget-conscious buyers.",
Insight,Honda,2012,81000,128789,Gasoline,Automatic,Hatchback,foreign_used,5,Blue,,"2012 Honda Insight (foreign used), a well-priced hatchback well suited to quick city runs and easy parking — a good fit for budget-conscious buyers.",
iQ,Scion,2013,84000,123129,Gasoline,Automatic,Hatchback,foreign_used,5,Gray,,"2013 Scion iQ (foreign used), a well-priced hatchback well suited to quick city runs and easy parking — a good fit for budget-conscious buyers.",
iQ,Scion,2014,77500,136578,Gasoline,Automatic,Hatchback,foreign_used,5,White,,"2014 Scion iQ (foreign used), a well-priced hatchback well suited to quick city runs and easy parking — a good fit for budget-conscious buyers.",
Integra,Acura,2001,120500,244907,Gasoline,Automatic,Sedan,local_used,5,White,Leather Seats,"2001 Acura Integra (locally used), a budget-friendly sedan well suited to daily commuting and city driving — a good fit for urban professionals. Comes with leather seats.",
Intrepid,Dodge,2002,83500,280000,Gasoline,Automatic,Sedan,foreign_used,5,White,,"2002 Dodge Intrepid (foreign used), a budget-friendly sedan well suited to daily commuting and city driving — a good fit for urban professionals.",
IS 350,Lexus,2015,258500,144505,Gasoline,Automatic,Sedan,foreign_used,5,Gray,Leather Seats,"2015 Lexus IS 350 (foreign used), a premium sedan well suited to daily commuting and city driving — a good fit for urban professionals. Comes with leather seats. A solid pick for luxury lovers who want a standout badge.",
IS 350,Lexus,2016,293500,138035,Gasoline,Automatic,Sedan,local_used,5,Black,Leather Seats; All-Wheel Drive,"2016 Lexus IS 350 (locally used), a premium sedan well suited to daily commuting and city driving — a good fit for urban professionals. Comes with leather seats. A solid pick for luxury lovers who want a standout badge.",
IS F,Lexus,2012,265000,142813,Gasoline,Automatic,Sedan,foreign_used,5,Black,Leather Seats,"2012 Lexus IS F (foreign used), a premium sedan well suited to daily commuting and city driving — a good fit for urban professionals. Comes with leather seats. A solid pick for luxury lovers who want a standout badge.",
IS F,Lexus,2013,287000,130064,Gasoline,Automatic,Sedan,local_used,5,Red,Leather Seats,"2013 Lexus IS F (locally used), a premium sedan well suited to daily commuting and city driving — a good fit for urban professionals. Comes with leather seats. A solid pick for luxury lovers who want a standout badge.",
IS F,Lexus,2014,313500,115529,Gasoline,Automatic,Sedan,foreign_used,5,Red,Leather Seats,"2014 Lexus IS F (foreign used), a premium sedan well suited to daily commuting and city driving — a good fit for urban professionals. Comes with leather seats. A solid pick for luxury lovers who want a standout badge.",
J30,Infiniti,1995,88000,280000,Gasoline,Automatic,Sedan,foreign_used,5,Red,Leather Seats,"1995 Infiniti J30 (foreign used), a budget-friendly sedan well suited to daily commuting and city driving — a good fit for urban professionals. Comes with leather seats.",
IS 300,Lexus,2005,141000,278016,Gasoline,Manual,Sedan,local_used,5,Black,Leather Seats,"2005 Lexus IS 300 (locally used), a well-priced sedan well suited to daily commuting and city driving — a good fit for urban professionals. Comes with leather seats.",
IS 300,Lexus,2016,350000,91895,Gasoline,Automatic,Sedan,foreign_used,5,Gray,Leather Seats; All-Wheel Drive,"2016 Lexus IS 300 (foreign used), a premium sedan well suited to daily commuting and city driving — a good fit for urban professionals. Comes with leather seats. A solid pick for luxury lovers who want a standout badge.",
IS 300,Lexus,2017,293500,131555,Gasoline,Automatic,Sedan,foreign_used,5,Black,Leather Seats; All-Wheel Drive,"2017 Lexus IS 300 (foreign used), a premium sedan well suited to daily commuting and city driving — a good fit for urban professionals. Comes with leather seats. A solid pick for luxury lovers who want a standout badge.",
IS 350 C,Lexus,2013,663500,121054,Gasoline,Automatic,Convertible,foreign_used,4,White,Leather Seats,"2013 Lexus IS 350 C (foreign used), a well-priced convertible well suited to weekend adventures and open-top cruising — a good fit for adventure seekers and luxury lovers. Comes with leather seats.",
IS 350 C,Lexus,2014,580500,146973,Gasoline,Automatic,Convertible,foreign_used,4,White,Leather Seats,"2014 Lexus IS 350 C (foreign used), a well-priced convertible well suited to weekend adventures and open-top cruising — a good fit for adventure seekers and luxury lovers. Comes with leather seats.",
IS 350 C,Lexus,2015,659000,145798,Gasoline,Automatic,Convertible,foreign_used,4,Black,Leather Seats,"2015 Lexus IS 350 C (foreign used), a well-priced convertible well suited to weekend adventures and open-top cruising — a good fit for adventure seekers and luxury lovers. Comes with leather seats.",
IS 350,Lexus,2014,247000,170710,Gasoline,Automatic,Sedan,foreign_used,5,Black,Leather Seats,"2014 Lexus IS 350 (foreign used), a premium sedan well suited to daily commuting and city driving — a good fit for urban professionals. Comes with leather seats. A solid pick for luxury lovers who want a standout badge.",
IS 250,Lexus,2014,252500,159414,Gasoline,Automatic,Sedan,foreign_used,5,Blue,Leather Seats,"2014 Lexus IS 250 (foreign used), a premium sedan well suited to daily commuting and city driving — a good fit for urban professionals. Comes with leather seats. A solid pick for luxury lovers who want a standout badge.",
IS 250,Lexus,2015,273000,151914,Gasoline,Automatic,Sedan,foreign_used,5,White,Leather Seats,"2015 Lexus IS 250 (foreign used), a premium sedan well suited to daily commuting and city driving — a good fit for urban professionals. Comes with leather seats. A solid pick for luxury lovers who want a standout badge.",
iQ,Scion,2015,79500,121404,Gasoline,Automatic,Hatchback,local_used,5,Gray,,"2015 Scion iQ (locally used), a well-priced hatchback well suited to quick city runs and easy parking — a good fit for budget-conscious buyers.",
IS 200t,Lexus,2016,266000,138890,Gasoline,Automatic,Sedan,local_used,5,Silver,Leather Seats,"2016 Lexus IS 200t (locally used), a premium sedan well suited to daily commuting and city driving — a good fit for urban professionals. Comes with leather seats. A solid pick for luxury lovers who want a standout badge.",
IS 200t,Lexus,2017,355000,85326,Gasoline,Automatic,Sedan,foreign_used,5,Black,Leather Seats,"2017 Lexus IS 200t (foreign used), a premium sedan well suited to daily commuting and city driving — a good fit for urban professionals. Comes with leather seats. A solid pick for luxury lovers who want a standout badge.",
IS 250 C,Lexus,2013,581500,186796,Gasoline,Automatic,Convertible,foreign_used,4,Silver,Leather Seats,"2013 Lexus IS 250 C (foreign used), a well-priced convertible well suited to weekend adventures and open-top cruising — a good fit for adventure seekers and luxury lovers. Comes with leather seats.",
IS 250 C,Lexus,2014,580000,147427,Gasoline,Automatic,Convertible,foreign_used,4,Black,Leather Seats,"2014 Lexus IS 250 C (foreign used), a well-priced convertible well suited to weekend adventures and open-top cruising — a good fit for adventure seekers and luxury lovers. Comes with leather seats.",
IS 250 C,Lexus,2015,630500,152942,Gasoline,Automatic,Convertible,foreign_used,4,Silver,Leather Seats,"2015 Lexus IS 250 C (foreign used), a well-priced convertible well suited to weekend adventures and open-top cruising — a good fit for adventure seekers and luxury lovers. Comes with leather seats.",
IS 250,Lexus,2013,233500,152281,Gasoline,Automatic,Sedan,local_used,5,Black,Leather Seats,"2013 Lexus IS 250 (locally used), a premium sedan well suited to daily commuting and city driving — a good fit for urban professionals. Comes with leather seats. A solid pick for luxury lovers who want a standout badge.",
Jetta GLI,Volkswagen,2013,126500,167199,Gasoline,Manual,Sedan,local_used,5,White,,"2013 Volkswagen Jetta GLI (locally used), a well-priced sedan well suited to daily commuting and city driving — a good fit for urban professionals.",
Jetta GLI,Volkswagen,2014,143000,145901,Gasoline,Manual,Sedan,foreign_used,5,White,,"2014 Volkswagen Jetta GLI (foreign used), a well-priced sedan well suited to daily commuting and city driving — a good fit for urban professionals.",
J30,Infiniti,1996,90000,280000,Gasoline,Automatic,Sedan,foreign_used,5,Silver,Leather Seats,"1996 Infiniti J30 (foreign used), a budget-friendly sedan well suited to daily commuting and city driving — a good fit for urban professionals. Comes with leather seats.",
J30,Infiniti,1997,108500,275204,Gasoline,Automatic,Sedan,foreign_used,5,Red,Leather Seats,"1997 Infiniti J30 (foreign used), a budget-friendly sedan well suited to daily commuting and city driving — a good fit for urban professionals. Comes with leather seats.",
Jetta Hybrid,Volkswagen,2014,169000,112345,Gasoline,Automatic,Sedan,foreign_used,5,Black,,"2014 Volkswagen Jetta Hybrid (foreign used), a well-priced sedan well suited to daily commuting and city driving — a good fit for urban professionals.",
Jetta SportWagen,Volkswagen,2012,246000,146757,Diesel,Manual,Wagon,foreign_used,5,Gray,,"2012 Volkswagen Jetta SportWagen (foreign used), a well-priced wagon well suited to family trips with plenty of cargo room — a good fit for family-oriented drivers.",
Jetta Hybrid,Volkswagen,2013,140500,129444,Gasoline,Automatic,Sedan,local_used,5,Gray,,"2013 Volkswagen Jetta Hybrid (locally used), a well-priced sedan well suited to daily commuting and city driving — a good fit for urban professionals.",
Jetta SportWagen,Volkswagen,2014,280000,170768,Diesel,Automatic,Wagon,local_used,5,Red,,"2014 Volkswagen Jetta SportWagen (locally used), a premium wagon well suited to family trips with plenty of cargo room — a good fit for family-oriented drivers.",
Jetta SportWagen,Volkswagen,2013,261000,134099,Diesel,Manual,Wagon,foreign_used,5,Blue,,"2013 Volkswagen Jetta SportWagen (foreign used), a well-priced wagon well suited to family trips with plenty of cargo room — a good fit for family-oriented drivers.",
Shelby GT500,Ford,2014,381000,178262,Gasoline,Manual,Convertible,foreign_used,4,Silver,,"2014 Ford Shelby GT500 (foreign used), a well-priced convertible well suited to weekend adventures and open-top cruising — a good fit for adventure seekers and luxury lovers.",
Shelby GT350,Ford,2016,271000,110214,Gasoline,Manual,Coupe,local_used,4,Gray,,"2016 Ford Shelby GT350 (locally used), a well-priced coupe well suited to weekend drives and spirited handling — a good fit for lifestyle-focused drivers.",
Shelby GT350,Ford,2017,307500,90834,Gasoline,Manual,Coupe,foreign_used,4,Red,,"2017 Ford Shelby GT350 (foreign used), a well-priced coupe well suited to weekend drives and spirited handling — a good fit for lifestyle-focused drivers.",
Shelby GT500,Ford,2012,184500,192335,Gasoline,Manual,Coupe,foreign_used,4,Black,,"2012 Ford Shelby GT500 (foreign used), a budget-friendly coupe well suited to weekend drives and spirited handling — a good fit for lifestyle-focused drivers.",
Shelby GT500,Ford,2013,345500,168379,Gasoline,Manual,Convertible,foreign_used,4,Black,,"2013 Ford Shelby GT500 (foreign used), a budget-friendly convertible well suited to weekend adventures and open-top cruising — a good fit for adventure seekers and luxury lovers.",
Shadow,Dodge,1993,27000,280000,Gasoline,Manual,Hatchback,local_used,5,White,,"1993 Dodge Shadow (locally used), a budget-friendly hatchback well suited to quick city runs and easy parking — a good fit for budget-conscious buyers.",
Shadow,Dodge,1994,27500,280000,Gasoline,Manual,Hatchback,foreign_used,5,Blue,,"1994 Dodge Shadow (foreign used), a budget-friendly hatchback well suited to quick city runs and easy parking — a good fit for budget-conscious buyers.",
Shelby GT350,Ford,2015,242500,146467,Gasoline,Manual,Coupe,foreign_used,4,Blue,,"2015 Ford Shelby GT350 (foreign used), a well-priced coupe well suited to weekend drives and spirited handling — a good fit for lifestyle-focused drivers.",
Shadow,Dodge,1992,28000,280000,Gasoline,Manual,Hatchback,local_used,5,White,,"1992 Dodge Shadow (locally used), a budget-friendly hatchback well suited to quick city runs and easy parking — a good fit for budget-conscious buyers.",
Sequoia,Toyota,2017,260000,134802,Gasoline,Automatic,SUV,local_used,7,Silver,All-Wheel Drive,"2017 Toyota Sequoia (locally used), a well-priced suv well suited to family trips and weekend getaways — a good fit for family-oriented drivers. Comes with all-wheel drive.",
Seville,Cadillac,2002,137000,280000,Gasoline,Automatic,Sedan,local_used,5,Silver,Leather Seats,"2002 Cadillac Seville (locally used), a well-priced sedan well suited to daily commuting and city driving — a good fit for urban professionals. Comes with leather seats.",
Seville,Cadillac,2003,160500,280000,Gasoline,Automatic,Sedan,foreign_used,5,White,Leather Seats,"2003 Cadillac Seville (foreign used), a well-priced sedan well suited to daily commuting and city driving — a good fit for urban professionals. Comes with leather seats.",
Seville,Cadillac,2004,165000,224340,Gasoline,Automatic,Sedan,foreign_used,5,Orange,Leather Seats,"2004 Cadillac Seville (foreign used), a well-priced sedan well suited to daily commuting and city driving — a good fit for urban professionals. Comes with leather seats.",
Sequoia,Toyota,2016,295000,130814,Gasoline,Automatic,SUV,local_used,7,White,All-Wheel Drive,"2016 Toyota Sequoia (locally used), a well-priced suv well suited to family trips and weekend getaways — a good fit for family-oriented drivers. Comes with all-wheel drive.",
Jetta,Volkswagen,2015,178000,103765,Diesel,Manual,Sedan,local_used,5,White,,"2015 Volkswagen Jetta (locally used), a well-priced sedan well suited to daily commuting and city driving — a good fit for urban professionals.",
Jetta,Volkswagen,2016,187500,91839,Gasoline,Manual,Sedan,foreign_used,5,Silver,,"2016 Volkswagen Jetta (foreign used), a well-priced sedan well suited to daily commuting and city driving — a good fit for urban professionals.",
Jetta,Volkswagen,2017,193000,94915,Gasoline,Automatic,Sedan,foreign_used,5,Gray,,"2017 Volkswagen Jetta (foreign used), a well-priced sedan well suited to daily commuting and city driving — a good fit for urban professionals.",
Sequoia,Toyota,2015,298000,129533,Gasoline,Automatic,SUV,local_used,7,White,All-Wheel Drive,"2015 Toyota Sequoia (locally used), a well-priced suv well suited to family trips and weekend getaways — a good fit for family-oriented drivers. Comes with all-wheel drive.",
Sebring,Chrysler,2009,106500,241564,Gasoline,Automatic,Sedan,local_used,5,Gray,,"2009 Chrysler Sebring (locally used), a budget-friendly sedan well suited to daily commuting and city driving — a good fit for urban professionals.",
Sebring,Chrysler,2010,101000,213808,Gasoline,Automatic,Sedan,foreign_used,5,Silver,,"2010 Chrysler Sebring (foreign used), a budget-friendly sedan well suited to daily commuting and city driving — a good fit for urban professionals.",
Sebring,Chrysler,2008,228500,242212,Gasoline,Automatic,Convertible,foreign_used,4,White,,"2008 Chrysler Sebring (foreign used), a budget-friendly convertible well suited to weekend adventures and open-top cruising — a good fit for adventure seekers and luxury lovers.",
SC 430,Lexus,2010,518000,184847,Gasoline,Automatic,Convertible,foreign_used,4,White,Leather Seats,"2010 Lexus SC 430 (foreign used), a well-priced convertible well suited to weekend adventures and open-top cruising — a good fit for adventure seekers and luxury lovers. Comes with leather seats.",
SC 300,Lexus,1998,163000,280000,Gasoline,Automatic,Coupe,foreign_used,4,Silver,Leather Seats,"1998 Lexus SC 300 (foreign used), a budget-friendly coupe well suited to weekend drives and spirited handling — a good fit for lifestyle-focused drivers. Comes with leather seats.",
SC 300,Lexus,1999,177500,280000,Gasoline,Automatic,Coupe,foreign_used,4,Black,Leather Seats,"1999 Lexus SC 300 (foreign used), a budget-friendly coupe well suited to weekend drives and spirited handling — a good fit for lifestyle-focused drivers. Comes with leather seats.",
SC 300,Lexus,2000,176000,280000,Gasoline,Automatic,Coupe,foreign_used,4,Red,Leather Seats,"2000 Lexus SC 300 (foreign used), a budget-friendly coupe well suited to weekend drives and spirited handling — a good fit for lifestyle-focused drivers. Comes with leather seats.",
SC 400,Lexus,1998,149000,258738,Gasoline,Automatic,Coupe,foreign_used,4,Blue,Leather Seats,"1998 Lexus SC 400 (foreign used), a budget-friendly coupe well suited to weekend drives and spirited handling — a good fit for lifestyle-focused drivers. Comes with leather seats.",
SC 400,Lexus,1999,178000,280000,Gasoline,Automatic,Coupe,foreign_used,4,Orange,Leather Seats,"1999 Lexus SC 400 (foreign used), a budget-friendly coupe well suited to weekend drives and spirited handling — a good fit for lifestyle-focused drivers. Comes with leather seats.",
SC 400,Lexus,2000,187500,280000,Gasoline,Automatic,Coupe,foreign_used,4,Black,Leather Seats,"2000 Lexus SC 400 (foreign used), a well-priced coupe well suited to weekend drives and spirited handling — a good fit for lifestyle-focused drivers. Comes with leather seats.",
SC 430,Lexus,2008,448000,209370,Gasoline,Automatic,Convertible,local_used,4,Yellow,Leather Seats,"2008 Lexus SC 430 (locally used), a well-priced convertible well suited to weekend adventures and open-top cruising — a good fit for adventure seekers and luxury lovers. Comes with leather seats.",
SC 430,Lexus,2009,475000,226976,Gasoline,Automatic,Convertible,foreign_used,4,Black,Leather Seats,"2009 Lexus SC 430 (foreign used), a well-priced convertible well suited to weekend adventures and open-top cruising — a good fit for adventure seekers and luxury lovers. Comes with leather seats.",
Savana,GMC,2015,307000,131120,Gasoline,Automatic,Wagon,foreign_used,5,Black,,"2015 GMC Savana (foreign used), a premium wagon well suited to family trips with plenty of cargo room — a good fit for family-oriented drivers.",
Savana,GMC,2016,335500,142405,Gasoline,Automatic,Wagon,local_used,5,White,,"2016 GMC Savana (locally used), a premium wagon well suited to family trips with plenty of cargo room — a good fit for family-oriented drivers.",
Savana,GMC,2014,294000,172851,Gasoline,Automatic,Wagon,foreign_used,5,White,,"2014 GMC Savana (foreign used), a premium wagon well suited to family trips with plenty of cargo room — a good fit for family-oriented drivers.",
Savana Cargo,GMC,2015,315000,126834,Gasoline,Automatic,Wagon,local_used,5,Gray,,"2015 GMC Savana Cargo (locally used), a premium wagon well suited to family trips with plenty of cargo room — a good fit for family-oriented drivers.",
Savana Cargo,GMC,2016,356000,106610,Gasoline,Automatic,Wagon,local_used,5,Black,,"2016 GMC Savana Cargo (locally used), a premium wagon well suited to family trips with plenty of cargo room — a good fit for family-oriented drivers.",
Santa Fe,Hyundai,2017,298000,112987,Gasoline,Automatic,SUV,foreign_used,7,White,,"2017 Hyundai Santa Fe (foreign used), a well-priced suv well suited to family trips and weekend getaways — a good fit for family-oriented drivers.",
Savana Cargo,GMC,2014,257000,173690,Gasoline,Automatic,Wagon,local_used,5,Silver,,"2014 GMC Savana Cargo (locally used), a well-priced wagon well suited to family trips with plenty of cargo room — a good fit for family-oriented drivers.",
Journey,Dodge,2017,254000,92376,Gasoline,Automatic,SUV,foreign_used,7,Black,All-Wheel Drive,"2017 Dodge Journey (foreign used), a well-priced suv well suited to family trips and weekend getaways — a good fit for family-oriented drivers. Comes with all-wheel drive.",
Juke,Nissan,2015,97500,140116,Gasoline,Automatic,Hatchback,foreign_used,5,Silver,,"2015 Nissan Juke (foreign used), a well-priced hatchback well suited to quick city runs and easy parking — a good fit for budget-conscious buyers.",
Journey,Dodge,2016,225000,127894,Gasoline,Automatic,SUV,foreign_used,7,Black,,"2016 Dodge Journey (foreign used), a well-priced suv well suited to family trips and weekend getaways — a good fit for family-oriented drivers.",
Journey,Dodge,2015,191500,147385,Gasoline,Automatic,SUV,foreign_used,7,Blue,,"2015 Dodge Journey (foreign used), a well-priced suv well suited to family trips and weekend getaways — a good fit for family-oriented drivers.",
Juke,Nissan,2017,120000,88105,Gasoline,Automatic,Hatchback,local_used,5,Blue,All-Wheel Drive,"2017 Nissan Juke (locally used), a premium hatchback well suited to quick city runs and easy parking — a good fit for budget-conscious buyers. Comes with all-wheel drive.",
Justy,Subaru,1992,28500,280000,Gasoline,Manual,Hatchback,foreign_used,5,Silver,All-Wheel Drive,"1992 Subaru Justy (foreign used), a budget-friendly hatchback well suited to quick city runs and easy parking — a good fit for budget-conscious buyers. Comes with all-wheel drive.",
Juke,Nissan,2016,86000,144542,Gasoline,Automatic,Hatchback,foreign_used,5,Black,,"2016 Nissan Juke (foreign used), a well-priced hatchback well suited to quick city runs and easy parking — a good fit for budget-conscious buyers.",
JX,Infiniti,2013,370000,131015,Gasoline,Automatic,SUV,foreign_used,7,Black,Leather Seats; All-Wheel Drive,"2013 Infiniti JX (foreign used), a premium suv well suited to family trips and weekend getaways — a good fit for family-oriented drivers. Comes with leather seats. A solid pick for luxury lovers who want a standout badge.",
K900,Kia,2015,191500,114678,Gasoline,Automatic,Sedan,foreign_used,5,Blue,Leather Seats,"2015 Kia K900 (foreign used), a well-priced sedan well suited to daily commuting and city driving — a good fit for urban professionals. Comes with leather seats.",
K900,Kia,2016,170000,148284,Gasoline,Automatic,Sedan,foreign_used,5,Black,Leather Seats,"2016 Kia K900 (foreign used), a well-priced sedan well suited to daily commuting and city driving — a good fit for urban professionals. Comes with leather seats.",
Justy,Subaru,1993,26500,280000,Gasoline,Automatic,Hatchback,foreign_used,5,White,,"1993 Subaru Justy (foreign used), a budget-friendly hatchback well suited to quick city runs and easy parking — a good fit for budget-conscious buyers.",
Justy,Subaru,1994,31000,280000,Gasoline,Manual,Hatchback,local_used,5,White,,"1994 Subaru Justy (locally used), a budget-friendly hatchback well suited to quick city runs and easy parking — a good fit for budget-conscious buyers.",
Santa Fe,Hyundai,2016,240500,119537,Gasoline,Automatic,SUV,foreign_used,7,Silver,,"2016 Hyundai Santa Fe (foreign used), a well-priced suv well suited to family trips and weekend getaways — a good fit for family-oriented drivers.",
Santa Fe,Hyundai,2015,252500,115317,Gasoline,Automatic,SUV,local_used,7,Silver,All-Wheel Drive,"2015 Hyundai Santa Fe (locally used), a well-priced suv well suited to family trips and weekend getaways — a good fit for family-oriented drivers. Comes with all-wheel drive.",
Santa Fe Sport,Hyundai,2016,221500,142245,Gasoline,Automatic,SUV,foreign_used,7,Blue,,"2016 Hyundai Santa Fe Sport (foreign used), a well-priced suv well suited to family trips and weekend getaways — a good fit for family-oriented drivers.",
Santa Fe Sport,Hyundai,2017,291000,105046,Gasoline,Automatic,SUV,local_used,7,White,All-Wheel Drive,"2017 Hyundai Santa Fe Sport (locally used), a well-priced suv well suited to family trips and weekend getaways — a good fit for family-oriented drivers. Comes with all-wheel drive.",
Santa Fe Sport,Hyundai,2015,223500,132978,Gasoline,Automatic,SUV,local_used,7,Black,,"2015 Hyundai Santa Fe Sport (locally used), a well-priced suv well suited to family trips and weekend getaways — a good fit for family-oriented drivers.",
LaCrosse,Buick,2016,172500,111554,Gasoline,Automatic,Sedan,foreign_used,5,Blue,,"2016 Buick LaCrosse (foreign used), a well-priced sedan well suited to daily commuting and city driving — a good fit for urban professionals.",
LaCrosse,Buick,2017,176000,113019,Gasoline,Automatic,Sedan,foreign_used,5,Blue,,"2017 Buick LaCrosse (foreign used), a well-priced sedan well suited to daily commuting and city driving — a good fit for urban professionals.",
LaCrosse,Buick,2015,193500,109793,Gasoline,Automatic,Sedan,local_used,5,Black,All-Wheel Drive,"2015 Buick LaCrosse (locally used), a well-priced sedan well suited to daily commuting and city driving — a good fit for urban professionals. Comes with all-wheel drive.",
Lancer,Mitsubishi,2015,172000,124811,Gasoline,Automatic,Sedan,foreign_used,5,Black,All-Wheel Drive,"2015 Mitsubishi Lancer (foreign used), a well-priced sedan well suited to daily commuting and city driving — a good fit for urban professionals. Comes with all-wheel drive.",
Lancer Evolution,Mitsubishi,2015,157500,162981,Gasoline,Automatic,Sedan,local_used,5,Black,All-Wheel Drive,"2015 Mitsubishi Lancer Evolution (locally used), a well-priced sedan well suited to daily commuting and city driving — a good fit for urban professionals. Comes with all-wheel drive.",
Lancer Sportback,Mitsubishi,2012,79500,147683,Gasoline,Automatic,Hatchback,foreign_used,5,Red,,"2012 Mitsubishi Lancer Sportback (foreign used), a well-priced hatchback well suited to quick city runs and easy parking — a good fit for budget-conscious buyers.",
Lancer Sportback,Mitsubishi,2013,67000,168225,Gasoline,Automatic,Hatchback,foreign_used,5,White,,"2013 Mitsubishi Lancer Sportback (foreign used), a well-priced hatchback well suited to quick city runs and easy parking — a good fit for budget-conscious buyers.",
Lancer Sportback,Mitsubishi,2014,90000,131414,Gasoline,Automatic,Hatchback,foreign_used,5,Red,,"2014 Mitsubishi Lancer Sportback (foreign used), a well-priced hatchback well suited to quick city runs and easy parking — a good fit for budget-conscious buyers.",
Lancer Evolution,Mitsubishi,2013,145000,177331,Gasoline,Automatic,Sedan,local_used,5,Gray,All-Wheel Drive,"2013 Mitsubishi Lancer Evolution (locally used), a well-priced sedan well suited to daily commuting and city driving — a good fit for urban professionals. Comes with all-wheel drive.",
Lancer Evolution,Mitsubishi,2014,167000,117423,Gasoline,Automatic,Sedan,foreign_used,5,Silver,All-Wheel Drive,"2014 Mitsubishi Lancer Evolution (foreign used), a well-priced sedan well suited to daily commuting and city driving — a good fit for urban professionals. Comes with all-wheel drive.",
S8,Audi,2016,278500,148189,Gasoline,Automatic,Sedan,local_used,5,White,Leather Seats; All-Wheel Drive,"2016 Audi S8 (locally used), a premium sedan well suited to daily commuting and city driving — a good fit for urban professionals. Comes with leather seats. A solid pick for luxury lovers who want a standout badge.",
S8,Audi,2017,325000,105505,Gasoline,Automatic,Sedan,local_used,5,Silver,Leather Seats; All-Wheel Drive,"2017 Audi S8 (locally used), a premium sedan well suited to daily commuting and city driving — a good fit for urban professionals. Comes with leather seats. A solid pick for luxury lovers who want a standout badge.",
S90,Volvo,1998,63000,280000,Gasoline,Automatic,Sedan,foreign_used,5,Black,Leather Seats,"1998 Volvo S90 (foreign used), a budget-friendly sedan well suited to daily commuting and city driving — a good fit for urban professionals. Comes with leather seats.",
S90,Volvo,2017,222000,84969,Gasoline,Automatic,Sedan,foreign_used,5,White,Leather Seats,"2017 Volvo S90 (foreign used), a well-priced sedan well suited to daily commuting and city driving — a good fit for urban professionals. Comes with leather seats.",
S80,Volvo,2015,181000,110204,Gasoline,Automatic,Sedan,local_used,5,Gray,Leather Seats; All-Wheel Drive,"2015 Volvo S80 (locally used), a well-priced sedan well suited to daily commuting and city driving — a good fit for urban professionals. Comes with leather seats.",
S80,Volvo,2016,183000,121186,Gasoline,Automatic,Sedan,foreign_used,5,Yellow,Leather Seats,"2016 Volvo S80 (foreign used), a well-priced sedan well suited to daily commuting and city driving — a good fit for urban professionals. Comes with leather seats.",
S8,Audi,2015,300500,121242,Gasoline,Automatic,Sedan,local_used,5,Silver,Leather Seats; All-Wheel Drive,"2015 Audi S8 (locally used), a premium sedan well suited to daily commuting and city driving — a good fit for urban professionals. Comes with leather seats. A solid pick for luxury lovers who want a standout badge.",
Laser,Plymouth,1994,32000,280000,Gasoline,Manual,Hatchback,foreign_used,5,Gray,,"1994 Plymouth Laser (foreign used), a budget-friendly hatchback well suited to quick city runs and easy parking — a good fit for budget-conscious buyers.",
Laser,Plymouth,1992,29000,280000,Gasoline,Manual,Hatchback,foreign_used,5,White,,"1992 Plymouth Laser (foreign used), a budget-friendly hatchback well suited to quick city runs and easy parking — a good fit for budget-conscious buyers.",
Laser,Plymouth,1993,27000,280000,Gasoline,Manual,Hatchback,local_used,5,Black,All-Wheel Drive,"1993 Plymouth Laser (locally used), a budget-friendly hatchback well suited to quick city runs and easy parking — a good fit for budget-conscious buyers. Comes with all-wheel drive.",
Land Cruiser,Toyota,2015,266500,139732,Gasoline,Automatic,SUV,foreign_used,7,White,Leather Seats; All-Wheel Drive,"2015 Toyota Land Cruiser (foreign used), a well-priced suv well suited to family trips and weekend getaways — a good fit for family-oriented drivers. Comes with leather seats.",
Land Cruiser,Toyota,2016,272500,132407,Gasoline,Automatic,SUV,foreign_used,7,Silver,Leather Seats; All-Wheel Drive,"2016 Toyota Land Cruiser (foreign used), a well-priced suv well suited to family trips and weekend getaways — a good fit for family-oriented drivers. Comes with leather seats.",
Land Cruiser,Toyota,2017,333500,90020,Gasoline,Automatic,SUV,foreign_used,7,Red,Leather Seats; All-Wheel Drive,"2017 Toyota Land Cruiser (foreign used), a well-priced suv well suited to family trips and weekend getaways — a good fit for family-oriented drivers. Comes with leather seats.",
Landaulet,Maybach,2011,650500,150086,Gasoline,Automatic,Convertible,foreign_used,4,Gray,Leather Seats,"2011 Maybach Landaulet (foreign used), a well-priced convertible well suited to weekend adventures and open-top cruising — a good fit for adventure seekers and luxury lovers. Comes with leather seats.",
Landaulet,Maybach,2012,815000,129080,Gasoline,Automatic,Convertible,foreign_used,4,White,Leather Seats,"2012 Maybach Landaulet (foreign used), a premium convertible well suited to weekend adventures and open-top cruising — a good fit for adventure seekers and luxury lovers. Comes with leather seats. A solid pick for luxury lovers who want a standout badge.",
S70,Volvo,2000,74000,280000,Gasoline,Manual,Sedan,local_used,5,Black,Leather Seats,"2000 Volvo S70 (locally used), a budget-friendly sedan well suited to daily commuting and city driving — a good fit for urban professionals. Comes with leather seats.",
S7,Audi,2015,320500,142811,Gasoline,Automatic,Sedan,foreign_used,5,Silver,Leather Seats; All-Wheel Drive,"2015 Audi S7 (foreign used), a premium sedan well suited to daily commuting and city driving — a good fit for urban professionals. Comes with leather seats. A solid pick for luxury lovers who want a standout badge.",
S7,Audi,2016,305500,118478,Gasoline,Automatic,Sedan,foreign_used,5,Black,Leather Seats; All-Wheel Drive,"2016 Audi S7 (foreign used), a premium sedan well suited to daily commuting and city driving — a good fit for urban professionals. Comes with leather seats. A solid pick for luxury lovers who want a standout badge.",
S7,Audi,2017,346000,126585,Gasoline,Automatic,Sedan,foreign_used,5,Blue,Leather Seats; All-Wheel Drive,"2017 Audi S7 (foreign used), a premium sedan well suited to daily commuting and city driving — a good fit for urban professionals. Comes with leather seats. A solid pick for luxury lovers who want a standout badge.",
S80,Volvo,2014,165000,166008,Gasoline,Automatic,Sedan,foreign_used,5,Blue,Leather Seats,"2014 Volvo S80 (foreign used), a well-priced sedan well suited to daily commuting and city driving — a good fit for urban professionals. Comes with leather seats.",
S70,Volvo,1999,65000,280000,Gasoline,Manual,Sedan,foreign_used,5,Silver,Leather Seats,"1999 Volvo S70 (foreign used), a budget-friendly sedan well suited to daily commuting and city driving — a good fit for urban professionals. Comes with leather seats.",
S6,Audi,2016,295500,142096,Gasoline,Automatic,Sedan,local_used,5,Black,Leather Seats; All-Wheel Drive,"2016 Audi S6 (locally used), a premium sedan well suited to daily commuting and city driving — a good fit for urban professionals. Comes with leather seats. A solid pick for luxury lovers who want a standout badge.",
S6,Audi,2017,334000,92115,Gasoline,Automatic,Sedan,local_used,5,Black,Leather Seats; All-Wheel Drive,"2017 Audi S6 (locally used), a premium sedan well suited to daily commuting and city driving — a good fit for urban professionals. Comes with leather seats. A solid pick for luxury lovers who want a standout badge.",
S70,Volvo,1998,62000,270802,Gasoline,Manual,Sedan,foreign_used,5,White,Leather Seats,"1998 Volvo S70 (foreign used), a budget-friendly sedan well suited to daily commuting and city driving — a good fit for urban professionals. Comes with leather seats.",
S60,Volvo,2016,188000,106185,Gasoline,Automatic,Sedan,foreign_used,5,Black,Leather Seats,"2016 Volvo S60 (foreign used), a well-priced sedan well suited to daily commuting and city driving — a good fit for urban professionals. Comes with leather seats.",
S60,Volvo,2017,206500,84083,Gasoline,Automatic,Sedan,foreign_used,5,Black,Leather Seats,"2017 Volvo S60 (foreign used), a well-priced sedan well suited to daily commuting and city driving — a good fit for urban professionals. Comes with leather seats.",
S6,Audi,2015,299000,134057,Gasoline,Automatic,Sedan,foreign_used,5,Gray,Leather Seats; All-Wheel Drive,"2015 Audi S6 (foreign used), a premium sedan well suited to daily commuting and city driving — a good fit for urban professionals. Comes with leather seats. A solid pick for luxury lovers who want a standout badge.",
Legacy,Subaru,2016,176500,146196,Gasoline,Automatic,Sedan,foreign_used,5,Gray,All-Wheel Drive,"2016 Subaru Legacy (foreign used), a well-priced sedan well suited to daily commuting and city driving — a good fit for urban professionals. Comes with all-wheel drive.",
Legacy,Subaru,2017,186000,83125,Gasoline,Automatic,Sedan,foreign_used,5,White,All-Wheel Drive,"2017 Subaru Legacy (foreign used), a well-priced sedan well suited to daily commuting and city driving — a good fit for urban professionals. Comes with all-wheel drive.",
Leaf,Nissan,2016,125000,97327,Electric,Automatic,Hatchback,foreign_used,5,Black,,"2016 Nissan Leaf (foreign used), a premium hatchback well suited to quick city runs and easy parking — a good fit for budget-conscious buyers. A electric powertrain keeps running costs low for eco-conscious drivers.",
Legacy,Subaru,2015,158000,128845,Gasoline,Automatic,Sedan,foreign_used,5,White,All-Wheel Drive,"2015 Subaru Legacy (foreign used), a well-priced sedan well suited to daily commuting and city driving — a good fit for urban professionals. Comes with all-wheel drive.",
Leaf,Nissan,2014,89000,175239,Electric,Automatic,Hatchback,foreign_used,5,White,,"2014 Nissan Leaf (foreign used), a well-priced hatchback well suited to quick city runs and easy parking — a good fit for budget-conscious buyers. A electric powertrain keeps running costs low for eco-conscious drivers.",
Leaf,Nissan,2015,100000,119866,Electric,Automatic,Hatchback,local_used,5,Blue,,"2015 Nissan Leaf (locally used), a well-priced hatchback well suited to quick city runs and easy parking — a good fit for budget-conscious buyers. A electric powertrain keeps running costs low for eco-conscious drivers.",
Levante,Maserati,2017,470500,108391,Gasoline,Automatic,SUV,foreign_used,7,White,Leather Seats; All-Wheel Drive,"2017 Maserati Levante (foreign used), a premium suv well suited to family trips and weekend getaways — a good fit for family-oriented drivers. Comes with leather seats. A solid pick for luxury lovers who want a standout badge.",
LFA,Lexus,2012,472000,129492,Gasoline,Automatic,Coupe,foreign_used,4,Black,Leather Seats,"2012 Lexus LFA (foreign used), a premium coupe well suited to weekend drives and spirited handling — a good fit for lifestyle-focused drivers. Comes with leather seats. A solid pick for luxury lovers who want a standout badge.",
LHS,Chrysler,1999,64500,267032,Gasoline,Automatic,Sedan,foreign_used,5,White,,"1999 Chrysler LHS (foreign used), a budget-friendly sedan well suited to daily commuting and city driving — a good fit for urban professionals.",
LHS,Chrysler,2000,74500,280000,Gasoline,Automatic,Sedan,foreign_used,5,Blue,,"2000 Chrysler LHS (foreign used), a budget-friendly sedan well suited to daily commuting and city driving — a good fit for urban professionals.",
LHS,Chrysler,2001,84500,280000,Gasoline,Automatic,Sedan,local_used,5,Silver,,"2001 Chrysler LHS (locally used), a budget-friendly sedan well suited to daily commuting and city driving — a good fit for urban professionals.",
Legend,Acura,1995,142500,279919,Gasoline,Manual,Coupe,foreign_used,4,White,Leather Seats,"1995 Acura Legend (foreign used), a budget-friendly coupe well suited to weekend drives and spirited handling — a good fit for lifestyle-focused drivers. Comes with leather seats.",
Legend,Acura,1993,127000,280000,Gasoline,Manual,Coupe,foreign_used,4,Silver,Leather Seats,"1993 Acura Legend (foreign used), a budget-friendly coupe well suited to weekend drives and spirited handling — a good fit for lifestyle-focused drivers. Comes with leather seats.",
Legend,Acura,1994,143500,280000,Gasoline,Manual,Coupe,foreign_used,4,Gray,Leather Seats,"1994 Acura Legend (foreign used), a budget-friendly coupe well suited to weekend drives and spirited handling — a good fit for lifestyle-focused drivers. Comes with leather seats.",
S60,Volvo,2015,145000,156283,Gasoline,Automatic,Sedan,local_used,5,Red,Leather Seats,"2015 Volvo S60 (locally used), a well-priced sedan well suited to daily commuting and city driving — a good fit for urban professionals. Comes with leather seats.",
S5,Audi,2017,831500,105556,Gasoline,Automatic,Convertible,foreign_used,4,White,Leather Seats; All-Wheel Drive,"2017 Audi S5 (foreign used), a premium convertible well suited to weekend adventures and open-top cruising — a good fit for adventure seekers and luxury lovers. Comes with leather seats. A solid pick for luxury lovers who want a standout badge.",
S60 Cross Country,Volvo,2017,217500,108842,Gasoline,Automatic,Sedan,foreign_used,5,Red,Leather Seats; All-Wheel Drive,"2017 Volvo S60 Cross Country (foreign used), a well-priced sedan well suited to daily commuting and city driving — a good fit for urban professionals. Comes with leather seats.",
S4,Audi,2016,283500,119331,Gasoline,Manual,Sedan,foreign_used,5,Red,Leather Seats; All-Wheel Drive,"2016 Audi S4 (foreign used), a premium sedan well suited to daily commuting and city driving — a good fit for urban professionals. Comes with leather seats. A solid pick for luxury lovers who want a standout badge.",
S5,Audi,2016,692000,130012,Gasoline,Automatic,Convertible,foreign_used,4,Red,Leather Seats; All-Wheel Drive,"2016 Audi S5 (foreign used), a premium convertible well suited to weekend adventures and open-top cruising — a good fit for adventure seekers and luxury lovers. Comes with leather seats. A solid pick for luxury lovers who want a standout badge.",
LR4,Land Rover,2014,478000,118055,Gasoline,Automatic,SUV,foreign_used,7,Silver,Leather Seats; All-Wheel Drive,"2014 Land Rover LR4 (foreign used), a premium suv well suited to family trips and weekend getaways — a good fit for family-oriented drivers. Comes with leather seats. A solid pick for luxury lovers who want a standout badge.",
LR4,Land Rover,2015,476000,100978,Gasoline,Automatic,SUV,foreign_used,7,Silver,Leather Seats; All-Wheel Drive,"2015 Land Rover LR4 (foreign used), a premium suv well suited to family trips and weekend getaways — a good fit for family-oriented drivers. Comes with leather seats. A solid pick for luxury lovers who want a standout badge.",
LR4,Land Rover,2016,459000,108476,Gasoline,Automatic,SUV,foreign_used,7,Black,Leather Seats; All-Wheel Drive,"2016 Land Rover LR4 (foreign used), a premium suv well suited to family trips and weekend getaways — a good fit for family-oriented drivers. Comes with leather seats. A solid pick for luxury lovers who want a standout badge.",
LS 400,Lexus,1998,103000,280000,Gasoline,Automatic,Sedan,local_used,5,Gray,Leather Seats,"1998 Lexus LS 400 (locally used), a budget-friendly sedan well suited to daily commuting and city driving — a good fit for urban professionals. Comes with leather seats.",
LR2,Land Rover,2015,423500,112322,Gasoline,Automatic,SUV,foreign_used,7,Silver,Leather Seats; All-Wheel Drive,"2015 Land Rover LR2 (foreign used), a premium suv well suited to family trips and weekend getaways — a good fit for family-oriented drivers. Comes with leather seats. A solid pick for luxury lovers who want a standout badge.",
LR3,Land Rover,2008,242000,234731,Gasoline,Automatic,SUV,foreign_used,7,Gray,Leather Seats; All-Wheel Drive,"2008 Land Rover LR3 (foreign used), a well-priced suv well suited to family trips and weekend getaways — a good fit for family-oriented drivers. Comes with leather seats.",
LR3,Land Rover,2009,264000,251931,Gasoline,Automatic,SUV,foreign_used,7,Black,Leather Seats; All-Wheel Drive,"2009 Land Rover LR3 (foreign used), a well-priced suv well suited to family trips and weekend getaways — a good fit for family-oriented drivers. Comes with leather seats.",
LR2,Land Rover,2013,402500,124324,Gasoline,Automatic,SUV,local_used,7,Gray,Leather Seats; All-Wheel Drive,"2013 Land Rover LR2 (locally used), a premium suv well suited to family trips and weekend getaways — a good fit for family-oriented drivers. Comes with leather seats. A solid pick for luxury lovers who want a standout badge.",
LR2,Land Rover,2014,337000,156427,Gasoline,Automatic,SUV,foreign_used,7,Blue,Leather Seats; All-Wheel Drive,"2014 Land Rover LR2 (foreign used), a well-priced suv well suited to family trips and weekend getaways — a good fit for family-oriented drivers. Comes with leather seats.",
LS,Lincoln,2004,154500,256575,Gasoline,Automatic,Sedan,local_used,5,White,Leather Seats,"2004 Lincoln LS (locally used), a well-priced sedan well suited to daily commuting and city driving — a good fit for urban professionals. Comes with leather seats.",
LS,Lincoln,2005,181500,280000,Gasoline,Automatic,Sedan,foreign_used,5,Blue,Leather Seats,"2005 Lincoln LS (foreign used), a well-priced sedan well suited to daily commuting and city driving — a good fit for urban professionals. Comes with leather seats.",
LS 460,Lexus,2017,372000,90566,Gasoline,Automatic,Sedan,foreign_used,5,Silver,Leather Seats,"2017 Lexus LS 460 (foreign used), a premium sedan well suited to daily commuting and city driving — a good fit for urban professionals. Comes with leather seats. A solid pick for luxury lovers who want a standout badge.",
LS 600h L,Lexus,2014,301000,157869,Gasoline,Automatic,Sedan,foreign_used,5,Blue,Leather Seats; All-Wheel Drive,"2014 Lexus LS 600h L (foreign used), a premium sedan well suited to daily commuting and city driving — a good fit for urban professionals. Comes with leather seats. A solid pick for luxury lovers who want a standout badge.",
LS 600h L,Lexus,2015,286500,154316,Gasoline,Automatic,Sedan,foreign_used,5,Black,Leather Seats; All-Wheel Drive,"2015 Lexus LS 600h L (foreign used), a premium sedan well suited to daily commuting and city driving — a good fit for urban professionals. Comes with leather seats. A solid pick for luxury lovers who want a standout badge.",
LS 600h L,Lexus,2016,321500,146677,Gasoline,Automatic,Sedan,local_used,5,Black,Leather Seats; All-Wheel Drive,"2016 Lexus LS 600h L (locally used), a premium sedan well suited to daily commuting and city driving — a good fit for urban professionals. Comes with leather seats. A solid pick for luxury lovers who want a standout badge.",
LS 460,Lexus,2015,267000,144094,Gasoline,Automatic,Sedan,local_used,5,Red,Leather Seats,"2015 Lexus LS 460 (locally used), a premium sedan well suited to daily commuting and city driving — a good fit for urban professionals. Comes with leather seats. A solid pick for luxury lovers who want a standout badge.",
LS 460,Lexus,2016,300000,119830,Gasoline,Automatic,Sedan,foreign_used,5,Black,Leather Seats; All-Wheel Drive,"2016 Lexus LS 460 (foreign used), a premium sedan well suited to daily commuting and city driving — a good fit for urban professionals. Comes with leather seats. A solid pick for luxury lovers who want a standout badge.",
LS 400,Lexus,1999,108000,280000,Gasoline,Automatic,Sedan,foreign_used,5,Blue,Leather Seats,"1999 Lexus LS 400 (foreign used), a budget-friendly sedan well suited to daily commuting and city driving — a good fit for urban professionals. Comes with leather seats.",
LS 400,Lexus,2000,116500,280000,Gasoline,Automatic,Sedan,local_used,5,Silver,Leather Seats,"2000 Lexus LS 400 (locally used), a budget-friendly sedan well suited to daily commuting and city driving — a good fit for urban professionals. Comes with leather seats.",
LS 430,Lexus,2004,177500,273320,Gasoline,Automatic,Sedan,foreign_used,5,Silver,Leather Seats,"2004 Lexus LS 430 (foreign used), a well-priced sedan well suited to daily commuting and city driving — a good fit for urban professionals. Comes with leather seats.",
LS 430,Lexus,2005,184500,192829,Gasoline,Automatic,Sedan,foreign_used,5,Black,Leather Seats,"2005 Lexus LS 430 (foreign used), a well-priced sedan well suited to daily commuting and city driving — a good fit for urban professionals. Comes with leather seats.",
LS 430,Lexus,2006,181500,280000,Gasoline,Automatic,Sedan,foreign_used,5,Silver,Leather Seats,"2006 Lexus LS 430 (foreign used), a well-priced sedan well suited to daily commuting and city driving — a good fit for urban professionals. Comes with leather seats.",
Lucerne,Buick,2009,112500,223332,Gasoline,Automatic,Sedan,foreign_used,5,Black,,"2009 Buick Lucerne (foreign used), a budget-friendly sedan well suited to daily commuting and city driving — a good fit for urban professionals.",
Lucerne,Buick,2010,120500,208945,Gasoline,Automatic,Sedan,foreign_used,5,White,,"2010 Buick Lucerne (foreign used), a budget-friendly sedan well suited to daily commuting and city driving — a good fit for urban professionals.",
LS,Lincoln,2006,171500,205881,Gasoline,Automatic,Sedan,foreign_used,5,Black,Leather Seats,"2006 Lincoln LS (foreign used), a well-priced sedan well suited to daily commuting and city driving — a good fit for urban professionals. Comes with leather seats.",
LX 470,Lexus,2007,275500,246113,Gasoline,Automatic,SUV,foreign_used,7,White,Leather Seats; All-Wheel Drive,"2007 Lexus LX 470 (foreign used), a well-priced suv well suited to family trips and weekend getaways — a good fit for family-oriented drivers. Comes with leather seats.",
LX 570,Lexus,2015,448500,124995,Gasoline,Automatic,SUV,foreign_used,7,Yellow,Leather Seats; All-Wheel Drive,"2015 Lexus LX 570 (foreign used), a premium suv well suited to family trips and weekend getaways — a good fit for family-oriented drivers. Comes with leather seats. A solid pick for luxury lovers who want a standout badge.",
LX 570,Lexus,2016,429500,129074,Gasoline,Automatic,SUV,foreign_used,7,Yellow,Leather Seats; All-Wheel Drive,"2016 Lexus LX 570 (foreign used), a premium suv well suited to family trips and weekend getaways — a good fit for family-oriented drivers. Comes with leather seats. A solid pick for luxury lovers who want a standout badge.",
LX 570,Lexus,2017,594000,86756,Gasoline,Automatic,SUV,foreign_used,7,Black,Leather Seats; All-Wheel Drive,"2017 Lexus LX 570 (foreign used), a premium suv well suited to family trips and weekend getaways — a good fit for family-oriented drivers. Comes with leather seats. A solid pick for luxury lovers who want a standout badge.",
M-Class,Mercedes-Benz,2013,338500,168312,Diesel,Automatic,SUV,local_used,7,Gray,Leather Seats; All-Wheel Drive,"2013 Mercedes-Benz M-Class (locally used), a well-priced suv well suited to family trips and weekend getaways — a good fit for family-oriented drivers. Comes with leather seats.",
LX 450,Lexus,1996,128000,280000,Gasoline,Automatic,SUV,foreign_used,7,Black,Leather Seats; All-Wheel Drive,"1996 Lexus LX 450 (foreign used), a budget-friendly suv well suited to family trips and weekend getaways — a good fit for family-oriented drivers. Comes with leather seats.",
LX 450,Lexus,1997,156000,269389,Gasoline,Automatic,SUV,foreign_used,7,Gray,Leather Seats; All-Wheel Drive,"1997 Lexus LX 450 (foreign used), a budget-friendly suv well suited to family trips and weekend getaways — a good fit for family-oriented drivers. Comes with leather seats.",
LX 470,Lexus,2005,246000,280000,Gasoline,Automatic,SUV,local_used,7,Blue,Leather Seats; All-Wheel Drive,"2005 Lexus LX 470 (locally used), a well-priced suv well suited to family trips and weekend getaways — a good fit for family-oriented drivers. Comes with leather seats.",
LX 470,Lexus,2006,272000,228829,Gasoline,Automatic,SUV,local_used,7,Red,Leather Seats; All-Wheel Drive,"2006 Lexus LX 470 (locally used), a well-priced suv well suited to family trips and weekend getaways — a good fit for family-oriented drivers. Comes with leather seats.",
Lucerne,Buick,2011,120000,213368,Gasoline,Automatic,Sedan,foreign_used,5,Black,,"2011 Buick Lucerne (foreign used), a budget-friendly sedan well suited to daily commuting and city driving — a good fit for urban professionals.",
S4,Audi,2014,257000,164332,Gasoline,Automatic,Sedan,foreign_used,5,Blue,Leather Seats; All-Wheel Drive,"2014 Audi S4 (foreign used), a premium sedan well suited to daily commuting and city driving — a good fit for urban professionals. Comes with leather seats. A solid pick for luxury lovers who want a standout badge.",
S4,Audi,2015,275000,136423,Gasoline,Manual,Sedan,local_used,5,Black,Leather Seats; All-Wheel Drive,"2015 Audi S4 (locally used), a premium sedan well suited to daily commuting and city driving — a good fit for urban professionals. Comes with leather seats. A solid pick for luxury lovers who want a standout badge.",
S40,Volvo,2010,108000,214891,Gasoline,Manual,Sedan,local_used,5,Orange,Leather Seats; All-Wheel Drive,"2010 Volvo S40 (locally used), a budget-friendly sedan well suited to daily commuting and city driving — a good fit for urban professionals. Comes with leather seats.",
S40,Volvo,2011,109000,214066,Gasoline,Automatic,Sedan,local_used,5,White,Leather Seats,"2011 Volvo S40 (locally used), a budget-friendly sedan well suited to daily commuting and city driving — a good fit for urban professionals. Comes with leather seats.",
S3,Audi,2015,310500,125673,Gasoline,Automatic,Sedan,local_used,5,Silver,Leather Seats; All-Wheel Drive,"2015 Audi S3 (locally used), a premium sedan well suited to daily commuting and city driving — a good fit for urban professionals. Comes with leather seats. A solid pick for luxury lovers who want a standout badge.",
S3,Audi,2016,314000,109622,Gasoline,Automatic,Sedan,foreign_used,5,Gray,Leather Seats; All-Wheel Drive,"2016 Audi S3 (foreign used), a premium sedan well suited to daily commuting and city driving — a good fit for urban professionals. Comes with leather seats. A solid pick for luxury lovers who want a standout badge.",
S3,Audi,2017,347500,117050,Gasoline,Automatic,Sedan,foreign_used,5,Gray,Leather Seats; All-Wheel Drive,"2017 Audi S3 (foreign used), a premium sedan well suited to daily commuting and city driving — a good fit for urban professionals. Comes with leather seats. A solid pick for luxury lovers who want a standout badge.",
S40,Volvo,2009,98500,235400,Gasoline,Automatic,Sedan,foreign_used,5,White,Leather Seats; All-Wheel Drive,"2009 Volvo S40 (foreign used), a budget-friendly sedan well suited to daily commuting and city driving — a good fit for urban professionals. Comes with leather seats.",
S2000,Honda,2007,240000,257901,Gasoline,Manual,Convertible,foreign_used,4,Red,,"2007 Honda S2000 (foreign used), a budget-friendly convertible well suited to weekend adventures and open-top cruising — a good fit for adventure seekers and luxury lovers.",
S2000,Honda,2008,254500,248164,Gasoline,Manual,Convertible,foreign_used,4,White,,"2008 Honda S2000 (foreign used), a budget-friendly convertible well suited to weekend adventures and open-top cruising — a good fit for adventure seekers and luxury lovers.",
S2000,Honda,2009,303000,197429,Gasoline,Manual,Convertible,foreign_used,4,Silver,,"2009 Honda S2000 (foreign used), a budget-friendly convertible well suited to weekend adventures and open-top cruising — a good fit for adventure seekers and luxury lovers.",
M37,Infiniti,2011,186500,208605,Gasoline,Automatic,Sedan,foreign_used,5,White,Leather Seats; All-Wheel Drive,"2011 Infiniti M37 (foreign used), a well-priced sedan well suited to daily commuting and city driving — a good fit for urban professionals. Comes with leather seats.",
M3,BMW,2015,329500,106934,Gasoline,Manual,Sedan,local_used,5,Black,Leather Seats,"2015 BMW M3 (locally used), a premium sedan well suited to daily commuting and city driving — a good fit for urban professionals. Comes with leather seats. A solid pick for luxury lovers who want a standout badge.",
M3,BMW,2016,340500,122669,Gasoline,Manual,Sedan,foreign_used,5,Silver,Leather Seats,"2016 BMW M3 (foreign used), a premium sedan well suited to daily commuting and city driving — a good fit for urban professionals. Comes with leather seats. A solid pick for luxury lovers who want a standout badge.",
M3,BMW,2017,346500,81311,Gasoline,Manual,Sedan,foreign_used,5,Black,Leather Seats,"2017 BMW M3 (foreign used), a premium sedan well suited to daily commuting and city driving — a good fit for urban professionals. Comes with leather seats. A solid pick for luxury lovers who want a standout badge.",
M4 GTS,BMW,2016,508000,109475,Gasoline,Automatic,Coupe,foreign_used,4,White,Leather Seats,"2016 BMW M4 GTS (foreign used), a premium coupe well suited to weekend drives and spirited handling — a good fit for lifestyle-focused drivers. Comes with leather seats. A solid pick for luxury lovers who want a standout badge.",
M45,Infiniti,2008,177500,201578,Gasoline,Automatic,Sedan,foreign_used,5,White,Leather Seats,"2008 Infiniti M45 (foreign used), a well-priced sedan well suited to daily commuting and city driving — a good fit for urban professionals. Comes with leather seats.",
M30,Infiniti,1992,127500,280000,Gasoline,Automatic,Coupe,local_used,4,Black,Leather Seats,"1992 Infiniti M30 (locally used), a budget-friendly coupe well suited to weekend drives and spirited handling — a good fit for lifestyle-focused drivers. Comes with leather seats.",
M35,Infiniti,2008,194500,237110,Gasoline,Automatic,Sedan,foreign_used,5,Gray,Leather Seats,"2008 Infiniti M35 (foreign used), a well-priced sedan well suited to daily commuting and city driving — a good fit for urban professionals. Comes with leather seats.",
M35,Infiniti,2009,212000,192633,Gasoline,Automatic,Sedan,local_used,5,Red,Leather Seats,"2009 Infiniti M35 (locally used), a well-priced sedan well suited to daily commuting and city driving — a good fit for urban professionals. Comes with leather seats.",
M35,Infiniti,2010,212500,187075,Gasoline,Automatic,Sedan,foreign_used,5,White,Leather Seats,"2010 Infiniti M35 (foreign used), a well-priced sedan well suited to daily commuting and city driving — a good fit for urban professionals. Comes with leather seats.",
M-Class,Mercedes-Benz,2015,406500,114678,Diesel,Automatic,SUV,foreign_used,7,Black,Leather Seats; All-Wheel Drive,"2015 Mercedes-Benz M-Class (foreign used), a premium suv well suited to family trips and weekend getaways — a good fit for family-oriented drivers. Comes with leather seats. A solid pick for luxury lovers who want a standout badge.",
M2,BMW,2016,476000,112395,Gasoline,Manual,Coupe,foreign_used,4,White,Leather Seats,"2016 BMW M2 (foreign used), a premium coupe well suited to weekend drives and spirited handling — a good fit for lifestyle-focused drivers. Comes with leather seats. A solid pick for luxury lovers who want a standout badge.",
M2,BMW,2017,470000,93273,Gasoline,Manual,Coupe,foreign_used,4,White,Leather Seats,"2017 BMW M2 (foreign used), a premium coupe well suited to weekend drives and spirited handling — a good fit for lifestyle-focused drivers. Comes with leather seats. A solid pick for luxury lovers who want a standout badge.",
M30,Infiniti,1990,100500,280000,Gasoline,Automatic,Coupe,local_used,4,Gray,Leather Seats,"1990 Infiniti M30 (locally used), a budget-friendly coupe well suited to weekend drives and spirited handling — a good fit for lifestyle-focused drivers. Comes with leather seats.",
M30,Infiniti,1991,210500,280000,Gasoline,Automatic,Convertible,foreign_used,4,Silver,Leather Seats,"1991 Infiniti M30 (foreign used), a budget-friendly convertible well suited to weekend adventures and open-top cruising — a good fit for adventure seekers and luxury lovers. Comes with leather seats.",
M-Class,Mercedes-Benz,2014,413000,156111,Gasoline,Automatic,SUV,local_used,7,White,Leather Seats; All-Wheel Drive,"2014 Mercedes-Benz M-Class (locally used), a premium suv well suited to family trips and weekend getaways — a good fit for family-oriented drivers. Comes with leather seats. A solid pick for luxury lovers who want a standout badge.",
Macan,Porsche,2015,406500,139886,Gasoline,Automatic,SUV,foreign_used,7,White,Leather Seats; All-Wheel Drive,"2015 Porsche Macan (foreign used), a premium suv well suited to family trips and weekend getaways — a good fit for family-oriented drivers. Comes with leather seats. A solid pick for luxury lovers who want a standout badge.",
Macan,Porsche,2016,433500,117810,Gasoline,Automatic,SUV,local_used,7,White,Leather Seats; All-Wheel Drive,"2016 Porsche Macan (locally used), a premium suv well suited to family trips and weekend getaways — a good fit for family-oriented drivers. Comes with leather seats. A solid pick for luxury lovers who want a standout badge.",
Macan,Porsche,2017,466000,101508,Gasoline,Automatic,SUV,foreign_used,7,Blue,Leather Seats; All-Wheel Drive,"2017 Porsche Macan (foreign used), a premium suv well suited to family trips and weekend getaways — a good fit for family-oriented drivers. Comes with leather seats. A solid pick for luxury lovers who want a standout badge.",
M6 Gran Coupe,BMW,2016,314000,141800,Gasoline,Automatic,Sedan,local_used,5,Yellow,Leather Seats,"2016 BMW M6 Gran Coupe (locally used), a premium sedan well suited to daily commuting and city driving — a good fit for urban professionals. Comes with leather seats. A solid pick for luxury lovers who want a standout badge.",
M6 Gran Coupe,BMW,2017,357000,109030,Gasoline,Automatic,Sedan,foreign_used,5,White,Leather Seats,"2017 BMW M6 Gran Coupe (foreign used), a premium sedan well suited to daily commuting and city driving — a good fit for urban professionals. Comes with leather seats. A solid pick for luxury lovers who want a standout badge.",
M6,BMW,2015,761000,130626,Gasoline,Automatic,Convertible,foreign_used,4,White,Leather Seats,"2015 BMW M6 (foreign used), a premium convertible well suited to weekend adventures and open-top cruising — a good fit for adventure seekers and luxury lovers. Comes with leather seats. A solid pick for luxury lovers who want a standout badge.",
M6,BMW,2016,925500,91539,Gasoline,Automatic,Convertible,foreign_used,4,Blue,Leather Seats,"2016 BMW M6 (foreign used), a premium convertible well suited to weekend adventures and open-top cruising — a good fit for adventure seekers and luxury lovers. Comes with leather seats. A solid pick for luxury lovers who want a standout badge.",
M6,BMW,2017,528000,99427,Gasoline,Automatic,Coupe,local_used,4,Red,Leather Seats,"2017 BMW M6 (locally used), a premium coupe well suited to weekend drives and spirited handling — a good fit for lifestyle-focused drivers. Comes with leather seats. A solid pick for luxury lovers who want a standout badge.",
M4,BMW,2017,855500,101531,Gasoline,Manual,Convertible,foreign_used,4,Black,Leather Seats,"2017 BMW M4 (foreign used), a premium convertible well suited to weekend adventures and open-top cruising — a good fit for adventure seekers and luxury lovers. Comes with leather seats. A solid pick for luxury lovers who want a standout badge.",
M56,Infiniti,2011,218500,170894,Gasoline,Automatic,Sedan,foreign_used,5,White,Leather Seats; All-Wheel Drive,"2011 Infiniti M56 (foreign used), a well-priced sedan well suited to daily commuting and city driving — a good fit for urban professionals. Comes with leather seats.",
M5,BMW,2014,297500,149772,Gasoline,Automatic,Sedan,local_used,5,White,Leather Seats,"2014 BMW M5 (locally used), a premium sedan well suited to daily commuting and city driving — a good fit for urban professionals. Comes with leather seats. A solid pick for luxury lovers who want a standout badge.",
M5,BMW,2015,302500,134218,Gasoline,Automatic,Sedan,foreign_used,5,Silver,Leather Seats,"2015 BMW M5 (foreign used), a premium sedan well suited to daily commuting and city driving — a good fit for urban professionals. Comes with leather seats. A solid pick for luxury lovers who want a standout badge.",
M5,BMW,2016,326000,126474,Gasoline,Automatic,Sedan,foreign_used,5,Black,Leather Seats,"2016 BMW M5 (foreign used), a premium sedan well suited to daily commuting and city driving — a good fit for urban professionals. Comes with leather seats. A solid pick for luxury lovers who want a standout badge.",
M6 Gran Coupe,BMW,2015,304000,149482,Gasoline,Automatic,Sedan,foreign_used,5,White,Leather Seats,"2015 BMW M6 Gran Coupe (foreign used), a premium sedan well suited to daily commuting and city driving — a good fit for urban professionals. Comes with leather seats. A solid pick for luxury lovers who want a standout badge.",
M45,Infiniti,2009,183000,235925,Gasoline,Automatic,Sedan,foreign_used,5,Silver,Leather Seats,"2009 Infiniti M45 (foreign used), a well-priced sedan well suited to daily commuting and city driving — a good fit for urban professionals. Comes with leather seats.",
M45,Infiniti,2010,216500,212940,Gasoline,Automatic,Sedan,local_used,5,White,Leather Seats; All-Wheel Drive,"2010 Infiniti M45 (locally used), a well-priced sedan well suited to daily commuting and city driving — a good fit for urban professionals. Comes with leather seats.",
M4,BMW,2015,351500,162065,Gasoline,Manual,Coupe,local_used,4,Blue,Leather Seats,"2015 BMW M4 (locally used), a premium coupe well suited to weekend drives and spirited handling — a good fit for lifestyle-focused drivers. Comes with leather seats. A solid pick for luxury lovers who want a standout badge.",
M4,BMW,2016,870000,91094,Gasoline,Manual,Convertible,foreign_used,4,Black,Leather Seats,"2016 BMW M4 (foreign used), a premium convertible well suited to weekend adventures and open-top cruising — a good fit for adventure seekers and luxury lovers. Comes with leather seats. A solid pick for luxury lovers who want a standout badge.",
Malibu Maxx,Chevrolet,2005,50000,213668,Gasoline,Automatic,Hatchback,local_used,5,White,,"2005 Chevrolet Malibu Maxx (locally used), a budget-friendly hatchback well suited to quick city runs and easy parking — a good fit for budget-conscious buyers.",
Malibu Maxx,Chevrolet,2006,69500,180908,Gasoline,Automatic,Hatchback,foreign_used,5,Silver,,"2006 Chevrolet Malibu Maxx (foreign used), a well-priced hatchback well suited to quick city runs and easy parking — a good fit for budget-conscious buyers.",
Malibu Hybrid,Chevrolet,2008,90500,231927,Gasoline,Automatic,Sedan,foreign_used,5,Black,,"2008 Chevrolet Malibu Hybrid (foreign used), a budget-friendly sedan well suited to daily commuting and city driving — a good fit for urban professionals.",
Malibu Hybrid,Chevrolet,2009,93000,244599,Gasoline,Automatic,Sedan,foreign_used,5,Yellow,,"2009 Chevrolet Malibu Hybrid (foreign used), a budget-friendly sedan well suited to daily commuting and city driving — a good fit for urban professionals.",
Malibu Hybrid,Chevrolet,2010,123000,167374,Gasoline,Automatic,Sedan,foreign_used,5,Silver,,"2010 Chevrolet Malibu Hybrid (foreign used), a budget-friendly sedan well suited to daily commuting and city driving — a good fit for urban professionals.",
Magnum,Dodge,2007,191000,276682,Gasoline,Automatic,Wagon,foreign_used,5,Black,,"2007 Dodge Magnum (foreign used), a well-priced wagon well suited to family trips with plenty of cargo room — a good fit for family-oriented drivers.",
Magnum,Dodge,2008,230500,168509,Gasoline,Automatic,Wagon,local_used,5,Gray,,"2008 Dodge Magnum (locally used), a well-priced wagon well suited to family trips with plenty of cargo room — a good fit for family-oriented drivers.",
Magnum,Dodge,2006,193500,280000,Gasoline,Automatic,Wagon,local_used,5,Black,,"2006 Dodge Magnum (locally used), a well-priced wagon well suited to family trips with plenty of cargo room — a good fit for family-oriented drivers.",
Mark LT,Lincoln,2006,295000,222195,Gasoline,Automatic,Truck,foreign_used,2,Red,Leather Seats,"2006 Lincoln Mark LT (foreign used), a premium truck well suited to hauling and rough roads — a good fit for adventure seekers. Comes with leather seats. A solid pick for luxury lovers who want a standout badge.",
Mark LT,Lincoln,2007,329000,182562,Gasoline,Automatic,Truck,foreign_used,2,Black,Leather Seats; All-Wheel Drive,"2007 Lincoln Mark LT (foreign used), a premium truck well suited to hauling and rough roads — a good fit for adventure seekers. Comes with leather seats. A solid pick for luxury lovers who want a standout badge.",
Mark LT,Lincoln,2008,310500,214474,Gasoline,Automatic,Truck,local_used,2,Silver,Leather Seats,"2008 Lincoln Mark LT (locally used), a premium truck well suited to hauling and rough roads — a good fit for adventure seekers. Comes with leather seats. A solid pick for luxury lovers who want a standout badge.",
Malibu,Chevrolet,2017,200000,94866,Gasoline,Automatic,Sedan,local_used,5,White,,"2017 Chevrolet Malibu (locally used), a well-priced sedan well suited to daily commuting and city driving — a good fit for urban professionals.",
Malibu,Chevrolet,2015,175000,117802,Gasoline,Automatic,Sedan,local_used,5,Black,,"2015 Chevrolet Malibu (locally used), a well-priced sedan well suited to daily commuting and city driving — a good fit for urban professionals.",
Malibu,Chevrolet,2016,186500,108437,Gasoline,Automatic,Sedan,foreign_used,5,Blue,,"2016 Chevrolet Malibu (foreign used), a well-priced sedan well suited to daily commuting and city driving — a good fit for urban professionals.",
Malibu Maxx,Chevrolet,2007,56500,262545,Gasoline,Automatic,Hatchback,local_used,5,Blue,,"2007 Chevrolet Malibu Maxx (locally used), a budget-friendly hatchback well suited to quick city runs and easy parking — a good fit for budget-conscious buyers.",
S-Class,Mercedes-Benz,2017,336000,110115,Gasoline,Automatic,Sedan,foreign_used,5,White,Leather Seats; All-Wheel Drive,"2017 Mercedes-Benz S-Class (foreign used), a premium sedan well suited to daily commuting and city driving — a good fit for urban professionals. Comes with leather seats. A solid pick for luxury lovers who want a standout badge.",
S-Class,Mercedes-Benz,2016,455000,108678,Gasoline,Automatic,Coupe,foreign_used,4,White,Leather Seats,"2016 Mercedes-Benz S-Class (foreign used), a premium coupe well suited to weekend drives and spirited handling — a good fit for lifestyle-focused drivers. Comes with leather seats. A solid pick for luxury lovers who want a standout badge.",
S-Class,Mercedes-Benz,2015,289500,139282,Gasoline,Automatic,Sedan,foreign_used,5,Blue,Leather Seats,"2015 Mercedes-Benz S-Class (foreign used), a premium sedan well suited to daily commuting and city driving — a good fit for urban professionals. Comes with leather seats. A solid pick for luxury lovers who want a standout badge.",
Matrix,Toyota,2013,79500,172860,Gasoline,Automatic,Hatchback,foreign_used,5,Red,,"2013 Toyota Matrix (foreign used), a well-priced hatchback well suited to quick city runs and easy parking — a good fit for budget-conscious buyers.",
Maxima,Nissan,2014,186500,127629,Gasoline,Automatic,Sedan,foreign_used,5,White,,"2014 Nissan Maxima (foreign used), a well-priced sedan well suited to daily commuting and city driving — a good fit for urban professionals.",
Maxima,Nissan,2016,187500,114813,Gasoline,Automatic,Sedan,foreign_used,5,Black,,"2016 Nissan Maxima (foreign used), a well-priced sedan well suited to daily commuting and city driving — a good fit for urban professionals.",
Matrix,Toyota,2011,69500,145970,Gasoline,Manual,Hatchback,foreign_used,5,Black,,"2011 Toyota Matrix (foreign used), a well-priced hatchback well suited to quick city runs and easy parking — a good fit for budget-conscious buyers.",
Matrix,Toyota,2012,76500,141217,Gasoline,Automatic,Hatchback,local_used,5,Blue,All-Wheel Drive,"2012 Toyota Matrix (locally used), a well-priced hatchback well suited to quick city runs and easy parking — a good fit for budget-conscious buyers. Comes with all-wheel drive.",
Mark VII,Lincoln,1990,107000,280000,Gasoline,Automatic,Coupe,foreign_used,4,White,Leather Seats,"1990 Lincoln Mark VII (foreign used), a budget-friendly coupe well suited to weekend drives and spirited handling — a good fit for lifestyle-focused drivers. Comes with leather seats.",
Mark VII,Lincoln,1991,118000,280000,Gasoline,Automatic,Coupe,foreign_used,4,White,Leather Seats,"1991 Lincoln Mark VII (foreign used), a budget-friendly coupe well suited to weekend drives and spirited handling — a good fit for lifestyle-focused drivers. Comes with leather seats.",
Mark VII,Lincoln,1992,111500,280000,Gasoline,Automatic,Coupe,foreign_used,4,Gray,Leather Seats,"1992 Lincoln Mark VII (foreign used), a budget-friendly coupe well suited to weekend drives and spirited handling — a good fit for lifestyle-focused drivers. Comes with leather seats.",
Mark VIII,Lincoln,1996,155000,280000,Gasoline,Automatic,Coupe,local_used,4,White,Leather Seats,"1996 Lincoln Mark VIII (locally used), a budget-friendly coupe well suited to weekend drives and spirited handling — a good fit for lifestyle-focused drivers. Comes with leather seats.",
Mark VIII,Lincoln,1997,150000,279597,Gasoline,Automatic,Coupe,foreign_used,4,Silver,Leather Seats,"1997 Lincoln Mark VIII (foreign used), a budget-friendly coupe well suited to weekend drives and spirited handling — a good fit for lifestyle-focused drivers. Comes with leather seats.",
Mark VIII,Lincoln,1998,174000,280000,Gasoline,Automatic,Coupe,foreign_used,4,Black,Leather Seats,"1998 Lincoln Mark VIII (foreign used), a budget-friendly coupe well suited to weekend drives and spirited handling — a good fit for lifestyle-focused drivers. Comes with leather seats.",
M,BMW,2001,367000,263484,Gasoline,Manual,Convertible,foreign_used,4,Black,Leather Seats,"2001 BMW M (foreign used), a well-priced convertible well suited to weekend adventures and open-top cruising — a good fit for adventure seekers and luxury lovers. Comes with leather seats.",
M,BMW,2002,219500,280000,Gasoline,Manual,Coupe,local_used,4,Black,Leather Seats,"2002 BMW M (locally used), a well-priced coupe well suited to weekend drives and spirited handling — a good fit for lifestyle-focused drivers. Comes with leather seats.",
M,BMW,2006,242500,238025,Gasoline,Manual,Coupe,local_used,4,Silver,Leather Seats,"2006 BMW M (locally used), a well-priced coupe well suited to weekend drives and spirited handling — a good fit for lifestyle-focused drivers. Comes with leather seats.",
MDX,Acura,2015,397000,152196,Gasoline,Automatic,SUV,foreign_used,7,White,Leather Seats; All-Wheel Drive,"2015 Acura MDX (foreign used), a premium suv well suited to family trips and weekend getaways — a good fit for family-oriented drivers. Comes with leather seats. A solid pick for luxury lovers who want a standout badge.",
Mazdaspeed 6,Mazda,2007,103000,233726,Gasoline,Manual,Sedan,foreign_used,5,Silver,All-Wheel Drive,"2007 Mazda Mazdaspeed 6 (foreign used), a budget-friendly sedan well suited to daily commuting and city driving — a good fit for urban professionals. Comes with all-wheel drive.",
Mazdaspeed MX-5 Miata,Mazda,2004,232500,203730,Gasoline,Manual,Convertible,local_used,4,Blue,,"2004 Mazda Mazdaspeed MX-5 Miata (locally used), a budget-friendly convertible well suited to weekend adventures and open-top cruising — a good fit for adventure seekers and luxury lovers.",
Mazdaspeed MX-5 Miata,Mazda,2005,221000,268777,Gasoline,Manual,Convertible,foreign_used,4,Gray,,"2005 Mazda Mazdaspeed MX-5 Miata (foreign used), a budget-friendly convertible well suited to weekend adventures and open-top cruising — a good fit for adventure seekers and luxury lovers.",
Mazdaspeed Protege,Mazda,2003,92000,280000,Gasoline,Manual,Sedan,foreign_used,5,White,,"2003 Mazda Mazdaspeed Protege (foreign used), a budget-friendly sedan well suited to daily commuting and city driving — a good fit for urban professionals.",
Maxima,Nissan,2017,202500,113487,Gasoline,Automatic,Sedan,foreign_used,5,White,,"2017 Nissan Maxima (foreign used), a well-priced sedan well suited to daily commuting and city driving — a good fit for urban professionals.",
Maybach,Mercedes-Benz,2016,331500,139151,Gasoline,Automatic,Sedan,foreign_used,5,Black,Leather Seats,"2016 Mercedes-Benz Maybach (foreign used), a premium sedan well suited to daily commuting and city driving — a good fit for urban professionals. Comes with leather seats. A solid pick for luxury lovers who want a standout badge.",
Maybach,Mercedes-Benz,2017,356000,128747,Gasoline,Automatic,Sedan,foreign_used,5,Black,Leather Seats,"2017 Mercedes-Benz Maybach (foreign used), a premium sedan well suited to daily commuting and city driving — a good fit for urban professionals. Comes with leather seats. A solid pick for luxury lovers who want a standout badge.",
Mazdaspeed 3,Mazda,2011,75000,155527,Gasoline,Manual,Hatchback,foreign_used,5,Black,,"2011 Mazda Mazdaspeed 3 (foreign used), a well-priced hatchback well suited to quick city runs and easy parking — a good fit for budget-conscious buyers.",
Mazdaspeed 3,Mazda,2012,78000,143812,Gasoline,Manual,Hatchback,foreign_used,5,Gray,,"2012 Mazda Mazdaspeed 3 (foreign used), a well-priced hatchback well suited to quick city runs and easy parking — a good fit for budget-conscious buyers.",
Mazdaspeed 3,Mazda,2013,81000,164657,Gasoline,Manual,Hatchback,local_used,5,White,,"2013 Mazda Mazdaspeed 3 (locally used), a well-priced hatchback well suited to quick city runs and easy parking — a good fit for budget-conscious buyers.",
Mazdaspeed 6,Mazda,2006,96000,229323,Gasoline,Manual,Sedan,foreign_used,5,White,All-Wheel Drive,"2006 Mazda Mazdaspeed 6 (foreign used), a budget-friendly sedan well suited to daily commuting and city driving — a good fit for urban professionals. Comes with all-wheel drive.",
MDX,Acura,2017,495500,126353,Gasoline,Automatic,SUV,local_used,7,Black,Leather Seats; All-Wheel Drive,"2017 Acura MDX (locally used), a premium suv well suited to family trips and weekend getaways — a good fit for family-oriented drivers. Comes with leather seats. A solid pick for luxury lovers who want a standout badge.",
Metris,Mercedes-Benz,2016,486000,144001,Gasoline,Automatic,Wagon,foreign_used,5,Gray,Leather Seats,"2016 Mercedes-Benz Metris (foreign used), a premium wagon well suited to family trips with plenty of cargo room — a good fit for family-oriented drivers. Comes with leather seats. A solid pick for luxury lovers who want a standout badge.",
MDX,Acura,2016,461500,111205,Gasoline,Automatic,SUV,foreign_used,7,White,Leather Seats,"2016 Acura MDX (foreign used), a premium suv well suited to family trips and weekend getaways — a good fit for family-oriented drivers. Comes with leather seats. A solid pick for luxury lovers who want a standout badge.",
M,Infiniti,2012,269500,145897,Gasoline,Automatic,Sedan,foreign_used,5,Gray,Leather Seats,"2012 Infiniti M (foreign used), a premium sedan well suited to daily commuting and city driving — a good fit for urban professionals. Comes with leather seats. A solid pick for luxury lovers who want a standout badge.",
M,Infiniti,2013,224500,177881,Gasoline,Automatic,Sedan,local_used,5,Black,Leather Seats,"2013 Infiniti M (locally used), a well-priced sedan well suited to daily commuting and city driving — a good fit for urban professionals. Comes with leather seats.",
Millenia,Mazda,2002,89500,255572,Gasoline,Automatic,Sedan,local_used,5,Red,,"2002 Mazda Millenia (locally used), a budget-friendly sedan well suited to daily commuting and city driving — a good fit for urban professionals.",
Millenia,Mazda,2000,78000,280000,Gasoline,Automatic,Sedan,foreign_used,5,Red,,"2000 Mazda Millenia (foreign used), a budget-friendly sedan well suited to daily commuting and city driving — a good fit for urban professionals.",
Millenia,Mazda,2001,79000,280000,Gasoline,Automatic,Sedan,local_used,5,Black,,"2001 Mazda Millenia (locally used), a budget-friendly sedan well suited to daily commuting and city driving — a good fit for urban professionals.",
Metro,Chevrolet,1999,36000,280000,Gasoline,Manual,Hatchback,foreign_used,5,White,,"1999 Chevrolet Metro (foreign used), a budget-friendly hatchback well suited to quick city runs and easy parking — a good fit for budget-conscious buyers.",
Metro,Chevrolet,2000,37000,248904,Gasoline,Manual,Hatchback,local_used,5,Black,,"2000 Chevrolet Metro (locally used), a budget-friendly hatchback well suited to quick city runs and easy parking — a good fit for budget-conscious buyers.",
MKC,Lincoln,2016,361500,127432,Gasoline,Automatic,SUV,local_used,7,Black,Leather Seats,"2016 Lincoln MKC (locally used), a premium suv well suited to family trips and weekend getaways — a good fit for family-oriented drivers. Comes with leather seats. A solid pick for luxury lovers who want a standout badge.",
MKC,Lincoln,2017,423500,105395,Gasoline,Automatic,SUV,local_used,7,Gray,Leather Seats; All-Wheel Drive,"2017 Lincoln MKC (locally used), a premium suv well suited to family trips and weekend getaways — a good fit for family-oriented drivers. Comes with leather seats. A solid pick for luxury lovers who want a standout badge.",
MKC,Lincoln,2015,448500,137716,Gasoline,Automatic,SUV,foreign_used,7,Blue,Leather Seats,"2015 Lincoln MKC (foreign used), a premium suv well suited to family trips and weekend getaways — a good fit for family-oriented drivers. Comes with leather seats. A solid pick for luxury lovers who want a standout badge.",
Mirage,Mitsubishi,2015,85500,110089,Gasoline,Automatic,Hatchback,foreign_used,5,Gray,,"2015 Mitsubishi Mirage (foreign used), a well-priced hatchback well suited to quick city runs and easy parking — a good fit for budget-conscious buyers.",
Mirage,Mitsubishi,2017,82500,120791,Gasoline,Manual,Hatchback,foreign_used,5,Blue,,"2017 Mitsubishi Mirage (foreign used), a well-priced hatchback well suited to quick city runs and easy parking — a good fit for budget-conscious buyers.",
Mirage,Mitsubishi,2014,64500,170121,Gasoline,Manual,Hatchback,foreign_used,5,Black,,"2014 Mitsubishi Mirage (foreign used), a well-priced hatchback well suited to quick city runs and easy parking — a good fit for budget-conscious buyers.",
MKX,Lincoln,2016,454500,103004,Gasoline,Automatic,SUV,foreign_used,7,White,Leather Seats,"2016 Lincoln MKX (foreign used), a premium suv well suited to family trips and weekend getaways — a good fit for family-oriented drivers. Comes with leather seats. A solid pick for luxury lovers who want a standout badge.",
MKX,Lincoln,2017,480500,86169,Gasoline,Automatic,SUV,foreign_used,7,Gray,Leather Seats,"2017 Lincoln MKX (foreign used), a premium suv well suited to family trips and weekend getaways — a good fit for family-oriented drivers. Comes with leather seats. A solid pick for luxury lovers who want a standout badge.",
MKT,Lincoln,2016,631000,91418,Gasoline,Automatic,Wagon,foreign_used,5,Black,Leather Seats; All-Wheel Drive,"2016 Lincoln MKT (foreign used), a premium wagon well suited to family trips with plenty of cargo room — a good fit for family-oriented drivers. Comes with leather seats. A solid pick for luxury lovers who want a standout badge.",
MKT,Lincoln,2017,535000,115666,Gasoline,Automatic,Wagon,foreign_used,5,Gray,Leather Seats,"2017 Lincoln MKT (foreign used), a premium wagon well suited to family trips with plenty of cargo room — a good fit for family-oriented drivers. Comes with leather seats. A solid pick for luxury lovers who want a standout badge.",
MKX,Lincoln,2015,426000,139068,Gasoline,Automatic,SUV,foreign_used,7,Black,Leather Seats; All-Wheel Drive,"2015 Lincoln MKX (foreign used), a premium suv well suited to family trips and weekend getaways — a good fit for family-oriented drivers. Comes with leather seats. A solid pick for luxury lovers who want a standout badge.",
MKS,Lincoln,2015,273000,135082,Gasoline,Automatic,Sedan,foreign_used,5,White,Leather Seats,"2015 Lincoln MKS (foreign used), a premium sedan well suited to daily commuting and city driving — a good fit for urban professionals. Comes with leather seats. A solid pick for luxury lovers who want a standout badge.",
MKS,Lincoln,2016,305000,103917,Gasoline,Automatic,Sedan,local_used,5,Orange,Leather Seats; All-Wheel Drive,"2016 Lincoln MKS (locally used), a premium sedan well suited to daily commuting and city driving — a good fit for urban professionals. Comes with leather seats. A solid pick for luxury lovers who want a standout badge.",
MKT,Lincoln,2015,541500,124800,Gasoline,Automatic,Wagon,foreign_used,5,White,Leather Seats; All-Wheel Drive,"2015 Lincoln MKT (foreign used), a premium wagon well suited to family trips with plenty of cargo room — a good fit for family-oriented drivers. Comes with leather seats. A solid pick for luxury lovers who want a standout badge.",
MKS,Lincoln,2014,254500,150802,Gasoline,Automatic,Sedan,foreign_used,5,Orange,Leather Seats,"2014 Lincoln MKS (foreign used), a premium sedan well suited to daily commuting and city driving — a good fit for urban professionals. Comes with leather seats. A solid pick for luxury lovers who want a standout badge.",
MKZ,Lincoln,2017,344000,107825,Gasoline,Automatic,Sedan,local_used,5,Yellow,Leather Seats; All-Wheel Drive,"2017 Lincoln MKZ (locally used), a premium sedan well suited to daily commuting and city driving — a good fit for urban professionals. Comes with leather seats. A solid pick for luxury lovers who want a standout badge.",
ML55 AMG,Mercedes-Benz,2000,174500,280000,Gasoline,Automatic,SUV,foreign_used,7,Blue,Leather Seats; All-Wheel Drive,"2000 Mercedes-Benz ML55 AMG (foreign used), a budget-friendly suv well suited to family trips and weekend getaways — a good fit for family-oriented drivers. Comes with leather seats.",
Model S,Tesla,2014,188000,117824,Electric,Automatic,Sedan,foreign_used,5,Gray,,"2014 Tesla Model S (foreign used), a well-priced sedan well suited to daily commuting and city driving — a good fit for urban professionals. A electric powertrain keeps running costs low for eco-conscious drivers.",
MKZ,Lincoln,2016,303000,131709,Gasoline,Automatic,Sedan,foreign_used,5,Silver,Leather Seats,"2016 Lincoln MKZ (foreign used), a premium sedan well suited to daily commuting and city driving — a good fit for urban professionals. Comes with leather seats. A solid pick for luxury lovers who want a standout badge.",
MKZ,Lincoln,2015,297500,125685,Gasoline,Automatic,Sedan,foreign_used,5,Blue,Leather Seats,"2015 Lincoln MKZ (foreign used), a premium sedan well suited to daily commuting and city driving — a good fit for urban professionals. Comes with leather seats. A solid pick for luxury lovers who want a standout badge.",
MKZ Hybrid,Lincoln,2011,238000,173538,Gasoline,Automatic,Sedan,local_used,5,Black,Leather Seats,"2011 Lincoln MKZ Hybrid (locally used), a premium sedan well suited to daily commuting and city driving — a good fit for urban professionals. Comes with leather seats. A solid pick for luxury lovers who want a standout badge.",
Model S,Tesla,2016,184000,133056,Electric,Automatic,Sedan,foreign_used,5,Silver,,"2016 Tesla Model S (foreign used), a well-priced sedan well suited to daily commuting and city driving — a good fit for urban professionals. A electric powertrain keeps running costs low for eco-conscious drivers.",
Model S,Tesla,2015,185500,144701,Electric,Automatic,Sedan,foreign_used,5,Silver,,"2015 Tesla Model S (foreign used), a well-priced sedan well suited to daily commuting and city driving — a good fit for urban professionals. A electric powertrain keeps running costs low for eco-conscious drivers.",
S-10,Chevrolet,2003,136500,280000,Gasoline,Manual,Truck,foreign_used,2,Black,,"2003 Chevrolet S-10 (foreign used), a budget-friendly truck well suited to hauling and rough roads — a good fit for adventure seekers.",
S-10,Chevrolet,2002,149500,234489,Gasoline,Automatic,Truck,foreign_used,2,Black,,"2002 Chevrolet S-10 (foreign used), a well-priced truck well suited to hauling and rough roads — a good fit for adventure seekers.",
Monte Carlo,Chevrolet,2006,136000,192493,Gasoline,Automatic,Coupe,local_used,4,Black,,"2006 Chevrolet Monte Carlo (locally used), a budget-friendly coupe well suited to weekend drives and spirited handling — a good fit for lifestyle-focused drivers.",
Monte Carlo,Chevrolet,2007,145000,253575,Gasoline,Automatic,Coupe,foreign_used,4,Silver,,"2007 Chevrolet Monte Carlo (foreign used), a budget-friendly coupe well suited to weekend drives and spirited handling — a good fit for lifestyle-focused drivers.",
Monte Carlo,Chevrolet,2005,131500,261877,Gasoline,Automatic,Coupe,foreign_used,4,Blue,,"2005 Chevrolet Monte Carlo (foreign used), a budget-friendly coupe well suited to weekend drives and spirited handling — a good fit for lifestyle-focused drivers.",
RX-8,Mazda,2011,190500,159674,Gasoline,Automatic,Coupe,foreign_used,4,White,,"2011 Mazda RX-8 (foreign used), a well-priced coupe well suited to weekend drives and spirited handling — a good fit for lifestyle-focused drivers.",
RX-8,Mazda,2010,203000,151624,Gasoline,Automatic,Coupe,foreign_used,4,Red,,"2010 Mazda RX-8 (foreign used), a well-priced coupe well suited to weekend drives and spirited handling — a good fit for lifestyle-focused drivers.",
RX-8,Mazda,2009,204000,161737,Gasoline,Manual,Coupe,foreign_used,4,Gray,,"2009 Mazda RX-8 (foreign used), a well-priced coupe well suited to weekend drives and spirited handling — a good fit for lifestyle-focused drivers.",
RX 450h,Lexus,2016,440000,143651,Gasoline,Automatic,SUV,local_used,7,Blue,Leather Seats; All-Wheel Drive,"2016 Lexus RX 450h (locally used), a premium suv well suited to family trips and weekend getaways — a good fit for family-oriented drivers. Comes with leather seats. A solid pick for luxury lovers who want a standout badge.",
RX 450h,Lexus,2017,543000,91361,Gasoline,Automatic,SUV,local_used,7,Silver,Leather Seats; All-Wheel Drive,"2017 Lexus RX 450h (locally used), a premium suv well suited to family trips and weekend getaways — a good fit for family-oriented drivers. Comes with leather seats. A solid pick for luxury lovers who want a standout badge.",
RX-7,Mazda,1993,82000,280000,Gasoline,Manual,Coupe,local_used,4,Gray,,"1993 Mazda RX-7 (locally used), a budget-friendly coupe well suited to weekend drives and spirited handling — a good fit for lifestyle-focused drivers.",
RX-7,Mazda,1994,90500,280000,Gasoline,Manual,Coupe,local_used,4,White,,"1994 Mazda RX-7 (locally used), a budget-friendly coupe well suited to weekend drives and spirited handling — a good fit for lifestyle-focused drivers.",
RX-7,Mazda,1995,93000,280000,Gasoline,Manual,Coupe,foreign_used,4,Blue,,"1995 Mazda RX-7 (foreign used), a budget-friendly coupe well suited to weekend drives and spirited handling — a good fit for lifestyle-focused drivers.",
RX 400h,Lexus,2006,251000,188331,Gasoline,Automatic,SUV,foreign_used,7,White,Leather Seats; All-Wheel Drive,"2006 Lexus RX 400h (foreign used), a well-priced suv well suited to family trips and weekend getaways — a good fit for family-oriented drivers. Comes with leather seats.",
RX 400h,Lexus,2007,247500,230173,Gasoline,Automatic,SUV,local_used,7,Red,Leather Seats,"2007 Lexus RX 400h (locally used), a well-priced suv well suited to family trips and weekend getaways — a good fit for family-oriented drivers. Comes with leather seats.",
RX 400h,Lexus,2008,316500,169302,Gasoline,Automatic,SUV,local_used,7,Orange,Leather Seats,"2008 Lexus RX 400h (locally used), a well-priced suv well suited to family trips and weekend getaways — a good fit for family-oriented drivers. Comes with leather seats.",
RX 450h,Lexus,2015,401000,151824,Gasoline,Automatic,SUV,local_used,7,Black,Leather Seats,"2015 Lexus RX 450h (locally used), a premium suv well suited to family trips and weekend getaways — a good fit for family-oriented drivers. Comes with leather seats. A solid pick for luxury lovers who want a standout badge.",
MR2 Spyder,Toyota,2004,223000,228850,Gasoline,Automatic,Convertible,foreign_used,4,White,,"2004 Toyota MR2 Spyder (foreign used), a budget-friendly convertible well suited to weekend adventures and open-top cruising — a good fit for adventure seekers and luxury lovers.",
MR2 Spyder,Toyota,2005,223000,257042,Gasoline,Automatic,Convertible,foreign_used,4,Gray,,"2005 Toyota MR2 Spyder (foreign used), a budget-friendly convertible well suited to weekend adventures and open-top cruising — a good fit for adventure seekers and luxury lovers.",
MR2,Toyota,1993,72500,280000,Gasoline,Manual,Coupe,local_used,4,Black,,"1993 Toyota MR2 (locally used), a budget-friendly coupe well suited to weekend drives and spirited handling — a good fit for lifestyle-focused drivers.",
MR2,Toyota,1994,79500,280000,Gasoline,Manual,Coupe,local_used,4,Blue,,"1994 Toyota MR2 (locally used), a budget-friendly coupe well suited to weekend drives and spirited handling — a good fit for lifestyle-focused drivers.",
MR2 Spyder,Toyota,2003,209500,280000,Gasoline,Automatic,Convertible,local_used,4,White,,"2003 Toyota MR2 Spyder (locally used), a budget-friendly convertible well suited to weekend adventures and open-top cruising — a good fit for adventure seekers and luxury lovers.",
MP4-12C,McLaren,2012,376500,153244,Gasoline,Automatic,Coupe,foreign_used,4,White,,"2012 McLaren MP4-12C (foreign used), a premium coupe well suited to weekend drives and spirited handling — a good fit for lifestyle-focused drivers. A solid pick for luxury lovers who want a standout badge.",
MP4-12C,McLaren,2013,385500,142974,Gasoline,Automatic,Coupe,foreign_used,4,Yellow,,"2013 McLaren MP4-12C (foreign used), a premium coupe well suited to weekend drives and spirited handling — a good fit for lifestyle-focused drivers. A solid pick for luxury lovers who want a standout badge.",
RX 350,Lexus,2015,389000,143186,Gasoline,Automatic,SUV,foreign_used,7,Gray,Leather Seats; All-Wheel Drive,"2015 Lexus RX 350 (foreign used), a premium suv well suited to family trips and weekend getaways — a good fit for family-oriented drivers. Comes with leather seats. A solid pick for luxury lovers who want a standout badge.",
RX 350,Lexus,2016,413000,149648,Gasoline,Automatic,SUV,local_used,7,Blue,Leather Seats; All-Wheel Drive,"2016 Lexus RX 350 (locally used), a premium suv well suited to family trips and weekend getaways — a good fit for family-oriented drivers. Comes with leather seats. A solid pick for luxury lovers who want a standout badge.",
RX 350,Lexus,2017,450500,116739,Gasoline,Automatic,SUV,foreign_used,7,Black,Leather Seats; All-Wheel Drive,"2017 Lexus RX 350 (foreign used), a premium suv well suited to family trips and weekend getaways — a good fit for family-oriented drivers. Comes with leather seats. A solid pick for luxury lovers who want a standout badge.",
RX 330,Lexus,2004,228000,271627,Gasoline,Automatic,SUV,foreign_used,7,Gray,Leather Seats; All-Wheel Drive,"2004 Lexus RX 330 (foreign used), a well-priced suv well suited to family trips and weekend getaways — a good fit for family-oriented drivers. Comes with leather seats.",
RX 330,Lexus,2005,229000,280000,Gasoline,Automatic,SUV,local_used,7,Silver,Leather Seats,"2005 Lexus RX 330 (locally used), a well-priced suv well suited to family trips and weekend getaways — a good fit for family-oriented drivers. Comes with leather seats.",
RX 330,Lexus,2006,222000,235825,Gasoline,Automatic,SUV,foreign_used,7,Silver,Leather Seats,"2006 Lexus RX 330 (foreign used), a well-priced suv well suited to family trips and weekend getaways — a good fit for family-oriented drivers. Comes with leather seats.",
RSX,Acura,2006,104000,187217,Gasoline,Automatic,Hatchback,local_used,5,Gray,Leather Seats,"2006 Acura RSX (locally used), a well-priced hatchback well suited to quick city runs and easy parking — a good fit for budget-conscious buyers. Comes with leather seats.",
RX 300,Lexus,2001,199000,280000,Gasoline,Automatic,SUV,foreign_used,7,Silver,Leather Seats,"2001 Lexus RX 300 (foreign used), a well-priced suv well suited to family trips and weekend getaways — a good fit for family-oriented drivers. Comes with leather seats.",
RX 300,Lexus,2002,208500,280000,Gasoline,Automatic,SUV,local_used,7,Black,Leather Seats; All-Wheel Drive,"2002 Lexus RX 300 (locally used), a well-priced suv well suited to family trips and weekend getaways — a good fit for family-oriented drivers. Comes with leather seats.",
RX 300,Lexus,2003,215000,231192,Gasoline,Automatic,SUV,foreign_used,7,Black,Leather Seats; All-Wheel Drive,"2003 Lexus RX 300 (foreign used), a well-priced suv well suited to family trips and weekend getaways — a good fit for family-oriented drivers. Comes with leather seats.",
RSX,Acura,2005,76000,275941,Gasoline,Automatic,Hatchback,local_used,5,Gray,Leather Seats,"2005 Acura RSX (locally used), a well-priced hatchback well suited to quick city runs and easy parking — a good fit for budget-conscious buyers. Comes with leather seats.",
Murano,Nissan,2016,266000,102056,Gasoline,Automatic,SUV,local_used,7,White,All-Wheel Drive,"2016 Nissan Murano (locally used), a well-priced suv well suited to family trips and weekend getaways — a good fit for family-oriented drivers. Comes with all-wheel drive.",
Murano,Nissan,2017,244000,109935,Gasoline,Automatic,SUV,foreign_used,7,Gray,,"2017 Nissan Murano (foreign used), a well-priced suv well suited to family trips and weekend getaways — a good fit for family-oriented drivers.",
Murano,Nissan,2015,269000,105381,Gasoline,Automatic,SUV,foreign_used,7,White,All-Wheel Drive,"2015 Nissan Murano (foreign used), a well-priced suv well suited to family trips and weekend getaways — a good fit for family-oriented drivers. Comes with all-wheel drive.",
Murano CrossCabriolet,Nissan,2014,258000,140427,Gasoline,Automatic,SUV,foreign_used,7,Silver,All-Wheel Drive,"2014 Nissan Murano CrossCabriolet (foreign used), a well-priced suv well suited to family trips and weekend getaways — a good fit for family-oriented drivers. Comes with all-wheel drive.",
MR2,Toyota,1995,90500,280000,Gasoline,Manual,Coupe,foreign_used,4,Gray,,"1995 Toyota MR2 (foreign used), a budget-friendly coupe well suited to weekend drives and spirited handling — a good fit for lifestyle-focused drivers.",
Mulsanne,Bentley,2014,294500,133025,Gasoline,Automatic,Sedan,local_used,5,White,Leather Seats,"2014 Bentley Mulsanne (locally used), a premium sedan well suited to daily commuting and city driving — a good fit for urban professionals. Comes with leather seats. A solid pick for luxury lovers who want a standout badge.",
Mulsanne,Bentley,2015,289000,142884,Gasoline,Automatic,Sedan,foreign_used,5,White,Leather Seats,"2015 Bentley Mulsanne (foreign used), a premium sedan well suited to daily commuting and city driving — a good fit for urban professionals. Comes with leather seats. A solid pick for luxury lovers who want a standout badge.",
Mulsanne,Bentley,2016,309000,137727,Gasoline,Automatic,Sedan,foreign_used,5,White,Leather Seats,"2016 Bentley Mulsanne (foreign used), a premium sedan well suited to daily commuting and city driving — a good fit for urban professionals. Comes with leather seats. A solid pick for luxury lovers who want a standout badge.",
Murano CrossCabriolet,Nissan,2012,187500,203883,Gasoline,Automatic,SUV,foreign_used,7,Silver,All-Wheel Drive,"2012 Nissan Murano CrossCabriolet (foreign used), a well-priced suv well suited to family trips and weekend getaways — a good fit for family-oriented drivers. Comes with all-wheel drive.",
Murano CrossCabriolet,Nissan,2013,234000,135302,Gasoline,Automatic,SUV,local_used,7,Blue,All-Wheel Drive,"2013 Nissan Murano CrossCabriolet (locally used), a well-priced suv well suited to family trips and weekend getaways — a good fit for family-oriented drivers. Comes with all-wheel drive.",
Mustang,Ford,2015,256000,125355,Gasoline,Manual,Coupe,local_used,4,White,,"2015 Ford Mustang (locally used), a well-priced coupe well suited to weekend drives and spirited handling — a good fit for lifestyle-focused drivers.",
Mustang,Ford,2016,255000,99145,Gasoline,Manual,Coupe,foreign_used,4,Gray,,"2016 Ford Mustang (foreign used), a well-priced coupe well suited to weekend drives and spirited handling — a good fit for lifestyle-focused drivers.",
Mustang SVT Cobra,Ford,1998,112000,280000,Gasoline,Manual,Coupe,foreign_used,4,Black,,"1998 Ford Mustang SVT Cobra (foreign used), a budget-friendly coupe well suited to weekend drives and spirited handling — a good fit for lifestyle-focused drivers.",
Mustang SVT Cobra,Ford,1999,98500,280000,Gasoline,Manual,Coupe,foreign_used,4,Silver,,"1999 Ford Mustang SVT Cobra (foreign used), a budget-friendly coupe well suited to weekend drives and spirited handling — a good fit for lifestyle-focused drivers.",
Murcielago,Lamborghini,2008,551500,220315,Gasoline,Automatic,Convertible,foreign_used,4,Red,All-Wheel Drive,"2008 Lamborghini Murcielago (foreign used), a well-priced convertible well suited to weekend adventures and open-top cruising — a good fit for adventure seekers and luxury lovers. Comes with all-wheel drive.",
Murcielago,Lamborghini,2009,565000,238887,Gasoline,Manual,Convertible,foreign_used,4,Black,All-Wheel Drive,"2009 Lamborghini Murcielago (foreign used), a well-priced convertible well suited to weekend adventures and open-top cruising — a good fit for adventure seekers and luxury lovers. Comes with all-wheel drive.",
Murcielago,Lamborghini,2010,341000,194012,Gasoline,Automatic,Coupe,foreign_used,4,Silver,All-Wheel Drive,"2010 Lamborghini Murcielago (foreign used), a well-priced coupe well suited to weekend drives and spirited handling — a good fit for lifestyle-focused drivers. Comes with all-wheel drive.",
Mustang SVT Cobra,Ford,1997,173000,280000,Gasoline,Manual,Convertible,foreign_used,4,White,,"1997 Ford Mustang SVT Cobra (foreign used), a budget-friendly convertible well suited to weekend adventures and open-top cruising — a good fit for adventure seekers and luxury lovers.",
MX-5 Miata,Mazda,2014,392500,114417,Gasoline,Manual,Convertible,foreign_used,4,White,,"2014 Mazda MX-5 Miata (foreign used), a well-priced convertible well suited to weekend adventures and open-top cruising — a good fit for adventure seekers and luxury lovers.",
MX-5 Miata,Mazda,2015,377500,148848,Gasoline,Automatic,Convertible,foreign_used,4,Black,,"2015 Mazda MX-5 Miata (foreign used), a well-priced convertible well suited to weekend adventures and open-top cruising — a good fit for adventure seekers and luxury lovers.",
MX-3,Mazda,1994,28500,280000,Gasoline,Manual,Hatchback,foreign_used,5,White,,"1994 Mazda MX-3 (foreign used), a budget-friendly hatchback well suited to quick city runs and easy parking — a good fit for budget-conscious buyers.",
MX-3,Mazda,1995,29500,280000,Gasoline,Manual,Hatchback,foreign_used,5,Silver,,"1995 Mazda MX-3 (foreign used), a budget-friendly hatchback well suited to quick city runs and easy parking — a good fit for budget-conscious buyers.",
Mustang,Ford,2017,453500,123230,Gasoline,Manual,Convertible,local_used,4,Black,,"2017 Ford Mustang (locally used), a well-priced convertible well suited to weekend adventures and open-top cruising — a good fit for adventure seekers and luxury lovers.",
MX-3,Mazda,1993,28500,280000,Gasoline,Manual,Hatchback,local_used,5,Silver,,"1993 Mazda MX-3 (locally used), a budget-friendly hatchback well suited to quick city runs and easy parking — a good fit for budget-conscious buyers.",
MX-6,Mazda,1996,90500,276509,Gasoline,Manual,Coupe,foreign_used,4,White,,"1996 Mazda MX-6 (foreign used), a budget-friendly coupe well suited to weekend drives and spirited handling — a good fit for lifestyle-focused drivers.",
MX-6,Mazda,1997,88500,280000,Gasoline,Manual,Coupe,foreign_used,4,Black,,"1997 Mazda MX-6 (foreign used), a budget-friendly coupe well suited to weekend drives and spirited handling — a good fit for lifestyle-focused drivers.",
MX-5 Miata,Mazda,2016,416000,105787,Gasoline,Manual,Convertible,local_used,4,Gray,,"2016 Mazda MX-5 Miata (locally used), a well-priced convertible well suited to weekend adventures and open-top cruising — a good fit for adventure seekers and luxury lovers.",
MX-6,Mazda,1995,78500,280000,Gasoline,Manual,Coupe,local_used,4,Yellow,,"1995 Mazda MX-6 (locally used), a budget-friendly coupe well suited to weekend drives and spirited handling — a good fit for lifestyle-focused drivers.",
Neon,Dodge,2004,82000,209569,Gasoline,Manual,Sedan,foreign_used,5,White,,"2004 Dodge Neon (foreign used), a budget-friendly sedan well suited to daily commuting and city driving — a good fit for urban professionals.",
Navigator,Lincoln,2017,440500,131596,Gasoline,Automatic,SUV,foreign_used,7,Red,Leather Seats,"2017 Lincoln Navigator (foreign used), a premium suv well suited to family trips and weekend getaways — a good fit for family-oriented drivers. Comes with leather seats. A solid pick for luxury lovers who want a standout badge.",
Neon,Dodge,2003,76500,280000,Gasoline,Manual,Sedan,foreign_used,5,Silver,,"2003 Dodge Neon (foreign used), a budget-friendly sedan well suited to daily commuting and city driving — a good fit for urban professionals.",
Navigator,Lincoln,2016,450500,108331,Gasoline,Automatic,SUV,foreign_used,7,Silver,Leather Seats,"2016 Lincoln Navigator (foreign used), a premium suv well suited to family trips and weekend getaways — a good fit for family-oriented drivers. Comes with leather seats. A solid pick for luxury lovers who want a standout badge.",
Navigator,Lincoln,2015,483500,125201,Gasoline,Automatic,SUV,foreign_used,7,Silver,Leather Seats; All-Wheel Drive,"2015 Lincoln Navigator (foreign used), a premium suv well suited to family trips and weekend getaways — a good fit for family-oriented drivers. Comes with leather seats. A solid pick for luxury lovers who want a standout badge.",
New Beetle,Volkswagen,2008,49500,210298,Gasoline,Manual,Hatchback,foreign_used,5,White,,"2008 Volkswagen New Beetle (foreign used), a budget-friendly hatchback well suited to quick city runs and easy parking — a good fit for budget-conscious buyers.",
New Beetle,Volkswagen,2009,58000,214261,Gasoline,Manual,Hatchback,foreign_used,5,White,,"2009 Volkswagen New Beetle (foreign used), a budget-friendly hatchback well suited to quick city runs and easy parking — a good fit for budget-conscious buyers.",
Neon,Dodge,2005,85000,253976,Gasoline,Manual,Sedan,foreign_used,5,Silver,,"2005 Dodge Neon (foreign used), a budget-friendly sedan well suited to daily commuting and city driving — a good fit for urban professionals.",
RS 7,Audi,2016,327500,145164,Gasoline,Automatic,Sedan,foreign_used,5,Black,Leather Seats; All-Wheel Drive,"2016 Audi RS 7 (foreign used), a premium sedan well suited to daily commuting and city driving — a good fit for urban professionals. Comes with leather seats. A solid pick for luxury lovers who want a standout badge.",
RS 7,Audi,2017,347500,107836,Gasoline,Automatic,Sedan,foreign_used,5,Red,Leather Seats; All-Wheel Drive,"2017 Audi RS 7 (foreign used), a premium sedan well suited to daily commuting and city driving — a good fit for urban professionals. Comes with leather seats. A solid pick for luxury lovers who want a standout badge.",
RSX,Acura,2004,77500,280000,Gasoline,Manual,Hatchback,foreign_used,5,Black,Leather Seats,"2004 Acura RSX (foreign used), a well-priced hatchback well suited to quick city runs and easy parking — a good fit for budget-conscious buyers. Comes with leather seats.",
RS 5,Audi,2013,594500,183411,Gasoline,Automatic,Convertible,foreign_used,4,White,Leather Seats; All-Wheel Drive,"2013 Audi RS 5 (foreign used), a well-priced convertible well suited to weekend adventures and open-top cruising — a good fit for adventure seekers and luxury lovers. Comes with leather seats.",
RS 5,Audi,2014,411500,123013,Gasoline,Automatic,Coupe,foreign_used,4,Gray,Leather Seats; All-Wheel Drive,"2014 Audi RS 5 (foreign used), a premium coupe well suited to weekend drives and spirited handling — a good fit for lifestyle-focused drivers. Comes with leather seats. A solid pick for luxury lovers who want a standout badge.",
RS 5,Audi,2015,681000,160419,Gasoline,Automatic,Convertible,local_used,4,Black,Leather Seats; All-Wheel Drive,"2015 Audi RS 5 (locally used), a well-priced convertible well suited to weekend adventures and open-top cruising — a good fit for adventure seekers and luxury lovers. Comes with leather seats.",
RS 6,Audi,2003,153500,223059,Gasoline,Automatic,Sedan,foreign_used,5,Silver,Leather Seats; All-Wheel Drive,"2003 Audi RS 6 (foreign used), a well-priced sedan well suited to daily commuting and city driving — a good fit for urban professionals. Comes with leather seats.",
RS 7,Audi,2015,319500,152952,Gasoline,Automatic,Sedan,local_used,5,Gray,Leather Seats; All-Wheel Drive,"2015 Audi RS 7 (locally used), a premium sedan well suited to daily commuting and city driving — a good fit for urban professionals. Comes with leather seats. A solid pick for luxury lovers who want a standout badge.",
Routan,Volkswagen,2012,263000,157972,Gasoline,Automatic,Wagon,local_used,5,Red,,"2012 Volkswagen Routan (locally used), a well-priced wagon well suited to family trips with plenty of cargo room — a good fit for family-oriented drivers.",
RS 4,Audi,2007,178000,271089,Gasoline,Manual,Sedan,foreign_used,5,Blue,Leather Seats; All-Wheel Drive,"2007 Audi RS 4 (foreign used), a well-priced sedan well suited to daily commuting and city driving — a good fit for urban professionals. Comes with leather seats.",
RS 4,Audi,2008,478500,255750,Gasoline,Manual,Convertible,foreign_used,4,Gray,Leather Seats; All-Wheel Drive,"2008 Audi RS 4 (foreign used), a well-priced convertible well suited to weekend adventures and open-top cruising — a good fit for adventure seekers and luxury lovers. Comes with leather seats.",
Nitro,Dodge,2009,135000,235204,Gasoline,Automatic,SUV,foreign_used,7,Gray,All-Wheel Drive,"2009 Dodge Nitro (foreign used), a budget-friendly suv well suited to family trips and weekend getaways — a good fit for family-oriented drivers. Comes with all-wheel drive.",
Nitro,Dodge,2010,146000,219843,Gasoline,Automatic,SUV,local_used,7,Red,All-Wheel Drive,"2010 Dodge Nitro (locally used), a budget-friendly suv well suited to family trips and weekend getaways — a good fit for family-oriented drivers. Comes with all-wheel drive.",
New Beetle,Volkswagen,2010,69000,173249,Gasoline,Automatic,Hatchback,local_used,5,Black,,"2010 Volkswagen New Beetle (locally used), a well-priced hatchback well suited to quick city runs and easy parking — a good fit for budget-conscious buyers.",
Rogue,Nissan,2017,263000,85370,Gasoline,Automatic,SUV,local_used,7,White,,"2017 Nissan Rogue (locally used), a well-priced suv well suited to family trips and weekend getaways — a good fit for family-oriented drivers.",
NX 200t,Lexus,2015,363500,125597,Gasoline,Automatic,SUV,foreign_used,7,Black,Leather Seats; All-Wheel Drive,"2015 Lexus NX 200t (foreign used), a premium suv well suited to family trips and weekend getaways — a good fit for family-oriented drivers. Comes with leather seats. A solid pick for luxury lovers who want a standout badge.",
Nitro,Dodge,2011,193500,150617,Gasoline,Automatic,SUV,foreign_used,7,White,All-Wheel Drive,"2011 Dodge Nitro (foreign used), a well-priced suv well suited to family trips and weekend getaways — a good fit for family-oriented drivers. Comes with all-wheel drive.",
NSX,Acura,2004,247000,280000,Gasoline,Manual,Coupe,foreign_used,4,Gray,Leather Seats,"2004 Acura NSX (foreign used), a well-priced coupe well suited to weekend drives and spirited handling — a good fit for lifestyle-focused drivers. Comes with leather seats.",
NSX,Acura,2005,228500,232609,Gasoline,Manual,Coupe,foreign_used,4,Silver,Leather Seats,"2005 Acura NSX (foreign used), a well-priced coupe well suited to weekend drives and spirited handling — a good fit for lifestyle-focused drivers. Comes with leather seats.",
NSX,Acura,2017,420000,133683,Gasoline,Automatic,Coupe,foreign_used,4,Silver,Leather Seats; All-Wheel Drive,"2017 Acura NSX (foreign used), a premium coupe well suited to weekend drives and spirited handling — a good fit for lifestyle-focused drivers. Comes with leather seats. A solid pick for luxury lovers who want a standout badge.",
Rogue,Nissan,2015,202500,141304,Gasoline,Automatic,SUV,foreign_used,7,White,All-Wheel Drive,"2015 Nissan Rogue (foreign used), a well-priced suv well suited to family trips and weekend getaways — a good fit for family-oriented drivers. Comes with all-wheel drive.",
Rogue,Nissan,2016,247500,139349,Gasoline,Automatic,SUV,local_used,7,Gray,All-Wheel Drive,"2016 Nissan Rogue (locally used), a well-priced suv well suited to family trips and weekend getaways — a good fit for family-oriented drivers. Comes with all-wheel drive.",
Rogue Select,Nissan,2015,211000,107747,Gasoline,Automatic,SUV,foreign_used,7,Black,All-Wheel Drive,"2015 Nissan Rogue Select (foreign used), a well-priced suv well suited to family trips and weekend getaways — a good fit for family-oriented drivers. Comes with all-wheel drive.",
Rogue Select,Nissan,2014,176000,170065,Gasoline,Automatic,SUV,foreign_used,7,Gray,,"2014 Nissan Rogue Select (foreign used), a budget-friendly suv well suited to family trips and weekend getaways — a good fit for family-oriented drivers.",
RLX,Acura,2016,266500,145365,Gasoline,Automatic,Sedan,foreign_used,5,Silver,Leather Seats,"2016 Acura RLX (foreign used), a premium sedan well suited to daily commuting and city driving — a good fit for urban professionals. Comes with leather seats. A solid pick for luxury lovers who want a standout badge.",
RLX,Acura,2017,326500,107301,Gasoline,Automatic,Sedan,local_used,5,Black,Leather Seats,"2017 Acura RLX (locally used), a premium sedan well suited to daily commuting and city driving — a good fit for urban professionals. Comes with leather seats. A solid pick for luxury lovers who want a standout badge.",
NX,Nissan,1992,27500,280000,Gasoline,Manual,Hatchback,local_used,5,White,,"1992 Nissan NX (locally used), a budget-friendly hatchback well suited to quick city runs and easy parking — a good fit for budget-conscious buyers.",
NX,Nissan,1993,31000,280000,Gasoline,Manual,Hatchback,foreign_used,5,White,,"1993 Nissan NX (foreign used), a budget-friendly hatchback well suited to quick city runs and easy parking — a good fit for budget-conscious buyers.",
NX 300h,Lexus,2015,430500,110539,Gasoline,Automatic,SUV,foreign_used,7,Blue,Leather Seats,"2015 Lexus NX 300h (foreign used), a premium suv well suited to family trips and weekend getaways — a good fit for family-oriented drivers. Comes with leather seats. A solid pick for luxury lovers who want a standout badge.",
NX 300h,Lexus,2016,456000,120154,Gasoline,Automatic,SUV,foreign_used,7,Red,Leather Seats; All-Wheel Drive,"2016 Lexus NX 300h (foreign used), a premium suv well suited to family trips and weekend getaways — a good fit for family-oriented drivers. Comes with leather seats. A solid pick for luxury lovers who want a standout badge.",
NX 300h,Lexus,2017,462000,102528,Gasoline,Automatic,SUV,local_used,7,Gray,Leather Seats; All-Wheel Drive,"2017 Lexus NX 300h (locally used), a premium suv well suited to family trips and weekend getaways — a good fit for family-oriented drivers. Comes with leather seats. A solid pick for luxury lovers who want a standout badge.",
NX,Nissan,1991,23500,280000,Gasoline,Manual,Hatchback,foreign_used,5,White,,"1991 Nissan NX (foreign used), a budget-friendly hatchback well suited to quick city runs and easy parking — a good fit for budget-conscious buyers.",
NX 200t,Lexus,2016,399500,112052,Gasoline,Automatic,SUV,foreign_used,7,Black,Leather Seats,"2016 Lexus NX 200t (foreign used), a premium suv well suited to family trips and weekend getaways — a good fit for family-oriented drivers. Comes with leather seats. A solid pick for luxury lovers who want a standout badge.",
NX 200t,Lexus,2017,480500,84681,Gasoline,Automatic,SUV,foreign_used,7,Gray,Leather Seats; All-Wheel Drive,"2017 Lexus NX 200t (foreign used), a premium suv well suited to family trips and weekend getaways — a good fit for family-oriented drivers. Comes with leather seats. A solid pick for luxury lovers who want a standout badge.",
Optima,Kia,2016,217500,91549,Gasoline,Automatic,Sedan,foreign_used,5,Gray,,"2016 Kia Optima (foreign used), a well-priced sedan well suited to daily commuting and city driving — a good fit for urban professionals.",
Outback,Subaru,2015,260500,107921,Gasoline,Automatic,SUV,local_used,7,White,All-Wheel Drive,"2015 Subaru Outback (locally used), a well-priced suv well suited to family trips and weekend getaways — a good fit for family-oriented drivers. Comes with all-wheel drive.",
Optima,Kia,2015,139000,162566,Gasoline,Automatic,Sedan,foreign_used,5,White,,"2015 Kia Optima (foreign used), a well-priced sedan well suited to daily commuting and city driving — a good fit for urban professionals.",
Optima Hybrid,Kia,2017,174500,110675,Gasoline,Automatic,Sedan,foreign_used,5,Gray,,"2017 Kia Optima Hybrid (foreign used), a well-priced sedan well suited to daily commuting and city driving — a good fit for urban professionals.",
Optima,Kia,2014,127000,177539,Gasoline,Automatic,Sedan,foreign_used,5,Black,,"2014 Kia Optima (foreign used), a well-priced sedan well suited to daily commuting and city driving — a good fit for urban professionals.",
Omni,Dodge,1990,27000,280000,Gasoline,Manual,Hatchback,foreign_used,5,Black,,"1990 Dodge Omni (foreign used), a budget-friendly hatchback well suited to quick city runs and easy parking — a good fit for budget-conscious buyers.",
Optima Hybrid,Kia,2015,187500,119580,Gasoline,Automatic,Sedan,local_used,5,White,,"2015 Kia Optima Hybrid (locally used), a well-priced sedan well suited to daily commuting and city driving — a good fit for urban professionals.",
Optima Hybrid,Kia,2016,188500,120369,Gasoline,Automatic,Sedan,foreign_used,5,Silver,,"2016 Kia Optima Hybrid (foreign used), a well-priced sedan well suited to daily commuting and city driving — a good fit for urban professionals.",
RL,Acura,2012,245500,162919,Gasoline,Automatic,Sedan,local_used,5,Blue,Leather Seats; All-Wheel Drive,"2012 Acura RL (locally used), a premium sedan well suited to daily commuting and city driving — a good fit for urban professionals. Comes with leather seats. A solid pick for luxury lovers who want a standout badge.",
RLX,Acura,2015,318000,105974,Gasoline,Automatic,Sedan,local_used,5,Red,Leather Seats,"2015 Acura RLX (locally used), a premium sedan well suited to daily commuting and city driving — a good fit for urban professionals. Comes with leather seats. A solid pick for luxury lovers who want a standout badge.",
RL,Acura,2010,200000,205519,Gasoline,Automatic,Sedan,foreign_used,5,Silver,Leather Seats; All-Wheel Drive,"2010 Acura RL (foreign used), a well-priced sedan well suited to daily commuting and city driving — a good fit for urban professionals. Comes with leather seats.",
RL,Acura,2011,238000,154443,Gasoline,Automatic,Sedan,foreign_used,5,Silver,Leather Seats; All-Wheel Drive,"2011 Acura RL (foreign used), a premium sedan well suited to daily commuting and city driving — a good fit for urban professionals. Comes with leather seats. A solid pick for luxury lovers who want a standout badge.",
Rio,Kia,2016,89000,127175,Gasoline,Automatic,Hatchback,foreign_used,5,White,,"2016 Kia Rio (foreign used), a well-priced hatchback well suited to quick city runs and easy parking — a good fit for budget-conscious buyers.",
Rio,Kia,2017,81500,116111,Gasoline,Automatic,Hatchback,local_used,5,Silver,,"2017 Kia Rio (locally used), a well-priced hatchback well suited to quick city runs and easy parking — a good fit for budget-conscious buyers.",
Outlander Sport,Mitsubishi,2016,216000,99121,Gasoline,Automatic,SUV,foreign_used,7,Black,All-Wheel Drive,"2016 Mitsubishi Outlander Sport (foreign used), a well-priced suv well suited to family trips and weekend getaways — a good fit for family-oriented drivers. Comes with all-wheel drive.",
Outlander Sport,Mitsubishi,2015,245000,103049,Gasoline,Automatic,SUV,foreign_used,7,Silver,All-Wheel Drive,"2015 Mitsubishi Outlander Sport (foreign used), a well-priced suv well suited to family trips and weekend getaways — a good fit for family-oriented drivers. Comes with all-wheel drive.",
Outback,Subaru,2017,272500,123161,Gasoline,Automatic,SUV,foreign_used,7,Black,All-Wheel Drive,"2017 Subaru Outback (foreign used), a well-priced suv well suited to family trips and weekend getaways — a good fit for family-oriented drivers. Comes with all-wheel drive.",
Outback,Subaru,2016,239000,117588,Gasoline,Automatic,SUV,local_used,7,Black,All-Wheel Drive,"2016 Subaru Outback (locally used), a well-priced suv well suited to family trips and weekend getaways — a good fit for family-oriented drivers. Comes with all-wheel drive.",
Outlander,Mitsubishi,2017,264000,84141,Gasoline,Automatic,SUV,foreign_used,7,White,All-Wheel Drive,"2017 Mitsubishi Outlander (foreign used), a well-priced suv well suited to family trips and weekend getaways — a good fit for family-oriented drivers. Comes with all-wheel drive.",
Pacifica,Chrysler,2007,167500,280000,Gasoline,Automatic,Wagon,foreign_used,5,Black,,"2007 Chrysler Pacifica (foreign used), a well-priced wagon well suited to family trips with plenty of cargo room — a good fit for family-oriented drivers.",
Outlander,Mitsubishi,2016,262500,93467,Gasoline,Automatic,SUV,foreign_used,7,White,All-Wheel Drive,"2016 Mitsubishi Outlander (foreign used), a well-priced suv well suited to family trips and weekend getaways — a good fit for family-oriented drivers. Comes with all-wheel drive.",
Outlander Sport,Mitsubishi,2017,240000,118532,Gasoline,Automatic,SUV,foreign_used,7,White,,"2017 Mitsubishi Outlander Sport (foreign used), a well-priced suv well suited to family trips and weekend getaways — a good fit for family-oriented drivers.",
Outlander,Mitsubishi,2015,206500,163923,Gasoline,Automatic,SUV,local_used,7,Orange,All-Wheel Drive,"2015 Mitsubishi Outlander (locally used), a well-priced suv well suited to family trips and weekend getaways — a good fit for family-oriented drivers. Comes with all-wheel drive.",
Panamera,Porsche,2016,356000,104351,Gasoline,Automatic,Sedan,foreign_used,5,Black,Leather Seats; All-Wheel Drive,"2016 Porsche Panamera (foreign used), a premium sedan well suited to daily commuting and city driving — a good fit for urban professionals. Comes with leather seats. A solid pick for luxury lovers who want a standout badge.",
Panamera,Porsche,2015,312000,108388,Gasoline,Automatic,Sedan,local_used,5,Silver,Leather Seats,"2015 Porsche Panamera (locally used), a premium sedan well suited to daily commuting and city driving — a good fit for urban professionals. Comes with leather seats. A solid pick for luxury lovers who want a standout badge.",
Pacifica,Chrysler,2017,379000,87555,Gasoline,Automatic,Wagon,foreign_used,5,Blue,,"2017 Chrysler Pacifica (foreign used), a premium wagon well suited to family trips with plenty of cargo room — a good fit for family-oriented drivers.",
Pacifica,Chrysler,2008,209000,194754,Gasoline,Automatic,Wagon,foreign_used,5,Orange,All-Wheel Drive,"2008 Chrysler Pacifica (foreign used), a well-priced wagon well suited to family trips with plenty of cargo room — a good fit for family-oriented drivers. Comes with all-wheel drive.",
Passat,Volkswagen,2015,178000,105669,Diesel,Automatic,Sedan,foreign_used,5,Silver,,"2015 Volkswagen Passat (foreign used), a well-priced sedan well suited to daily commuting and city driving — a good fit for urban professionals.",
Park Ward,Rolls-Royce,2001,170000,280000,Gasoline,Automatic,Sedan,foreign_used,5,Blue,Leather Seats,"2001 Rolls-Royce Park Ward (foreign used), a well-priced sedan well suited to daily commuting and city driving — a good fit for urban professionals. Comes with leather seats.",
Park Ward,Rolls-Royce,2002,161000,224970,Gasoline,Automatic,Sedan,foreign_used,5,Black,Leather Seats,"2002 Rolls-Royce Park Ward (foreign used), a well-priced sedan well suited to daily commuting and city driving — a good fit for urban professionals. Comes with leather seats.",
Park Avenue,Buick,2003,89000,277300,Gasoline,Automatic,Sedan,foreign_used,5,Black,,"2003 Buick Park Avenue (foreign used), a budget-friendly sedan well suited to daily commuting and city driving — a good fit for urban professionals.",
Park Avenue,Buick,2004,97000,280000,Gasoline,Automatic,Sedan,foreign_used,5,Black,,"2004 Buick Park Avenue (foreign used), a budget-friendly sedan well suited to daily commuting and city driving — a good fit for urban professionals.",
Park Avenue,Buick,2005,112000,280000,Gasoline,Automatic,Sedan,foreign_used,5,Gray,,"2005 Buick Park Avenue (foreign used), a budget-friendly sedan well suited to daily commuting and city driving — a good fit for urban professionals.",
Rio,Kia,2015,77500,139604,Gasoline,Automatic,Hatchback,foreign_used,5,Gray,,"2015 Kia Rio (foreign used), a well-priced hatchback well suited to quick city runs and easy parking — a good fit for budget-conscious buyers.",
Reno,Suzuki,2008,56000,195075,Gasoline,Manual,Hatchback,local_used,5,Black,,"2008 Suzuki Reno (locally used), a budget-friendly hatchback well suited to quick city runs and easy parking — a good fit for budget-conscious buyers.",
Reventon,Lamborghini,2008,288500,229381,Gasoline,Automatic,Coupe,foreign_used,4,White,All-Wheel Drive,"2008 Lamborghini Reventon (foreign used), a well-priced coupe well suited to weekend drives and spirited handling — a good fit for lifestyle-focused drivers. Comes with all-wheel drive.",
Reno,Suzuki,2006,43000,243245,Gasoline,Manual,Hatchback,foreign_used,5,Silver,,"2006 Suzuki Reno (foreign used), a budget-friendly hatchback well suited to quick city runs and easy parking — a good fit for budget-conscious buyers.",
Reno,Suzuki,2007,48500,219574,Gasoline,Automatic,Hatchback,foreign_used,5,White,,"2007 Suzuki Reno (foreign used), a budget-friendly hatchback well suited to quick city runs and easy parking — a good fit for budget-conscious buyers.",
Rendezvous,Buick,2005,138500,205470,Gasoline,Automatic,SUV,local_used,7,Silver,,"2005 Buick Rendezvous (locally used), a budget-friendly suv well suited to family trips and weekend getaways — a good fit for family-oriented drivers.",
Rendezvous,Buick,2006,126000,280000,Gasoline,Automatic,SUV,local_used,7,Gray,,"2006 Buick Rendezvous (locally used), a budget-friendly suv well suited to family trips and weekend getaways — a good fit for family-oriented drivers.",
Rendezvous,Buick,2007,145000,222275,Gasoline,Automatic,SUV,foreign_used,7,Gray,,"2007 Buick Rendezvous (foreign used), a budget-friendly suv well suited to family trips and weekend getaways — a good fit for family-oriented drivers.",
Regal,Buick,2017,192000,91510,Gasoline,Automatic,Sedan,local_used,5,Gray,,"2017 Buick Regal (locally used), a well-priced sedan well suited to daily commuting and city driving — a good fit for urban professionals.",
Passat,Volkswagen,2017,179000,100859,Gasoline,Automatic,Sedan,foreign_used,5,Blue,,"2017 Volkswagen Passat (foreign used), a well-priced sedan well suited to daily commuting and city driving — a good fit for urban professionals.",
Regal,Buick,2016,169500,139652,Gasoline,Automatic,Sedan,local_used,5,Gray,All-Wheel Drive,"2016 Buick Regal (locally used), a well-priced sedan well suited to daily commuting and city driving — a good fit for urban professionals. Comes with all-wheel drive.",
Reatta,Buick,1990,123000,280000,Gasoline,Automatic,Convertible,local_used,4,Silver,Leather Seats,"1990 Buick Reatta (locally used), a budget-friendly convertible well suited to weekend adventures and open-top cruising — a good fit for adventure seekers and luxury lovers. Comes with leather seats.",
Reatta,Buick,1991,134000,280000,Gasoline,Automatic,Convertible,foreign_used,4,White,Leather Seats,"1991 Buick Reatta (foreign used), a budget-friendly convertible well suited to weekend adventures and open-top cruising — a good fit for adventure seekers and luxury lovers. Comes with leather seats.",
RDX,Acura,2017,474000,81596,Gasoline,Automatic,SUV,local_used,7,White,Leather Seats,"2017 Acura RDX (locally used), a premium suv well suited to family trips and weekend getaways — a good fit for family-oriented drivers. Comes with leather seats. A solid pick for luxury lovers who want a standout badge.",
RDX,Acura,2016,430500,114969,Gasoline,Automatic,SUV,foreign_used,7,Black,Leather Seats,"2016 Acura RDX (foreign used), a premium suv well suited to family trips and weekend getaways — a good fit for family-oriented drivers. Comes with leather seats. A solid pick for luxury lovers who want a standout badge.",
Pathfinder,Nissan,2015,226500,130769,Gasoline,Automatic,SUV,local_used,7,Black,,"2015 Nissan Pathfinder (locally used), a well-priced suv well suited to family trips and weekend getaways — a good fit for family-oriented drivers.",
Pathfinder,Nissan,2016,257000,91152,Gasoline,Automatic,SUV,foreign_used,7,Silver,,"2016 Nissan Pathfinder (foreign used), a well-priced suv well suited to family trips and weekend getaways — a good fit for family-oriented drivers.",
Phantom Coupe,Rolls-Royce,2015,456500,116148,Gasoline,Automatic,Coupe,foreign_used,4,Blue,Leather Seats,"2015 Rolls-Royce Phantom Coupe (foreign used), a premium coupe well suited to weekend drives and spirited handling — a good fit for lifestyle-focused drivers. Comes with leather seats. A solid pick for luxury lovers who want a standout badge.",
Phantom Coupe,Rolls-Royce,2016,503500,135617,Gasoline,Automatic,Coupe,foreign_used,4,White,Leather Seats,"2016 Rolls-Royce Phantom Coupe (foreign used), a premium coupe well suited to weekend drives and spirited handling — a good fit for lifestyle-focused drivers. Comes with leather seats. A solid pick for luxury lovers who want a standout badge.",
Phantom Drophead Coupe,Rolls-Royce,2014,796000,117872,Gasoline,Automatic,Convertible,foreign_used,4,White,Leather Seats,"2014 Rolls-Royce Phantom Drophead Coupe (foreign used), a premium convertible well suited to weekend adventures and open-top cruising — a good fit for adventure seekers and luxury lovers. Comes with leather seats. A solid pick for luxury lovers who want a standout badge.",
Phantom Drophead Coupe,Rolls-Royce,2015,857000,134330,Gasoline,Automatic,Convertible,foreign_used,4,Yellow,Leather Seats,"2015 Rolls-Royce Phantom Drophead Coupe (foreign used), a premium convertible well suited to weekend adventures and open-top cruising — a good fit for adventure seekers and luxury lovers. Comes with leather seats. A solid pick for luxury lovers who want a standout badge.",
Phantom Drophead Coupe,Rolls-Royce,2016,1003000,102912,Gasoline,Automatic,Convertible,foreign_used,4,White,Leather Seats,"2016 Rolls-Royce Phantom Drophead Coupe (foreign used), a premium convertible well suited to weekend adventures and open-top cruising — a good fit for adventure seekers and luxury lovers. Comes with leather seats. A solid pick for luxury lovers who want a standout badge.",
Phantom,Rolls-Royce,2014,335500,108873,Gasoline,Automatic,Sedan,foreign_used,5,Silver,Leather Seats,"2014 Rolls-Royce Phantom (foreign used), a premium sedan well suited to daily commuting and city driving — a good fit for urban professionals. Comes with leather seats. A solid pick for luxury lovers who want a standout badge.",
Phantom,Rolls-Royce,2015,338000,114919,Gasoline,Automatic,Sedan,foreign_used,5,Silver,Leather Seats,"2015 Rolls-Royce Phantom (foreign used), a premium sedan well suited to daily commuting and city driving — a good fit for urban professionals. Comes with leather seats. A solid pick for luxury lovers who want a standout badge.",
Phaeton,Volkswagen,2005,110500,280000,Gasoline,Automatic,Sedan,foreign_used,5,Silver,Leather Seats; All-Wheel Drive,"2005 Volkswagen Phaeton (foreign used), a budget-friendly sedan well suited to daily commuting and city driving — a good fit for urban professionals. Comes with leather seats.",
Phaeton,Volkswagen,2006,110500,276184,Gasoline,Automatic,Sedan,foreign_used,5,White,Leather Seats; All-Wheel Drive,"2006 Volkswagen Phaeton (foreign used), a budget-friendly sedan well suited to daily commuting and city driving — a good fit for urban professionals. Comes with leather seats.",
Phantom Coupe,Rolls-Royce,2014,393000,177090,Gasoline,Automatic,Coupe,foreign_used,4,White,Leather Seats,"2014 Rolls-Royce Phantom Coupe (foreign used), a premium coupe well suited to weekend drives and spirited handling — a good fit for lifestyle-focused drivers. Comes with leather seats. A solid pick for luxury lovers who want a standout badge.",
Pathfinder,Nissan,2017,291500,107344,Gasoline,Automatic,SUV,local_used,7,White,,"2017 Nissan Pathfinder (locally used), a well-priced suv well suited to family trips and weekend getaways — a good fit for family-oriented drivers.",
Phaeton,Volkswagen,2004,119500,212485,Gasoline,Automatic,Sedan,local_used,5,Silver,Leather Seats; All-Wheel Drive,"2004 Volkswagen Phaeton (locally used), a budget-friendly sedan well suited to daily commuting and city driving — a good fit for urban professionals. Comes with leather seats.",
Pilot,Honda,2015,254000,135165,Gasoline,Automatic,SUV,local_used,7,Silver,All-Wheel Drive,"2015 Honda Pilot (locally used), a well-priced suv well suited to family trips and weekend getaways — a good fit for family-oriented drivers. Comes with all-wheel drive.",
Phantom,Rolls-Royce,2016,365000,117263,Gasoline,Automatic,Sedan,foreign_used,5,White,Leather Seats,"2016 Rolls-Royce Phantom (foreign used), a premium sedan well suited to daily commuting and city driving — a good fit for urban professionals. Comes with leather seats. A solid pick for luxury lovers who want a standout badge.",
RDX,Acura,2015,392000,154728,Gasoline,Automatic,SUV,local_used,7,Silver,Leather Seats; All-Wheel Drive,"2015 Acura RDX (locally used), a premium suv well suited to family trips and weekend getaways — a good fit for family-oriented drivers. Comes with leather seats. A solid pick for luxury lovers who want a standout badge.",
RC 350,Lexus,2015,428000,105473,Gasoline,Automatic,Coupe,foreign_used,4,Blue,Leather Seats; All-Wheel Drive,"2015 Lexus RC 350 (foreign used), a premium coupe well suited to weekend drives and spirited handling — a good fit for lifestyle-focused drivers. Comes with leather seats. A solid pick for luxury lovers who want a standout badge.",
RC 350,Lexus,2016,435500,119294,Gasoline,Automatic,Coupe,foreign_used,4,White,Leather Seats; All-Wheel Drive,"2016 Lexus RC 350 (foreign used), a premium coupe well suited to weekend drives and spirited handling — a good fit for lifestyle-focused drivers. Comes with leather seats. A solid pick for luxury lovers who want a standout badge.",
RC 350,Lexus,2017,507500,89103,Gasoline,Automatic,Coupe,foreign_used,4,Silver,Leather Seats; All-Wheel Drive,"2017 Lexus RC 350 (foreign used), a premium coupe well suited to weekend drives and spirited handling — a good fit for lifestyle-focused drivers. Comes with leather seats. A solid pick for luxury lovers who want a standout badge.",
RC F,Lexus,2015,418000,120429,Gasoline,Automatic,Coupe,local_used,4,Gray,Leather Seats,"2015 Lexus RC F (locally used), a premium coupe well suited to weekend drives and spirited handling — a good fit for lifestyle-focused drivers. Comes with leather seats. A solid pick for luxury lovers who want a standout badge.",
RC F,Lexus,2016,458500,134241,Gasoline,Automatic,Coupe,foreign_used,4,Black,Leather Seats,"2016 Lexus RC F (foreign used), a premium coupe well suited to weekend drives and spirited handling — a good fit for lifestyle-focused drivers. Comes with leather seats. A solid pick for luxury lovers who want a standout badge.",
RC F,Lexus,2017,461000,106705,Gasoline,Automatic,Coupe,foreign_used,4,Black,Leather Seats,"2017 Lexus RC F (foreign used), a premium coupe well suited to weekend drives and spirited handling — a good fit for lifestyle-focused drivers. Comes with leather seats. A solid pick for luxury lovers who want a standout badge.",
RAV4,Toyota,2017,255000,101298,Gasoline,Automatic,SUV,foreign_used,7,Silver,,"2017 Toyota RAV4 (foreign used), a well-priced suv well suited to family trips and weekend getaways — a good fit for family-oriented drivers.",
RC 200t,Lexus,2016,440500,113669,Gasoline,Automatic,Coupe,local_used,4,Red,Leather Seats,"2016 Lexus RC 200t (locally used), a premium coupe well suited to weekend drives and spirited handling — a good fit for lifestyle-focused drivers. Comes with leather seats. A solid pick for luxury lovers who want a standout badge.",
RC 200t,Lexus,2017,481500,105810,Gasoline,Automatic,Coupe,foreign_used,4,Blue,Leather Seats,"2017 Lexus RC 200t (foreign used), a premium coupe well suited to weekend drives and spirited handling — a good fit for lifestyle-focused drivers. Comes with leather seats. A solid pick for luxury lovers who want a standout badge.",
RC 300,Lexus,2016,377000,137101,Gasoline,Automatic,Coupe,foreign_used,4,Silver,Leather Seats; All-Wheel Drive,"2016 Lexus RC 300 (foreign used), a premium coupe well suited to weekend drives and spirited handling — a good fit for lifestyle-focused drivers. Comes with leather seats. A solid pick for luxury lovers who want a standout badge.",
RC 300,Lexus,2017,437000,129173,Gasoline,Automatic,Coupe,foreign_used,4,Gray,Leather Seats; All-Wheel Drive,"2017 Lexus RC 300 (foreign used), a premium coupe well suited to weekend drives and spirited handling — a good fit for lifestyle-focused drivers. Comes with leather seats. A solid pick for luxury lovers who want a standout badge.",
RAV4,Toyota,2016,215500,147320,Gasoline,Automatic,SUV,foreign_used,7,Black,All-Wheel Drive,"2016 Toyota RAV4 (foreign used), a well-priced suv well suited to family trips and weekend getaways — a good fit for family-oriented drivers. Comes with all-wheel drive.",
Pilot,Honda,2016,242500,137214,Gasoline,Automatic,SUV,foreign_used,7,Gray,,"2016 Honda Pilot (foreign used), a well-priced suv well suited to family trips and weekend getaways — a good fit for family-oriented drivers.",
Pilot,Honda,2017,303500,98032,Gasoline,Automatic,SUV,foreign_used,7,Silver,All-Wheel Drive,"2017 Honda Pilot (foreign used), a well-priced suv well suited to family trips and weekend getaways — a good fit for family-oriented drivers. Comes with all-wheel drive.",
Prelude,Honda,2000,111000,280000,Gasoline,Manual,Coupe,local_used,4,White,,"2000 Honda Prelude (locally used), a budget-friendly coupe well suited to weekend drives and spirited handling — a good fit for lifestyle-focused drivers.",
Prelude,Honda,2001,123500,280000,Gasoline,Manual,Coupe,foreign_used,4,Gray,,"2001 Honda Prelude (foreign used), a budget-friendly coupe well suited to weekend drives and spirited handling — a good fit for lifestyle-focused drivers.",
Precis,Mitsubishi,1992,26000,280000,Gasoline,Manual,Hatchback,foreign_used,5,Silver,,"1992 Mitsubishi Precis (foreign used), a budget-friendly hatchback well suited to quick city runs and easy parking — a good fit for budget-conscious buyers.",
Prelude,Honda,1999,104500,280000,Gasoline,Manual,Coupe,foreign_used,4,Black,,"1999 Honda Prelude (foreign used), a budget-friendly coupe well suited to weekend drives and spirited handling — a good fit for lifestyle-focused drivers.",
Prius v,Toyota,2015,339000,101536,Gasoline,Automatic,Wagon,foreign_used,5,Red,,"2015 Toyota Prius v (foreign used), a premium wagon well suited to family trips with plenty of cargo room — a good fit for family-oriented drivers.",
Prius v,Toyota,2016,280500,144106,Gasoline,Automatic,Wagon,foreign_used,5,White,,"2016 Toyota Prius v (foreign used), a premium wagon well suited to family trips with plenty of cargo room — a good fit for family-oriented drivers.",
Prius v,Toyota,2017,307500,105920,Gasoline,Automatic,Wagon,foreign_used,5,Black,,"2017 Toyota Prius v (foreign used), a premium wagon well suited to family trips with plenty of cargo room — a good fit for family-oriented drivers.",
Prius c,Toyota,2016,103000,128232,Gasoline,Automatic,Hatchback,foreign_used,5,White,,"2016 Toyota Prius c (foreign used), a well-priced hatchback well suited to quick city runs and easy parking — a good fit for budget-conscious buyers.",
Prius Prime,Toyota,2017,106000,116605,Gasoline,Automatic,Hatchback,local_used,5,Gray,,"2017 Toyota Prius Prime (locally used), a well-priced hatchback well suited to quick city runs and easy parking — a good fit for budget-conscious buyers.",
Prius c,Toyota,2014,83500,172448,Gasoline,Automatic,Hatchback,foreign_used,5,Gray,,"2014 Toyota Prius c (foreign used), a well-priced hatchback well suited to quick city runs and easy parking — a good fit for budget-conscious buyers.",
Prius c,Toyota,2015,85500,141020,Gasoline,Automatic,Hatchback,foreign_used,5,Black,,"2015 Toyota Prius c (foreign used), a well-priced hatchback well suited to quick city runs and easy parking — a good fit for budget-conscious buyers.",
Probe,Ford,1995,30000,280000,Gasoline,Manual,Hatchback,local_used,5,Gray,,"1995 Ford Probe (locally used), a budget-friendly hatchback well suited to quick city runs and easy parking — a good fit for budget-conscious buyers.",
Probe,Ford,1996,31500,280000,Gasoline,Manual,Hatchback,foreign_used,5,Black,,"1996 Ford Probe (foreign used), a budget-friendly hatchback well suited to quick city runs and easy parking — a good fit for budget-conscious buyers.",
Probe,Ford,1997,32500,280000,Gasoline,Manual,Hatchback,local_used,5,Gray,,"1997 Ford Probe (locally used), a budget-friendly hatchback well suited to quick city runs and easy parking — a good fit for budget-conscious buyers.",
Prius,Toyota,2017,115000,89109,Gasoline,Automatic,Hatchback,foreign_used,5,Black,,"2017 Toyota Prius (foreign used), a premium hatchback well suited to quick city runs and easy parking — a good fit for budget-conscious buyers.",
Prius,Toyota,2016,98500,134246,Gasoline,Automatic,Hatchback,foreign_used,5,Black,,"2016 Toyota Prius (foreign used), a well-priced hatchback well suited to quick city runs and easy parking — a good fit for budget-conscious buyers.",
Prius,Toyota,2015,95500,132807,Gasoline,Automatic,Hatchback,local_used,5,Red,,"2015 Toyota Prius (locally used), a well-priced hatchback well suited to quick city runs and easy parking — a good fit for budget-conscious buyers.",
RAV4,Toyota,2015,192500,143895,Gasoline,Automatic,SUV,foreign_used,7,Black,All-Wheel Drive,"2015 Toyota RAV4 (foreign used), a well-priced suv well suited to family trips and weekend getaways — a good fit for family-oriented drivers. Comes with all-wheel drive.",
RAV4 Hybrid,Toyota,2017,284000,83250,Gasoline,Automatic,SUV,foreign_used,7,White,All-Wheel Drive,"2017 Toyota RAV4 Hybrid (foreign used), a well-priced suv well suited to family trips and weekend getaways — a good fit for family-oriented drivers. Comes with all-wheel drive.",
Rapide,Aston Martin,2011,260500,142631,Gasoline,Automatic,Sedan,local_used,5,Silver,,"2011 Aston Martin Rapide (locally used), a premium sedan well suited to daily commuting and city driving — a good fit for urban professionals. A solid pick for luxury lovers who want a standout badge.",
Rapide,Aston Martin,2012,228500,186171,Gasoline,Automatic,Sedan,foreign_used,5,Yellow,,"2012 Aston Martin Rapide (foreign used), a well-priced sedan well suited to daily commuting and city driving — a good fit for urban professionals.",
RAV4 EV,Toyota,2012,269500,132055,Electric,Automatic,SUV,foreign_used,7,Black,,"2012 Toyota RAV4 EV (foreign used), a well-priced suv well suited to family trips and weekend getaways — a good fit for family-oriented drivers. A electric powertrain keeps running costs low for eco-conscious drivers.",
RAV4 EV,Toyota,2013,266500,122558,Electric,Automatic,SUV,foreign_used,7,White,,"2013 Toyota RAV4 EV (foreign used), a well-priced suv well suited to family trips and weekend getaways — a good fit for family-oriented drivers. A electric powertrain keeps running costs low for eco-conscious drivers.",
RAV4 EV,Toyota,2014,287000,108872,Electric,Automatic,SUV,local_used,7,Black,,"2014 Toyota RAV4 EV (locally used), a well-priced suv well suited to family trips and weekend getaways — a good fit for family-oriented drivers. A electric powertrain keeps running costs low for eco-conscious drivers.",
RAV4 Hybrid,Toyota,2016,212500,147390,Gasoline,Automatic,SUV,local_used,7,Silver,All-Wheel Drive,"2016 Toyota RAV4 Hybrid (locally used), a well-priced suv well suited to family trips and weekend getaways — a good fit for family-oriented drivers. Comes with all-wheel drive.",
Rapide S,Aston Martin,2014,303500,161101,Gasoline,Automatic,Sedan,foreign_used,5,White,,"2014 Aston Martin Rapide S (foreign used), a premium sedan well suited to daily commuting and city driving — a good fit for urban professionals. A solid pick for luxury lovers who want a standout badge.",
Rapide S,Aston Martin,2015,333000,122315,Gasoline,Automatic,Sedan,foreign_used,5,Gray,,"2015 Aston Martin Rapide S (foreign used), a premium sedan well suited to daily commuting and city driving — a good fit for urban professionals. A solid pick for luxury lovers who want a standout badge.",
Rapide S,Aston Martin,2016,364500,107792,Gasoline,Automatic,Sedan,local_used,5,Orange,,"2016 Aston Martin Rapide S (locally used), a premium sedan well suited to daily commuting and city driving — a good fit for urban professionals. A solid pick for luxury lovers who want a standout badge.",
Rapide,Aston Martin,2010,235000,177572,Gasoline,Automatic,Sedan,foreign_used,5,Black,,"2010 Aston Martin Rapide (foreign used), a premium sedan well suited to daily commuting and city driving — a good fit for urban professionals. A solid pick for luxury lovers who want a standout badge.",
Q3,Audi,2015,383000,150127,Gasoline,Automatic,SUV,foreign_used,7,Black,Leather Seats,"2015 Audi Q3 (foreign used), a premium suv well suited to family trips and weekend getaways — a good fit for family-oriented drivers. Comes with leather seats. A solid pick for luxury lovers who want a standout badge.",
Prowler,Plymouth,1999,191000,280000,Gasoline,Automatic,Convertible,local_used,4,Black,,"1999 Plymouth Prowler (locally used), a budget-friendly convertible well suited to weekend adventures and open-top cruising — a good fit for adventure seekers and luxury lovers.",
Prowler,Plymouth,2000,199000,262891,Gasoline,Automatic,Convertible,local_used,4,White,,"2000 Plymouth Prowler (locally used), a budget-friendly convertible well suited to weekend adventures and open-top cruising — a good fit for adventure seekers and luxury lovers.",
Prowler,Plymouth,2001,202500,251116,Gasoline,Automatic,Convertible,local_used,4,Red,,"2001 Plymouth Prowler (locally used), a budget-friendly convertible well suited to weekend adventures and open-top cruising — a good fit for adventure seekers and luxury lovers.",
Prowler,Chrysler,2001,206500,239759,Gasoline,Automatic,Convertible,foreign_used,4,Black,,"2001 Chrysler Prowler (foreign used), a budget-friendly convertible well suited to weekend adventures and open-top cruising — a good fit for adventure seekers and luxury lovers.",
Prowler,Chrysler,2002,213500,280000,Gasoline,Automatic,Convertible,foreign_used,4,Black,,"2002 Chrysler Prowler (foreign used), a budget-friendly convertible well suited to weekend adventures and open-top cruising — a good fit for adventure seekers and luxury lovers.",
Q50,Infiniti,2015,263000,149449,Gasoline,Automatic,Sedan,foreign_used,5,Gray,Leather Seats,"2015 Infiniti Q50 (foreign used), a premium sedan well suited to daily commuting and city driving — a good fit for urban professionals. Comes with leather seats. A solid pick for luxury lovers who want a standout badge.",
Q50,Infiniti,2016,322500,105903,Gasoline,Automatic,Sedan,foreign_used,5,Black,Leather Seats,"2016 Infiniti Q50 (foreign used), a premium sedan well suited to daily commuting and city driving — a good fit for urban professionals. Comes with leather seats. A solid pick for luxury lovers who want a standout badge.",
Q3,Audi,2017,402000,82131,Gasoline,Automatic,SUV,foreign_used,7,Gray,Leather Seats,"2017 Audi Q3 (foreign used), a premium suv well suited to family trips and weekend getaways — a good fit for family-oriented drivers. Comes with leather seats. A solid pick for luxury lovers who want a standout badge.",
Q40,Infiniti,2015,271000,104423,Gasoline,Automatic,Sedan,local_used,5,White,Leather Seats,"2015 Infiniti Q40 (locally used), a premium sedan well suited to daily commuting and city driving — a good fit for urban professionals. Comes with leather seats. A solid pick for luxury lovers who want a standout badge.",
Q45,Infiniti,2004,160500,280000,Gasoline,Automatic,Sedan,foreign_used,5,Blue,Leather Seats,"2004 Infiniti Q45 (foreign used), a well-priced sedan well suited to daily commuting and city driving — a good fit for urban professionals. Comes with leather seats.",
Q45,Infiniti,2005,161000,226226,Gasoline,Automatic,Sedan,local_used,5,Red,Leather Seats,"2005 Infiniti Q45 (locally used), a well-priced sedan well suited to daily commuting and city driving — a good fit for urban professionals. Comes with leather seats.",
Q45,Infiniti,2006,166500,272307,Gasoline,Automatic,Sedan,foreign_used,5,Gray,Leather Seats,"2006 Infiniti Q45 (foreign used), a well-priced sedan well suited to daily commuting and city driving — a good fit for urban professionals. Comes with leather seats.",
Q3,Audi,2016,435500,127480,Gasoline,Automatic,SUV,foreign_used,7,Red,Leather Seats,"2016 Audi Q3 (foreign used), a premium suv well suited to family trips and weekend getaways — a good fit for family-oriented drivers. Comes with leather seats. A solid pick for luxury lovers who want a standout badge.",
Q5,Audi,2015,415500,124208,Gasoline,Automatic,SUV,foreign_used,7,White,Leather Seats; All-Wheel Drive,"2015 Audi Q5 (foreign used), a premium suv well suited to family trips and weekend getaways — a good fit for family-oriented drivers. Comes with leather seats. A solid pick for luxury lovers who want a standout badge.",
Q5,Audi,2016,435500,102341,Gasoline,Automatic,SUV,foreign_used,7,Silver,Leather Seats; All-Wheel Drive,"2016 Audi Q5 (foreign used), a premium suv well suited to family trips and weekend getaways — a good fit for family-oriented drivers. Comes with leather seats. A solid pick for luxury lovers who want a standout badge.",
Q50,Infiniti,2017,324000,87555,Gasoline,Automatic,Sedan,foreign_used,5,Silver,Leather Seats; All-Wheel Drive,"2017 Infiniti Q50 (foreign used), a premium sedan well suited to daily commuting and city driving — a good fit for urban professionals. Comes with leather seats. A solid pick for luxury lovers who want a standout badge.",
Q60 Coupe,Infiniti,2017,440000,114211,Gasoline,Automatic,Coupe,local_used,4,Silver,Leather Seats; All-Wheel Drive,"2017 Infiniti Q60 Coupe (locally used), a premium coupe well suited to weekend drives and spirited handling — a good fit for lifestyle-focused drivers. Comes with leather seats. A solid pick for luxury lovers who want a standout badge.",
Q60 Coupe,Infiniti,2014,322000,163774,Gasoline,Automatic,Coupe,local_used,4,Black,Leather Seats; All-Wheel Drive,"2014 Infiniti Q60 Coupe (locally used), a well-priced coupe well suited to weekend drives and spirited handling — a good fit for lifestyle-focused drivers. Comes with leather seats.",
Q60 Coupe,Infiniti,2015,395000,141498,Gasoline,Automatic,Coupe,foreign_used,4,Black,Leather Seats,"2015 Infiniti Q60 Coupe (foreign used), a premium coupe well suited to weekend drives and spirited handling — a good fit for lifestyle-focused drivers. Comes with leather seats. A solid pick for luxury lovers who want a standout badge.",
Q60 Convertible,Infiniti,2014,680500,146182,Gasoline,Manual,Convertible,foreign_used,4,White,Leather Seats,"2014 Infiniti Q60 Convertible (foreign used), a well-priced convertible well suited to weekend adventures and open-top cruising — a good fit for adventure seekers and luxury lovers. Comes with leather seats.",
Q60 Convertible,Infiniti,2015,819000,101769,Gasoline,Automatic,Convertible,local_used,4,Black,Leather Seats,"2015 Infiniti Q60 Convertible (locally used), a premium convertible well suited to weekend adventures and open-top cruising — a good fit for adventure seekers and luxury lovers. Comes with leather seats. A solid pick for luxury lovers who want a standout badge.",
Q5,Audi,2017,470000,133298,Gasoline,Automatic,SUV,foreign_used,7,White,Leather Seats; All-Wheel Drive,"2017 Audi Q5 (foreign used), a premium suv well suited to family trips and weekend getaways — a good fit for family-oriented drivers. Comes with leather seats. A solid pick for luxury lovers who want a standout badge.",
Q7,Audi,2014,341500,165507,Diesel,Automatic,SUV,foreign_used,7,Gray,Leather Seats; All-Wheel Drive,"2014 Audi Q7 (foreign used), a well-priced suv well suited to family trips and weekend getaways — a good fit for family-oriented drivers. Comes with leather seats.",
Q7,Audi,2015,502000,118326,Gasoline,Automatic,SUV,foreign_used,7,White,Leather Seats; All-Wheel Drive,"2015 Audi Q7 (foreign used), a premium suv well suited to family trips and weekend getaways — a good fit for family-oriented drivers. Comes with leather seats. A solid pick for luxury lovers who want a standout badge.",
Q70,Infiniti,2016,311000,148798,Gasoline,Automatic,Sedan,local_used,5,White,Leather Seats,"2016 Infiniti Q70 (locally used), a premium sedan well suited to daily commuting and city driving — a good fit for urban professionals. Comes with leather seats. A solid pick for luxury lovers who want a standout badge.",
Q70,Infiniti,2015,321500,138724,Gasoline,Automatic,Sedan,foreign_used,5,Silver,Leather Seats; All-Wheel Drive,"2015 Infiniti Q70 (foreign used), a premium sedan well suited to daily commuting and city driving — a good fit for urban professionals. Comes with leather seats. A solid pick for luxury lovers who want a standout badge.",
Q70,Infiniti,2014,246500,149934,Gasoline,Automatic,Sedan,foreign_used,5,Silver,Leather Seats; All-Wheel Drive,"2014 Infiniti Q70 (foreign used), a premium sedan well suited to daily commuting and city driving — a good fit for urban professionals. Comes with leather seats. A solid pick for luxury lovers who want a standout badge.",
QX4,Infiniti,2001,210500,280000,Gasoline,Automatic,SUV,local_used,7,Blue,Leather Seats,"2001 Infiniti QX4 (locally used), a well-priced suv well suited to family trips and weekend getaways — a good fit for family-oriented drivers. Comes with leather seats.",
Quattroporte,Maserati,2017,353000,124836,Gasoline,Automatic,Sedan,foreign_used,5,Silver,Leather Seats; All-Wheel Drive,"2017 Maserati Quattroporte (foreign used), a premium sedan well suited to daily commuting and city driving — a good fit for urban professionals. Comes with leather seats. A solid pick for luxury lovers who want a standout badge.",
Quattroporte,Maserati,2016,342000,129389,Gasoline,Automatic,Sedan,foreign_used,5,Black,Leather Seats; All-Wheel Drive,"2016 Maserati Quattroporte (foreign used), a premium sedan well suited to daily commuting and city driving — a good fit for urban professionals. Comes with leather seats. A solid pick for luxury lovers who want a standout badge.",
Q7,Audi,2017,477000,87917,Gasoline,Automatic,SUV,foreign_used,7,Blue,Leather Seats; All-Wheel Drive,"2017 Audi Q7 (foreign used), a premium suv well suited to family trips and weekend getaways — a good fit for family-oriented drivers. Comes with leather seats. A solid pick for luxury lovers who want a standout badge.",
Quattroporte,Maserati,2015,336000,121326,Gasoline,Automatic,Sedan,local_used,5,Silver,Leather Seats; All-Wheel Drive,"2015 Maserati Quattroporte (locally used), a premium sedan well suited to daily commuting and city driving — a good fit for urban professionals. Comes with leather seats. A solid pick for luxury lovers who want a standout badge.",
Range Rover,Land Rover,2016,491500,145685,Gasoline,Automatic,SUV,foreign_used,7,White,Leather Seats; All-Wheel Drive,"2016 Land Rover Range Rover (foreign used), a premium suv well suited to family trips and weekend getaways — a good fit for family-oriented drivers. Comes with leather seats. A solid pick for luxury lovers who want a standout badge.",
Range Rover,Land Rover,2015,501000,113825,Gasoline,Automatic,SUV,local_used,7,Silver,Leather Seats; All-Wheel Drive,"2015 Land Rover Range Rover (locally used), a premium suv well suited to family trips and weekend getaways — a good fit for family-oriented drivers. Comes with leather seats. A solid pick for luxury lovers who want a standout badge.",
Range Rover,Land Rover,2014,453500,134796,Gasoline,Automatic,SUV,foreign_used,7,Red,Leather Seats; All-Wheel Drive,"2014 Land Rover Range Rover (foreign used), a premium suv well suited to family trips and weekend getaways — a good fit for family-oriented drivers. Comes with leather seats. A solid pick for luxury lovers who want a standout badge.",
QX60,Infiniti,2016,506000,115925,Gasoline,Automatic,SUV,foreign_used,7,Black,Leather Seats; All-Wheel Drive,"2016 Infiniti QX60 (foreign used), a premium suv well suited to family trips and weekend getaways — a good fit for family-oriented drivers. Comes with leather seats. A solid pick for luxury lovers who want a standout badge.",
QX60,Infiniti,2017,462000,104728,Gasoline,Automatic,SUV,local_used,7,Black,Leather Seats; All-Wheel Drive,"2017 Infiniti QX60 (locally used), a premium suv well suited to family trips and weekend getaways — a good fit for family-oriented drivers. Comes with leather seats. A solid pick for luxury lovers who want a standout badge.",
QX70,Infiniti,2015,414000,139454,Gasoline,Automatic,SUV,foreign_used,7,White,Leather Seats,"2015 Infiniti QX70 (foreign used), a premium suv well suited to family trips and weekend getaways — a good fit for family-oriented drivers. Comes with leather seats. A solid pick for luxury lovers who want a standout badge.",
QX70,Infiniti,2016,404000,146585,Gasoline,Automatic,SUV,foreign_used,7,White,Leather Seats,"2016 Infiniti QX70 (foreign used), a premium suv well suited to family trips and weekend getaways — a good fit for family-oriented drivers. Comes with leather seats. A solid pick for luxury lovers who want a standout badge.",
QX56,Infiniti,2010,380000,167107,Gasoline,Automatic,SUV,foreign_used,7,Black,Leather Seats; All-Wheel Drive,"2010 Infiniti QX56 (foreign used), a premium suv well suited to family trips and weekend getaways — a good fit for family-oriented drivers. Comes with leather seats. A solid pick for luxury lovers who want a standout badge.",
QX56,Infiniti,2011,353000,145935,Gasoline,Automatic,SUV,foreign_used,7,Silver,Leather Seats; All-Wheel Drive,"2011 Infiniti QX56 (foreign used), a premium suv well suited to family trips and weekend getaways — a good fit for family-oriented drivers. Comes with leather seats. A solid pick for luxury lovers who want a standout badge.",
QX60,Infiniti,2015,440000,112033,Gasoline,Automatic,SUV,foreign_used,7,White,Leather Seats,"2015 Infiniti QX60 (foreign used), a premium suv well suited to family trips and weekend getaways — a good fit for family-oriented drivers. Comes with leather seats. A solid pick for luxury lovers who want a standout badge.",
QX50,Infiniti,2015,380000,157537,Gasoline,Automatic,SUV,foreign_used,7,Red,Leather Seats; All-Wheel Drive,"2015 Infiniti QX50 (foreign used), a premium suv well suited to family trips and weekend getaways — a good fit for family-oriented drivers. Comes with leather seats. A solid pick for luxury lovers who want a standout badge.",
QX50,Infiniti,2016,416000,128749,Gasoline,Automatic,SUV,foreign_used,7,Gray,Leather Seats,"2016 Infiniti QX50 (foreign used), a premium suv well suited to family trips and weekend getaways — a good fit for family-oriented drivers. Comes with leather seats. A solid pick for luxury lovers who want a standout badge.",
QX50,Infiniti,2017,458500,96439,Gasoline,Automatic,SUV,local_used,7,Silver,Leather Seats; All-Wheel Drive,"2017 Infiniti QX50 (locally used), a premium suv well suited to family trips and weekend getaways — a good fit for family-oriented drivers. Comes with leather seats. A solid pick for luxury lovers who want a standout badge.",
QX56,Infiniti,2009,301500,236227,Gasoline,Automatic,SUV,foreign_used,7,Blue,Leather Seats; All-Wheel Drive,"2009 Infiniti QX56 (foreign used), a well-priced suv well suited to family trips and weekend getaways — a good fit for family-oriented drivers. Comes with leather seats.",
QX4,Infiniti,2002,220000,280000,Gasoline,Automatic,SUV,local_used,7,White,Leather Seats; All-Wheel Drive,"2002 Infiniti QX4 (locally used), a well-priced suv well suited to family trips and weekend getaways — a good fit for family-oriented drivers. Comes with leather seats.",
QX4,Infiniti,2003,189000,280000,Gasoline,Automatic,SUV,foreign_used,7,Silver,Leather Seats,"2003 Infiniti QX4 (foreign used), a well-priced suv well suited to family trips and weekend getaways — a good fit for family-oriented drivers. Comes with leather seats.",
R8,Audi,2014,366500,174163,Gasoline,Automatic,Coupe,foreign_used,4,Silver,Leather Seats; All-Wheel Drive,"2014 Audi R8 (foreign used), a premium coupe well suited to weekend drives and spirited handling — a good fit for lifestyle-focused drivers. Comes with leather seats. A solid pick for luxury lovers who want a standout badge.",
R-Class,Mercedes-Benz,2011,409000,157702,Gasoline,Automatic,Wagon,foreign_used,5,Blue,Leather Seats; All-Wheel Drive,"2011 Mercedes-Benz R-Class (foreign used), a premium wagon well suited to family trips with plenty of cargo room — a good fit for family-oriented drivers. Comes with leather seats. A solid pick for luxury lovers who want a standout badge.",
R-Class,Mercedes-Benz,2012,401000,189424,Gasoline,Automatic,Wagon,foreign_used,5,Blue,Leather Seats; All-Wheel Drive,"2012 Mercedes-Benz R-Class (foreign used), a premium wagon well suited to family trips with plenty of cargo room — a good fit for family-oriented drivers. Comes with leather seats. A solid pick for luxury lovers who want a standout badge.",
R32,Volkswagen,2004,55000,258791,Gasoline,Manual,Hatchback,foreign_used,5,Black,All-Wheel Drive,"2004 Volkswagen R32 (foreign used), a budget-friendly hatchback well suited to quick city runs and easy parking — a good fit for budget-conscious buyers. Comes with all-wheel drive.",
R32,Volkswagen,2008,67000,252936,Gasoline,Automatic,Hatchback,local_used,5,Red,All-Wheel Drive,"2008 Volkswagen R32 (locally used), a well-priced hatchback well suited to quick city runs and easy parking — a good fit for budget-conscious buyers. Comes with all-wheel drive.",
QX80,Infiniti,2016,482500,133709,Gasoline,Automatic,SUV,local_used,7,White,Leather Seats,"2016 Infiniti QX80 (locally used), a premium suv well suited to family trips and weekend getaways — a good fit for family-oriented drivers. Comes with leather seats. A solid pick for luxury lovers who want a standout badge.",
QX,Infiniti,2012,312000,191222,Gasoline,Automatic,SUV,local_used,7,Blue,Leather Seats,"2012 Infiniti QX (locally used), a well-priced suv well suited to family trips and weekend getaways — a good fit for family-oriented drivers. Comes with leather seats.",
QX,Infiniti,2013,348000,168181,Gasoline,Automatic,SUV,foreign_used,7,Yellow,Leather Seats; All-Wheel Drive,"2013 Infiniti QX (foreign used), a premium suv well suited to family trips and weekend getaways — a good fit for family-oriented drivers. Comes with leather seats. A solid pick for luxury lovers who want a standout badge.",
R-Class,Mercedes-Benz,2010,443500,161033,Gasoline,Automatic,Wagon,local_used,5,White,Leather Seats; All-Wheel Drive,"2010 Mercedes-Benz R-Class (locally used), a premium wagon well suited to family trips with plenty of cargo room — a good fit for family-oriented drivers. Comes with leather seats. A solid pick for luxury lovers who want a standout badge.",
QX70,Infiniti,2017,465000,110431,Gasoline,Automatic,SUV,foreign_used,7,Gray,Leather Seats,"2017 Infiniti QX70 (foreign used), a premium suv well suited to family trips and weekend getaways — a good fit for family-oriented drivers. Comes with leather seats. A solid pick for luxury lovers who want a standout badge.",
QX80,Infiniti,2014,354000,178896,Gasoline,Automatic,SUV,foreign_used,7,White,Leather Seats,"2014 Infiniti QX80 (foreign used), a premium suv well suited to family trips and weekend getaways — a good fit for family-oriented drivers. Comes with leather seats. A solid pick for luxury lovers who want a standout badge.",
QX80,Infiniti,2015,437500,160868,Gasoline,Automatic,SUV,local_used,7,Black,Leather Seats,"2015 Infiniti QX80 (locally used), a premium suv well suited to family trips and weekend getaways — a good fit for family-oriented drivers. Comes with leather seats. A solid pick for luxury lovers who want a standout badge.",
Rabbit,Volkswagen,2008,68500,166663,Gasoline,Automatic,Hatchback,foreign_used,5,Silver,,"2008 Volkswagen Rabbit (foreign used), a well-priced hatchback well suited to quick city runs and easy parking — a good fit for budget-conscious buyers.",
Rabbit,Volkswagen,2009,66000,169811,Gasoline,Automatic,Hatchback,foreign_used,5,Silver,,"2009 Volkswagen Rabbit (foreign used), a well-priced hatchback well suited to quick city runs and easy parking — a good fit for budget-conscious buyers.",
Rabbit,Volkswagen,2007,62500,186017,Gasoline,Manual,Hatchback,foreign_used,5,Red,,"2007 Volkswagen Rabbit (foreign used), a well-priced hatchback well suited to quick city runs and easy parking — a good fit for budget-conscious buyers.",
R8,Audi,2015,709500,146915,Gasoline,Manual,Convertible,foreign_used,4,Gray,Leather Seats; All-Wheel Drive,"2015 Audi R8 (foreign used), a premium convertible well suited to weekend adventures and open-top cruising — a good fit for adventure seekers and luxury lovers. Comes with leather seats. A solid pick for luxury lovers who want a standout badge.",
R8,Audi,2017,487500,125160,Gasoline,Automatic,Coupe,local_used,4,Silver,Leather Seats; All-Wheel Drive,"2017 Audi R8 (locally used), a premium coupe well suited to weekend drives and spirited handling — a good fit for lifestyle-focused drivers. Comes with leather seats. A solid pick for luxury lovers who want a standout badge.",
Range Rover Sport,Land Rover,2016,495000,102811,Diesel,Automatic,SUV,foreign_used,7,Blue,Leather Seats; All-Wheel Drive,"2016 Land Rover Range Rover Sport (foreign used), a premium suv well suited to family trips and weekend getaways — a good fit for family-oriented drivers. Comes with leather seats. A solid pick for luxury lovers who want a standout badge.",
Range Rover Sport,Land Rover,2015,421500,132386,Gasoline,Automatic,SUV,local_used,7,Red,Leather Seats; All-Wheel Drive,"2015 Land Rover Range Rover Sport (locally used), a premium suv well suited to family trips and weekend getaways — a good fit for family-oriented drivers. Comes with leather seats. A solid pick for luxury lovers who want a standout badge.",
Range Rover Sport,Land Rover,2014,430500,168531,Gasoline,Automatic,SUV,foreign_used,7,White,Leather Seats; All-Wheel Drive,"2014 Land Rover Range Rover Sport (foreign used), a premium suv well suited to family trips and weekend getaways — a good fit for family-oriented drivers. Comes with leather seats. A solid pick for luxury lovers who want a standout badge.",
Range Rover Evoque,Land Rover,2017,473000,120571,Gasoline,Automatic,SUV,foreign_used,7,Orange,Leather Seats; All-Wheel Drive,"2017 Land Rover Range Rover Evoque (foreign used), a premium suv well suited to family trips and weekend getaways — a good fit for family-oriented drivers. Comes with leather seats. A solid pick for luxury lovers who want a standout badge.",
Range Rover Evoque,Land Rover,2016,478000,122534,Gasoline,Automatic,SUV,foreign_used,7,White,Leather Seats; All-Wheel Drive,"2016 Land Rover Range Rover Evoque (foreign used), a premium suv well suited to family trips and weekend getaways — a good fit for family-oriented drivers. Comes with leather seats. A solid pick for luxury lovers who want a standout badge.",
Range Rover Evoque,Land Rover,2015,402000,137963,Gasoline,Automatic,SUV,foreign_used,7,Blue,Leather Seats; All-Wheel Drive,"2015 Land Rover Range Rover Evoque (foreign used), a premium suv well suited to family trips and weekend getaways — a good fit for family-oriented drivers. Comes with leather seats. A solid pick for luxury lovers who want a standout badge.",
Ram Pickup 1500,Dodge,2010,192500,192803,Gasoline,Automatic,Truck,foreign_used,2,Black,All-Wheel Drive,"2010 Dodge Ram Pickup 1500 (foreign used), a well-priced truck well suited to hauling and rough roads — a good fit for adventure seekers. Comes with all-wheel drive.",
Ram Pickup 1500,Dodge,2009,183500,183350,Gasoline,Automatic,Truck,local_used,2,White,,"2009 Dodge Ram Pickup 1500 (locally used), a well-priced truck well suited to hauling and rough roads — a good fit for adventure seekers.",
Ram Pickup 1500,Dodge,2008,187000,223022,Gasoline,Automatic,Truck,local_used,2,Black,,"2008 Dodge Ram Pickup 1500 (locally used), a well-priced truck well suited to hauling and rough roads — a good fit for adventure seekers.",
ZDX,Acura,2011,124500,197000,Gasoline,Automatic,Hatchback,local_used,5,Gray,Leather Seats; All-Wheel Drive,"2011 Acura ZDX (locally used), a premium hatchback well suited to quick city runs and easy parking — a good fit for budget-conscious buyers. Comes with leather seats. A solid pick for luxury lovers who want a standout badge.",
ZDX,Acura,2012,118000,199359,Gasoline,Automatic,Hatchback,local_used,5,Black,Leather Seats; All-Wheel Drive,"2012 Acura ZDX (locally used), a premium hatchback well suited to quick city runs and easy parking — a good fit for budget-conscious buyers. Comes with leather seats. A solid pick for luxury lovers who want a standout badge.",
ZDX,Acura,2013,146000,166631,Gasoline,Automatic,Hatchback,local_used,5,White,Leather Seats; All-Wheel Drive,"2013 Acura ZDX (locally used), a premium hatchback well suited to quick city runs and easy parking — a good fit for budget-conscious buyers. Comes with leather seats. A solid pick for luxury lovers who want a standout badge.",
1 Series,BMW,2013,553500,176367,Gasoline,Manual,Convertible,foreign_used,4,Silver,Leather Seats,"2013 BMW 1 Series (foreign used), a well-priced convertible well suited to weekend adventures and open-top cruising — a good fit for adventure seekers and luxury lovers. Comes with leather seats.",
Z4,BMW,2015,783000,109565,Gasoline,Automatic,Convertible,local_used,4,Red,Leather Seats,"2015 BMW Z4 (locally used), a premium convertible well suited to weekend adventures and open-top cruising — a good fit for adventure seekers and luxury lovers. Comes with leather seats. A solid pick for luxury lovers who want a standout badge.",
Z4,BMW,2016,751000,117693,Gasoline,Automatic,Convertible,foreign_used,4,Black,Leather Seats,"2016 BMW Z4 (foreign used), a premium convertible well suited to weekend adventures and open-top cruising — a good fit for adventure seekers and luxury lovers. Comes with leather seats. A solid pick for luxury lovers who want a standout badge.",
Z8,BMW,2001,419500,226400,Gasoline,Manual,Convertible,foreign_used,4,White,Leather Seats,"2001 BMW Z8 (foreign used), a well-priced convertible well suited to weekend adventures and open-top cruising — a good fit for adventure seekers and luxury lovers. Comes with leather seats.",
Z8,BMW,2002,400000,251522,Gasoline,Manual,Convertible,foreign_used,4,Black,Leather Seats,"2002 BMW Z8 (foreign used), a well-priced convertible well suited to weekend adventures and open-top cruising — a good fit for adventure seekers and luxury lovers. Comes with leather seats.",
Z8,BMW,2003,409500,280000,Gasoline,Manual,Convertible,foreign_used,4,White,Leather Seats,"2003 BMW Z8 (foreign used), a well-priced convertible well suited to weekend adventures and open-top cruising — a good fit for adventure seekers and luxury lovers. Comes with leather seats.",
Z4 M,BMW,2007,229500,280000,Gasoline,Manual,Coupe,foreign_used,4,Blue,Leather Seats,"2007 BMW Z4 M (foreign used), a well-priced coupe well suited to weekend drives and spirited handling — a good fit for lifestyle-focused drivers. Comes with leather seats.",
Z4 M,BMW,2008,289500,172711,Gasoline,Manual,Coupe,local_used,4,Blue,Leather Seats,"2008 BMW Z4 M (locally used), a well-priced coupe well suited to weekend drives and spirited handling — a good fit for lifestyle-focused drivers. Comes with leather seats.",
Z4,BMW,2014,605000,136908,Gasoline,Manual,Convertible,foreign_used,4,Silver,Leather Seats,"2014 BMW Z4 (foreign used), a well-priced convertible well suited to weekend adventures and open-top cruising — a good fit for adventure seekers and luxury lovers. Comes with leather seats.",
Z3,BMW,2001,339500,280000,Gasoline,Manual,Convertible,foreign_used,4,Black,Leather Seats,"2001 BMW Z3 (foreign used), a budget-friendly convertible well suited to weekend adventures and open-top cruising — a good fit for adventure seekers and luxury lovers. Comes with leather seats.",
Z3,BMW,2002,323500,245381,Gasoline,Manual,Convertible,foreign_used,4,Blue,Leather Seats,"2002 BMW Z3 (foreign used), a budget-friendly convertible well suited to weekend adventures and open-top cruising — a good fit for adventure seekers and luxury lovers. Comes with leather seats.",
124 Spider,FIAT,2017,412000,110975,Gasoline,Manual,Convertible,foreign_used,4,Silver,,"2017 FIAT 124 Spider (foreign used), a well-priced convertible well suited to weekend adventures and open-top cruising — a good fit for adventure seekers and luxury lovers.",
190-Class,Mercedes-Benz,1991,83500,280000,Gasoline,Manual,Sedan,foreign_used,5,Blue,Leather Seats,"1991 Mercedes-Benz 190-Class (foreign used), a budget-friendly sedan well suited to daily commuting and city driving — a good fit for urban professionals. Comes with leather seats.",
190-Class,Mercedes-Benz,1992,80000,280000,Gasoline,Manual,Sedan,foreign_used,5,Silver,Leather Seats,"1992 Mercedes-Benz 190-Class (foreign used), a budget-friendly sedan well suited to daily commuting and city driving — a good fit for urban professionals. Comes with leather seats.",
190-Class,Mercedes-Benz,1993,82000,280000,Gasoline,Manual,Sedan,foreign_used,5,Blue,Leather Seats,"1993 Mercedes-Benz 190-Class (foreign used), a budget-friendly sedan well suited to daily commuting and city driving — a good fit for urban professionals. Comes with leather seats.",
100,Audi,1993,80500,280000,Gasoline,Manual,Sedan,foreign_used,5,Silver,Leather Seats; All-Wheel Drive,"1993 Audi 100 (foreign used), a budget-friendly sedan well suited to daily commuting and city driving — a good fit for urban professionals. Comes with leather seats.",
100,Audi,1994,161500,280000,Gasoline,Automatic,Wagon,local_used,5,Black,Leather Seats,"1994 Audi 100 (locally used), a well-priced wagon well suited to family trips with plenty of cargo room — a good fit for family-oriented drivers. Comes with leather seats.",
100,Audi,1992,76500,280000,Gasoline,Manual,Sedan,local_used,5,Red,Leather Seats,"1992 Audi 100 (locally used), a budget-friendly sedan well suited to daily commuting and city driving — a good fit for urban professionals. Comes with leather seats.",
Ram Cargo,Dodge,2003,151000,207722,Gasoline,Automatic,Wagon,foreign_used,5,Silver,,"2003 Dodge Ram Cargo (foreign used), a well-priced wagon well suited to family trips with plenty of cargo room — a good fit for family-oriented drivers.",
RAM 250,Dodge,1993,91000,280000,Gasoline,Manual,Truck,foreign_used,2,Silver,,"1993 Dodge RAM 250 (foreign used), a budget-friendly truck well suited to hauling and rough roads — a good fit for adventure seekers.",
Ram 50 Pickup,Dodge,1991,86500,280000,Gasoline,Manual,Truck,foreign_used,2,White,,"1991 Dodge Ram 50 Pickup (foreign used), a budget-friendly truck well suited to hauling and rough roads — a good fit for adventure seekers.",
Ram 50 Pickup,Dodge,1992,89000,280000,Gasoline,Manual,Truck,local_used,2,Silver,All-Wheel Drive,"1992 Dodge Ram 50 Pickup (locally used), a budget-friendly truck well suited to hauling and rough roads — a good fit for adventure seekers. Comes with all-wheel drive.",
Ram 50 Pickup,Dodge,1993,96500,280000,Gasoline,Manual,Truck,foreign_used,2,Silver,,"1993 Dodge Ram 50 Pickup (foreign used), a budget-friendly truck well suited to hauling and rough roads — a good fit for adventure seekers.",
4Runner,Toyota,2015,200500,162233,Gasoline,Automatic,SUV,foreign_used,7,White,All-Wheel Drive,"2015 Toyota 4Runner (foreign used), a well-priced suv well suited to family trips and weekend getaways — a good fit for family-oriented drivers. Comes with all-wheel drive.",
4Runner,Toyota,2014,229500,134492,Gasoline,Automatic,SUV,local_used,7,White,All-Wheel Drive,"2014 Toyota 4Runner (locally used), a well-priced suv well suited to family trips and weekend getaways — a good fit for family-oriented drivers. Comes with all-wheel drive.",
4Runner,Toyota,2016,264500,109616,Gasoline,Automatic,SUV,foreign_used,7,Silver,All-Wheel Drive,"2016 Toyota 4Runner (foreign used), a well-priced suv well suited to family trips and weekend getaways — a good fit for family-oriented drivers. Comes with all-wheel drive.",
RAM 150,Dodge,1993,84500,280000,Gasoline,Manual,Truck,foreign_used,2,Gray,,"1993 Dodge RAM 150 (foreign used), a budget-friendly truck well suited to hauling and rough roads — a good fit for adventure seekers.",
RAM 250,Dodge,1991,79500,280000,Gasoline,Manual,Truck,foreign_used,2,Silver,All-Wheel Drive,"1991 Dodge RAM 250 (foreign used), a budget-friendly truck well suited to hauling and rough roads — a good fit for adventure seekers. Comes with all-wheel drive.",
Ramcharger,Dodge,1992,70000,280000,Gasoline,Automatic,SUV,local_used,7,White,,"1992 Dodge Ramcharger (locally used), a budget-friendly suv well suited to family trips and weekend getaways — a good fit for family-oriented drivers.",
Ramcharger,Dodge,1991,70000,280000,Gasoline,Manual,SUV,local_used,7,Gray,All-Wheel Drive,"1991 Dodge Ramcharger (locally used), a budget-friendly suv well suited to family trips and weekend getaways — a good fit for family-oriented drivers. Comes with all-wheel drive.",
Ram Wagon,Dodge,2000,130000,280000,Gasoline,Automatic,Wagon,local_used,5,White,,"2000 Dodge Ram Wagon (locally used), a budget-friendly wagon well suited to family trips with plenty of cargo room — a good fit for family-oriented drivers.",
Ram Wagon,Dodge,2001,138500,280000,Gasoline,Automatic,Wagon,foreign_used,5,Black,,"2001 Dodge Ram Wagon (foreign used), a budget-friendly wagon well suited to family trips with plenty of cargo room — a good fit for family-oriented drivers.",
Ram Wagon,Dodge,2002,149500,280000,Gasoline,Automatic,Wagon,foreign_used,5,White,,"2002 Dodge Ram Wagon (foreign used), a well-priced wagon well suited to family trips with plenty of cargo room — a good fit for family-oriented drivers.",
Ramcharger,Dodge,1993,73500,280000,Gasoline,Automatic,SUV,local_used,7,White,All-Wheel Drive,"1993 Dodge Ramcharger (locally used), a budget-friendly suv well suited to family trips and weekend getaways — a good fit for family-oriented drivers. Comes with all-wheel drive.",
RAM 150,Dodge,1991,79500,280000,Gasoline,Automatic,Truck,local_used,2,White,,"1991 Dodge RAM 150 (locally used), a budget-friendly truck well suited to hauling and rough roads — a good fit for adventure seekers.",
RAM 250,Dodge,1992,87500,280000,Gasoline,Manual,Truck,foreign_used,2,Black,,"1992 Dodge RAM 250 (foreign used), a budget-friendly truck well suited to hauling and rough roads — a good fit for adventure seekers.",
Raider,Mitsubishi,2007,153500,218039,Gasoline,Automatic,Truck,local_used,2,White,,"2007 Mitsubishi Raider (locally used), a well-priced truck well suited to hauling and rough roads — a good fit for adventure seekers.",
RAM 150,Dodge,1992,79500,280000,Gasoline,Manual,Truck,foreign_used,2,Black,,"1992 Dodge RAM 150 (foreign used), a budget-friendly truck well suited to hauling and rough roads — a good fit for adventure seekers.",
Ranger,Ford,2009,219500,153328,Gasoline,Manual,Truck,foreign_used,2,Silver,All-Wheel Drive,"2009 Ford Ranger (foreign used), a well-priced truck well suited to hauling and rough roads — a good fit for adventure seekers. Comes with all-wheel drive.",
Rally Wagon,GMC,1994,104000,280000,Gasoline,Automatic,Wagon,foreign_used,5,Silver,,"1994 GMC Rally Wagon (foreign used), a budget-friendly wagon well suited to family trips with plenty of cargo room — a good fit for family-oriented drivers.",
Rally Wagon,GMC,1995,104000,280000,Gasoline,Automatic,Wagon,foreign_used,5,Black,,"1995 GMC Rally Wagon (foreign used), a budget-friendly wagon well suited to family trips with plenty of cargo room — a good fit for family-oriented drivers.",
Raider,Mitsubishi,2009,158000,234008,Gasoline,Manual,Truck,local_used,2,Blue,,"2009 Mitsubishi Raider (locally used), a well-priced truck well suited to hauling and rough roads — a good fit for adventure seekers.",
Rainier,Buick,2005,159000,200717,Gasoline,Automatic,SUV,foreign_used,7,White,All-Wheel Drive,"2005 Buick Rainier (foreign used), a budget-friendly suv well suited to family trips and weekend getaways — a good fit for family-oriented drivers. Comes with all-wheel drive.",
Rainier,Buick,2006,143500,250584,Gasoline,Automatic,SUV,foreign_used,7,Silver,All-Wheel Drive,"2006 Buick Rainier (foreign used), a budget-friendly suv well suited to family trips and weekend getaways — a good fit for family-oriented drivers. Comes with all-wheel drive.",
Rainier,Buick,2007,145500,225831,Gasoline,Automatic,SUV,local_used,7,White,All-Wheel Drive,"2007 Buick Rainier (locally used), a budget-friendly suv well suited to family trips and weekend getaways — a good fit for family-oriented drivers. Comes with all-wheel drive.",
Raider,Mitsubishi,2008,178500,231371,Gasoline,Manual,Truck,local_used,2,White,,"2008 Mitsubishi Raider (locally used), a well-priced truck well suited to hauling and rough roads — a good fit for adventure seekers.",
Quest,Nissan,2014,294000,112669,Gasoline,Automatic,Wagon,foreign_used,5,Silver,,"2014 Nissan Quest (foreign used), a premium wagon well suited to family trips with plenty of cargo room — a good fit for family-oriented drivers.",
Quest,Nissan,2015,284500,137279,Gasoline,Automatic,Wagon,foreign_used,5,Silver,,"2015 Nissan Quest (foreign used), a premium wagon well suited to family trips with plenty of cargo room — a good fit for family-oriented drivers.",
Quest,Nissan,2016,304500,123689,Gasoline,Automatic,Wagon,foreign_used,5,Blue,,"2016 Nissan Quest (foreign used), a premium wagon well suited to family trips with plenty of cargo room — a good fit for family-oriented drivers.",
Ranger,Ford,2010,198500,197823,Gasoline,Manual,Truck,foreign_used,2,Silver,All-Wheel Drive,"2010 Ford Ranger (foreign used), a well-priced truck well suited to hauling and rough roads — a good fit for adventure seekers. Comes with all-wheel drive.",
Ranger,Ford,2011,202500,189314,Gasoline,Manual,Truck,local_used,2,Red,,"2011 Ford Ranger (locally used), a well-priced truck well suited to hauling and rough roads — a good fit for adventure seekers.",
Prizm,Chevrolet,2000,73500,280000,Gasoline,Manual,Sedan,local_used,5,White,,"2000 Chevrolet Prizm (locally used), a budget-friendly sedan well suited to daily commuting and city driving — a good fit for urban professionals.",
Prizm,Chevrolet,2001,84000,280000,Gasoline,Manual,Sedan,foreign_used,5,White,,"2001 Chevrolet Prizm (foreign used), a budget-friendly sedan well suited to daily commuting and city driving — a good fit for urban professionals.",
PT Cruiser,Chrysler,2008,209500,191141,Gasoline,Automatic,Wagon,foreign_used,5,White,,"2008 Chrysler PT Cruiser (foreign used), a well-priced wagon well suited to family trips with plenty of cargo room — a good fit for family-oriented drivers.",
PT Cruiser,Chrysler,2009,178500,237155,Gasoline,Manual,Wagon,foreign_used,5,White,,"2009 Chrysler PT Cruiser (foreign used), a well-priced wagon well suited to family trips with plenty of cargo room — a good fit for family-oriented drivers.",
PT Cruiser,Chrysler,2010,202500,191833,Gasoline,Automatic,Wagon,local_used,5,Silver,,"2010 Chrysler PT Cruiser (locally used), a well-priced wagon well suited to family trips with plenty of cargo room — a good fit for family-oriented drivers.",
Pulsar,Nissan,1990,75500,280000,Gasoline,Manual,Coupe,foreign_used,4,Gray,,"1990 Nissan Pulsar (foreign used), a budget-friendly coupe well suited to weekend drives and spirited handling — a good fit for lifestyle-focused drivers.",
Protege,Mazda,2001,71500,233783,Gasoline,Manual,Sedan,foreign_used,5,White,,"2001 Mazda Protege (foreign used), a budget-friendly sedan well suited to daily commuting and city driving — a good fit for urban professionals.",
Protege,Mazda,2002,76000,264130,Gasoline,Manual,Sedan,foreign_used,5,Red,,"2002 Mazda Protege (foreign used), a budget-friendly sedan well suited to daily commuting and city driving — a good fit for urban professionals.",
Protege,Mazda,2003,82500,280000,Gasoline,Manual,Sedan,foreign_used,5,Blue,,"2003 Mazda Protege (foreign used), a budget-friendly sedan well suited to daily commuting and city driving — a good fit for urban professionals.",
Protege5,Mazda,2002,144000,280000,Gasoline,Manual,Wagon,foreign_used,5,Black,,"2002 Mazda Protege5 (foreign used), a well-priced wagon well suited to family trips with plenty of cargo room — a good fit for family-oriented drivers.",
Protege5,Mazda,2003,140000,280000,Gasoline,Manual,Wagon,foreign_used,5,White,,"2003 Mazda Protege5 (foreign used), a budget-friendly wagon well suited to family trips with plenty of cargo room — a good fit for family-oriented drivers.",
Pickup,Toyota,1994,102500,280000,Gasoline,Manual,Truck,local_used,2,White,All-Wheel Drive,"1994 Toyota Pickup (locally used), a budget-friendly truck well suited to hauling and rough roads — a good fit for adventure seekers. Comes with all-wheel drive.",
Previa,Toyota,1996,101500,280000,Gasoline,Automatic,Wagon,local_used,5,White,,"1996 Toyota Previa (locally used), a budget-friendly wagon well suited to family trips with plenty of cargo room — a good fit for family-oriented drivers.",
Pickup,Toyota,1993,88500,280000,Gasoline,Manual,Truck,local_used,2,White,,"1993 Toyota Pickup (locally used), a budget-friendly truck well suited to hauling and rough roads — a good fit for adventure seekers.",
Previa,Toyota,1995,104000,280000,Gasoline,Automatic,Wagon,foreign_used,5,Silver,All-Wheel Drive,"1995 Toyota Previa (foreign used), a budget-friendly wagon well suited to family trips with plenty of cargo room — a good fit for family-oriented drivers. Comes with all-wheel drive.",
Prizm,Chevrolet,2002,74500,278499,Gasoline,Manual,Sedan,foreign_used,5,Black,,"2002 Chevrolet Prizm (foreign used), a budget-friendly sedan well suited to daily commuting and city driving — a good fit for urban professionals.",
Previa,Toyota,1997,110500,276416,Gasoline,Automatic,Wagon,foreign_used,5,Black,All-Wheel Drive,"1997 Toyota Previa (foreign used), a budget-friendly wagon well suited to family trips with plenty of cargo room — a good fit for family-oriented drivers. Comes with all-wheel drive.",
Passport,Honda,2002,105000,247768,Gasoline,Manual,SUV,foreign_used,7,Orange,,"2002 Honda Passport (foreign used), a budget-friendly suv well suited to family trips and weekend getaways — a good fit for family-oriented drivers.",
Passport,Honda,2001,109500,280000,Gasoline,Automatic,SUV,local_used,7,Gray,,"2001 Honda Passport (locally used), a budget-friendly suv well suited to family trips and weekend getaways — a good fit for family-oriented drivers.",
Pickup,Toyota,1995,102500,280000,Gasoline,Manual,Truck,foreign_used,2,Red,,"1995 Toyota Pickup (foreign used), a budget-friendly truck well suited to hauling and rough roads — a good fit for adventure seekers.",
Passport,Honda,2000,97000,280000,Gasoline,Automatic,SUV,foreign_used,7,White,All-Wheel Drive,"2000 Honda Passport (foreign used), a budget-friendly suv well suited to family trips and weekend getaways — a good fit for family-oriented drivers. Comes with all-wheel drive.",
Regency,Oldsmobile,1997,63500,280000,Gasoline,Automatic,Sedan,local_used,5,Black,,"1997 Oldsmobile Regency (locally used), a budget-friendly sedan well suited to daily commuting and city driving — a good fit for urban professionals.",
Regency,Oldsmobile,1998,62000,280000,Gasoline,Automatic,Sedan,local_used,5,Silver,,"1998 Oldsmobile Regency (locally used), a budget-friendly sedan well suited to daily commuting and city driving — a good fit for urban professionals.",
Ridgeline,Honda,2013,299500,149857,Gasoline,Automatic,Truck,foreign_used,2,White,All-Wheel Drive,"2013 Honda Ridgeline (foreign used), a premium truck well suited to hauling and rough roads — a good fit for adventure seekers. Comes with all-wheel drive.",
Paseo,Toyota,1995,83500,280000,Gasoline,Manual,Coupe,foreign_used,4,White,,"1995 Toyota Paseo (foreign used), a budget-friendly coupe well suited to weekend drives and spirited handling — a good fit for lifestyle-focused drivers.",
Ridgeline,Honda,2017,340000,123425,Gasoline,Automatic,Truck,foreign_used,2,Gray,All-Wheel Drive,"2017 Honda Ridgeline (foreign used), a premium truck well suited to hauling and rough roads — a good fit for adventure seekers. Comes with all-wheel drive.",
Ridgeline,Honda,2014,335000,116520,Gasoline,Automatic,Truck,foreign_used,2,Gray,All-Wheel Drive,"2014 Honda Ridgeline (foreign used), a premium truck well suited to hauling and rough roads — a good fit for adventure seekers. Comes with all-wheel drive.",
Riviera,Buick,1997,87000,280000,Gasoline,Automatic,Coupe,foreign_used,4,Black,,"1997 Buick Riviera (foreign used), a budget-friendly coupe well suited to weekend drives and spirited handling — a good fit for lifestyle-focused drivers.",
Riviera,Buick,1998,107000,280000,Gasoline,Automatic,Coupe,foreign_used,4,Silver,,"1998 Buick Riviera (foreign used), a budget-friendly coupe well suited to weekend drives and spirited handling — a good fit for lifestyle-focused drivers.",
Riviera,Buick,1999,106000,280000,Gasoline,Automatic,Coupe,local_used,4,Black,,"1999 Buick Riviera (locally used), a budget-friendly coupe well suited to weekend drives and spirited handling — a good fit for lifestyle-focused drivers.",
Odyssey,Honda,2016,334000,124312,Gasoline,Automatic,Wagon,foreign_used,5,White,,"2016 Honda Odyssey (foreign used), a premium wagon well suited to family trips with plenty of cargo room — a good fit for family-oriented drivers.",
Paseo,Toyota,1996,83500,280000,Gasoline,Manual,Coupe,foreign_used,4,Black,,"1996 Toyota Paseo (foreign used), a budget-friendly coupe well suited to weekend drives and spirited handling — a good fit for lifestyle-focused drivers.",
Paseo,Toyota,1997,100500,280000,Gasoline,Manual,Coupe,foreign_used,4,White,,"1997 Toyota Paseo (foreign used), a budget-friendly coupe well suited to weekend drives and spirited handling — a good fit for lifestyle-focused drivers.",
Roadmaster,Buick,1995,61500,280000,Gasoline,Automatic,Sedan,foreign_used,5,White,,"1995 Buick Roadmaster (foreign used), a budget-friendly sedan well suited to daily commuting and city driving — a good fit for urban professionals.",
Roadmaster,Buick,1996,60000,280000,Gasoline,Automatic,Sedan,local_used,5,Red,,"1996 Buick Roadmaster (locally used), a budget-friendly sedan well suited to daily commuting and city driving — a good fit for urban professionals.",
NV200,Nissan,2015,288500,100729,Gasoline,Automatic,Wagon,foreign_used,5,Silver,,"2015 Nissan NV200 (foreign used), a premium wagon well suited to family trips with plenty of cargo room — a good fit for family-oriented drivers.",
NV200,Nissan,2016,332500,91452,Gasoline,Automatic,Wagon,foreign_used,5,Gray,,"2016 Nissan NV200 (foreign used), a premium wagon well suited to family trips with plenty of cargo room — a good fit for family-oriented drivers.",
Roadmaster,Buick,1994,58500,280000,Gasoline,Automatic,Sedan,foreign_used,5,Black,,"1994 Buick Roadmaster (foreign used), a budget-friendly sedan well suited to daily commuting and city driving — a good fit for urban professionals.",
Odyssey,Honda,2015,330500,117023,Gasoline,Automatic,Wagon,local_used,5,Black,,"2015 Honda Odyssey (locally used), a premium wagon well suited to family trips with plenty of cargo room — a good fit for family-oriented drivers.",
Routan,Volkswagen,2010,230500,193736,Gasoline,Automatic,Wagon,foreign_used,5,White,,"2010 Volkswagen Routan (foreign used), a well-priced wagon well suited to family trips with plenty of cargo room — a good fit for family-oriented drivers.",
Routan,Volkswagen,2011,288000,161885,Gasoline,Automatic,Wagon,local_used,5,White,,"2011 Volkswagen Routan (locally used), a premium wagon well suited to family trips with plenty of cargo room — a good fit for family-oriented drivers.",
Rondo,Kia,2009,162000,248949,Gasoline,Automatic,Wagon,foreign_used,5,White,,"2009 Kia Rondo (foreign used), a well-priced wagon well suited to family trips with plenty of cargo room — a good fit for family-oriented drivers.",
Rondo,Kia,2008,173500,190004,Gasoline,Automatic,Wagon,foreign_used,5,Blue,,"2008 Kia Rondo (foreign used), a well-priced wagon well suited to family trips with plenty of cargo room — a good fit for family-oriented drivers.",
NV200,Nissan,2017,318500,104201,Gasoline,Automatic,Wagon,foreign_used,5,Gray,,"2017 Nissan NV200 (foreign used), a premium wagon well suited to family trips with plenty of cargo room — a good fit for family-oriented drivers.",
Rondo,Kia,2007,175500,270491,Gasoline,Automatic,Wagon,local_used,5,Silver,,"2007 Kia Rondo (locally used), a well-priced wagon well suited to family trips with plenty of cargo room — a good fit for family-oriented drivers.",
Neon,Plymouth,2000,67000,280000,Gasoline,Manual,Sedan,local_used,5,Silver,,"2000 Plymouth Neon (locally used), a budget-friendly sedan well suited to daily commuting and city driving — a good fit for urban professionals.",
Neon,Plymouth,2001,76500,252915,Gasoline,Manual,Sedan,foreign_used,5,Red,,"2001 Plymouth Neon (foreign used), a budget-friendly sedan well suited to daily commuting and city driving — a good fit for urban professionals.",
Neon,Plymouth,1999,102500,280000,Gasoline,Manual,Coupe,foreign_used,4,White,,"1999 Plymouth Neon (foreign used), a budget-friendly coupe well suited to weekend drives and spirited handling — a good fit for lifestyle-focused drivers.",
Ninety-Eight,Oldsmobile,1995,59000,280000,Gasoline,Automatic,Sedan,foreign_used,5,Black,,"1995 Oldsmobile Ninety-Eight (foreign used), a budget-friendly sedan well suited to daily commuting and city driving — a good fit for urban professionals.",
Ninety-Eight,Oldsmobile,1996,65000,280000,Gasoline,Automatic,Sedan,foreign_used,5,Black,,"1996 Oldsmobile Ninety-Eight (foreign used), a budget-friendly sedan well suited to daily commuting and city driving — a good fit for urban professionals.",
New Yorker,Chrysler,1994,59000,280000,Gasoline,Automatic,Sedan,foreign_used,5,Blue,,"1994 Chrysler New Yorker (foreign used), a budget-friendly sedan well suited to daily commuting and city driving — a good fit for urban professionals.",
New Yorker,Chrysler,1995,53000,280000,Gasoline,Automatic,Sedan,local_used,5,Orange,,"1995 Chrysler New Yorker (locally used), a budget-friendly sedan well suited to daily commuting and city driving — a good fit for urban professionals.",
New Yorker,Chrysler,1996,66500,280000,Gasoline,Automatic,Sedan,local_used,5,Black,,"1996 Chrysler New Yorker (locally used), a budget-friendly sedan well suited to daily commuting and city driving — a good fit for urban professionals.",
Ninety-Eight,Oldsmobile,1994,59000,280000,Gasoline,Automatic,Sedan,foreign_used,5,Blue,,"1994 Oldsmobile Ninety-Eight (foreign used), a budget-friendly sedan well suited to daily commuting and city driving — a good fit for urban professionals.",
Navajo,Mazda,1993,81500,280000,Gasoline,Manual,SUV,foreign_used,7,Blue,All-Wheel Drive,"1993 Mazda Navajo (foreign used), a budget-friendly suv well suited to family trips and weekend getaways — a good fit for family-oriented drivers. Comes with all-wheel drive.",
Navajo,Mazda,1994,81500,280000,Gasoline,Manual,SUV,local_used,7,White,,"1994 Mazda Navajo (locally used), a budget-friendly suv well suited to family trips and weekend getaways — a good fit for family-oriented drivers.",
Montero Sport,Mitsubishi,2003,121500,280000,Gasoline,Automatic,SUV,local_used,7,Black,,"2003 Mitsubishi Montero Sport (locally used), a budget-friendly suv well suited to family trips and weekend getaways — a good fit for family-oriented drivers.",
Navajo,Mazda,1992,67000,280000,Gasoline,Manual,SUV,foreign_used,7,Black,All-Wheel Drive,"1992 Mazda Navajo (foreign used), a budget-friendly suv well suited to family trips and weekend getaways — a good fit for family-oriented drivers. Comes with all-wheel drive.",
S-10 Blazer,Chevrolet,1993,73500,280000,Gasoline,Manual,SUV,foreign_used,7,Yellow,,"1993 Chevrolet S-10 Blazer (foreign used), a budget-friendly suv well suited to family trips and weekend getaways — a good fit for family-oriented drivers.",
MPV,Mazda,2006,190500,196242,Gasoline,Automatic,Wagon,foreign_used,5,White,,"2006 Mazda MPV (foreign used), a well-priced wagon well suited to family trips with plenty of cargo room — a good fit for family-oriented drivers.",
S-10 Blazer,Chevrolet,1992,68500,280000,Gasoline,Manual,SUV,foreign_used,7,Blue,All-Wheel Drive,"1992 Chevrolet S-10 Blazer (foreign used), a budget-friendly suv well suited to family trips and weekend getaways — a good fit for family-oriented drivers. Comes with all-wheel drive.",
Montero,Mitsubishi,2006,131500,258835,Gasoline,Automatic,SUV,foreign_used,7,Black,All-Wheel Drive,"2006 Mitsubishi Montero (foreign used), a budget-friendly suv well suited to family trips and weekend getaways — a good fit for family-oriented drivers. Comes with all-wheel drive.",
MPV,Mazda,2004,175500,280000,Gasoline,Automatic,Wagon,foreign_used,5,Gray,,"2004 Mazda MPV (foreign used), a well-priced wagon well suited to family trips with plenty of cargo room — a good fit for family-oriented drivers.",
MPV,Mazda,2005,199500,197689,Gasoline,Automatic,Wagon,foreign_used,5,Black,,"2005 Mazda MPV (foreign used), a well-priced wagon well suited to family trips with plenty of cargo room — a good fit for family-oriented drivers.",
Montero Sport,Mitsubishi,2004,120000,205531,Gasoline,Automatic,SUV,foreign_used,7,Silver,,"2004 Mitsubishi Montero Sport (foreign used), a budget-friendly suv well suited to family trips and weekend getaways — a good fit for family-oriented drivers.",
Montero,Mitsubishi,2004,143000,235249,Gasoline,Automatic,SUV,foreign_used,7,Blue,All-Wheel Drive,"2004 Mitsubishi Montero (foreign used), a budget-friendly suv well suited to family trips and weekend getaways — a good fit for family-oriented drivers. Comes with all-wheel drive.",
Montero,Mitsubishi,2005,143500,221975,Gasoline,Automatic,SUV,foreign_used,7,Blue,All-Wheel Drive,"2005 Mitsubishi Montero (foreign used), a budget-friendly suv well suited to family trips and weekend getaways — a good fit for family-oriented drivers. Comes with all-wheel drive.",
Montana,Pontiac,2005,176500,220119,Gasoline,Automatic,Wagon,local_used,5,Blue,,"2005 Pontiac Montana (locally used), a well-priced wagon well suited to family trips with plenty of cargo room — a good fit for family-oriented drivers.",
Montero Sport,Mitsubishi,2002,123500,280000,Gasoline,Automatic,SUV,local_used,7,White,,"2002 Mitsubishi Montero Sport (locally used), a budget-friendly suv well suited to family trips and weekend getaways — a good fit for family-oriented drivers.",
Montana,Pontiac,2004,152000,230940,Gasoline,Automatic,Wagon,foreign_used,5,Gray,,"2004 Pontiac Montana (foreign used), a well-priced wagon well suited to family trips with plenty of cargo room — a good fit for family-oriented drivers.",
S-10 Blazer,Chevrolet,1994,74500,280000,Gasoline,Manual,SUV,foreign_used,7,White,,"1994 Chevrolet S-10 Blazer (foreign used), a budget-friendly suv well suited to family trips and weekend getaways — a good fit for family-oriented drivers.",
S-15 Jimmy,GMC,1990,63500,280000,Gasoline,Manual,SUV,local_used,7,Black,,"1990 GMC S-15 Jimmy (locally used), a budget-friendly suv well suited to family trips and weekend getaways — a good fit for family-oriented drivers.",
S-15 Jimmy,GMC,1991,70000,280000,Gasoline,Manual,SUV,foreign_used,7,Silver,,"1991 GMC S-15 Jimmy (foreign used), a budget-friendly suv well suited to family trips and weekend getaways — a good fit for family-oriented drivers.",
S-10,Chevrolet,2004,157000,280000,Gasoline,Automatic,Truck,foreign_used,2,Black,All-Wheel Drive,"2004 Chevrolet S-10 (foreign used), a well-priced truck well suited to hauling and rough roads — a good fit for adventure seekers. Comes with all-wheel drive.",
Monaco,Dodge,1992,55000,280000,Gasoline,Automatic,Sedan,foreign_used,5,Silver,,"1992 Dodge Monaco (foreign used), a budget-friendly sedan well suited to daily commuting and city driving — a good fit for urban professionals.",
Montana SV6,Pontiac,2006,176500,238509,Gasoline,Automatic,Wagon,foreign_used,5,Orange,,"2006 Pontiac Montana SV6 (foreign used), a well-priced wagon well suited to family trips with plenty of cargo room — a good fit for family-oriented drivers.",
Montana,Pontiac,2003,164000,211639,Gasoline,Automatic,Wagon,foreign_used,5,White,,"2003 Pontiac Montana (foreign used), a well-priced wagon well suited to family trips with plenty of cargo room — a good fit for family-oriented drivers.",
S-15,GMC,1990,84000,280000,Gasoline,Manual,Truck,local_used,2,Gray,All-Wheel Drive,"1990 GMC S-15 (locally used), a budget-friendly truck well suited to hauling and rough roads — a good fit for adventure seekers. Comes with all-wheel drive.",
Monaco,Dodge,1990,44500,280000,Gasoline,Automatic,Sedan,foreign_used,5,Black,,"1990 Dodge Monaco (foreign used), a budget-friendly sedan well suited to daily commuting and city driving — a good fit for urban professionals.",
Monaco,Dodge,1991,45000,280000,Gasoline,Automatic,Sedan,foreign_used,5,White,,"1991 Dodge Monaco (foreign used), a budget-friendly sedan well suited to daily commuting and city driving — a good fit for urban professionals.",
Mirage G4,Mitsubishi,2017,181000,109751,Gasoline,Manual,Sedan,local_used,5,White,,"2017 Mitsubishi Mirage G4 (locally used), a well-priced sedan well suited to daily commuting and city driving — a good fit for urban professionals.",
Mighty Max Pickup,Mitsubishi,1994,86500,280000,Gasoline,Manual,Truck,foreign_used,2,Red,All-Wheel Drive,"1994 Mitsubishi Mighty Max Pickup (foreign used), a budget-friendly truck well suited to hauling and rough roads — a good fit for adventure seekers. Comes with all-wheel drive.",
Mighty Max Pickup,Mitsubishi,1995,93000,280000,Gasoline,Manual,Truck,foreign_used,2,Blue,,"1995 Mitsubishi Mighty Max Pickup (foreign used), a budget-friendly truck well suited to hauling and rough roads — a good fit for adventure seekers.",
Mighty Max Pickup,Mitsubishi,1996,106000,280000,Gasoline,Manual,Truck,foreign_used,2,Red,,"1996 Mitsubishi Mighty Max Pickup (foreign used), a budget-friendly truck well suited to hauling and rough roads — a good fit for adventure seekers.",
Metro,Chevrolet,2001,75500,228274,Gasoline,Automatic,Sedan,foreign_used,5,Orange,,"2001 Chevrolet Metro (foreign used), a budget-friendly sedan well suited to daily commuting and city driving — a good fit for urban professionals.",
Lumina Minivan,Chevrolet,1994,103000,280000,Gasoline,Automatic,Wagon,foreign_used,5,White,,"1994 Chevrolet Lumina Minivan (foreign used), a budget-friendly wagon well suited to family trips with plenty of cargo room — a good fit for family-oriented drivers.",
Lumina Minivan,Chevrolet,1995,95500,280000,Gasoline,Automatic,Wagon,foreign_used,5,Black,,"1995 Chevrolet Lumina Minivan (foreign used), a budget-friendly wagon well suited to family trips with plenty of cargo room — a good fit for family-oriented drivers.",
Lumina Minivan,Chevrolet,1996,93000,280000,Gasoline,Automatic,Wagon,foreign_used,5,Gray,,"1996 Chevrolet Lumina Minivan (foreign used), a budget-friendly wagon well suited to family trips with plenty of cargo room — a good fit for family-oriented drivers.",
Lumina,Chevrolet,1999,64500,280000,Gasoline,Automatic,Sedan,foreign_used,5,Silver,,"1999 Chevrolet Lumina (foreign used), a budget-friendly sedan well suited to daily commuting and city driving — a good fit for urban professionals.",
Malibu Classic,Chevrolet,2008,119000,167644,Gasoline,Automatic,Sedan,foreign_used,5,Black,,"2008 Chevrolet Malibu Classic (foreign used), a budget-friendly sedan well suited to daily commuting and city driving — a good fit for urban professionals.",
Malibu Limited,Chevrolet,2016,165500,115128,Gasoline,Automatic,Sedan,foreign_used,5,Black,,"2016 Chevrolet Malibu Limited (foreign used), a well-priced sedan well suited to daily commuting and city driving — a good fit for urban professionals.",
Loyale,Subaru,1992,52000,280000,Gasoline,Manual,Sedan,foreign_used,5,Silver,All-Wheel Drive,"1992 Subaru Loyale (foreign used), a budget-friendly sedan well suited to daily commuting and city driving — a good fit for urban professionals. Comes with all-wheel drive.",
Loyale,Subaru,1993,98500,280000,Gasoline,Manual,Wagon,foreign_used,5,Silver,,"1993 Subaru Loyale (foreign used), a budget-friendly wagon well suited to family trips with plenty of cargo room — a good fit for family-oriented drivers.",
Loyale,Subaru,1994,103500,280000,Gasoline,Manual,Wagon,foreign_used,5,White,All-Wheel Drive,"1994 Subaru Loyale (foreign used), a budget-friendly wagon well suited to family trips with plenty of cargo room — a good fit for family-oriented drivers. Comes with all-wheel drive.",
LTD Crown Victoria,Ford,1991,80500,280000,Gasoline,Automatic,Wagon,local_used,5,Silver,,"1991 Ford LTD Crown Victoria (locally used), a budget-friendly wagon well suited to family trips with plenty of cargo room — a good fit for family-oriented drivers.",
LTD Crown Victoria,Ford,1990,47000,280000,Gasoline,Automatic,Sedan,foreign_used,5,Silver,,"1990 Ford LTD Crown Victoria (foreign used), a budget-friendly sedan well suited to daily commuting and city driving — a good fit for urban professionals.",
Lumina,Chevrolet,2000,73000,264903,Gasoline,Automatic,Sedan,foreign_used,5,Silver,,"2000 Chevrolet Lumina (foreign used), a budget-friendly sedan well suited to daily commuting and city driving — a good fit for urban professionals.",
Lumina,Chevrolet,2001,85500,280000,Gasoline,Automatic,Sedan,local_used,5,White,,"2001 Chevrolet Lumina (locally used), a budget-friendly sedan well suited to daily commuting and city driving — a good fit for urban professionals.",
LSS,Oldsmobile,1997,72000,280000,Gasoline,Automatic,Sedan,foreign_used,5,Gray,,"1997 Oldsmobile LSS (foreign used), a budget-friendly sedan well suited to daily commuting and city driving — a good fit for urban professionals.",
LSS,Oldsmobile,1998,65000,280000,Gasoline,Automatic,Sedan,foreign_used,5,White,,"1998 Oldsmobile LSS (foreign used), a budget-friendly sedan well suited to daily commuting and city driving — a good fit for urban professionals.",
LSS,Oldsmobile,1999,74500,280000,Gasoline,Automatic,Sedan,local_used,5,Black,,"1999 Oldsmobile LSS (locally used), a budget-friendly sedan well suited to daily commuting and city driving — a good fit for urban professionals.",
Lancer,Mitsubishi,2017,174500,99873,Gasoline,Automatic,Sedan,local_used,5,Blue,All-Wheel Drive,"2017 Mitsubishi Lancer (locally used), a well-priced sedan well suited to daily commuting and city driving — a good fit for urban professionals. Comes with all-wheel drive.",
Le Baron,Chrysler,1993,71500,280000,Gasoline,Manual,Coupe,foreign_used,4,Silver,,"1993 Chrysler Le Baron (foreign used), a budget-friendly coupe well suited to weekend drives and spirited handling — a good fit for lifestyle-focused drivers.",
Le Mans,Pontiac,1991,44500,280000,Gasoline,Manual,Sedan,foreign_used,5,Black,,"1991 Pontiac Le Mans (foreign used), a budget-friendly sedan well suited to daily commuting and city driving — a good fit for urban professionals.",
Le Mans,Pontiac,1992,75500,280000,Gasoline,Manual,Coupe,foreign_used,4,Gray,,"1992 Pontiac Le Mans (foreign used), a budget-friendly coupe well suited to weekend drives and spirited handling — a good fit for lifestyle-focused drivers.",
Le Mans,Pontiac,1993,54000,280000,Gasoline,Manual,Sedan,local_used,5,Silver,,"1993 Pontiac Le Mans (locally used), a budget-friendly sedan well suited to daily commuting and city driving — a good fit for urban professionals.",
LeSabre,Buick,2003,78000,280000,Gasoline,Automatic,Sedan,foreign_used,5,Blue,,"2003 Buick LeSabre (foreign used), a budget-friendly sedan well suited to daily commuting and city driving — a good fit for urban professionals.",
LeSabre,Buick,2004,93000,272081,Gasoline,Automatic,Sedan,foreign_used,5,Gray,,"2004 Buick LeSabre (foreign used), a budget-friendly sedan well suited to daily commuting and city driving — a good fit for urban professionals.",
LeSabre,Buick,2005,88500,254947,Gasoline,Automatic,Sedan,local_used,5,Silver,,"2005 Buick LeSabre (locally used), a budget-friendly sedan well suited to daily commuting and city driving — a good fit for urban professionals.",
Samurai,Suzuki,1994,80000,280000,Gasoline,Manual,SUV,foreign_used,7,Silver,All-Wheel Drive,"1994 Suzuki Samurai (foreign used), a budget-friendly suv well suited to family trips and weekend getaways — a good fit for family-oriented drivers. Comes with all-wheel drive.",
Samurai,Suzuki,1995,79000,280000,Gasoline,Manual,SUV,local_used,7,White,All-Wheel Drive,"1995 Suzuki Samurai (locally used), a budget-friendly suv well suited to family trips and weekend getaways — a good fit for family-oriented drivers. Comes with all-wheel drive.",
Lancer,Mitsubishi,2016,146000,133369,Gasoline,Automatic,Sedan,foreign_used,5,Black,,"2016 Mitsubishi Lancer (foreign used), a well-priced sedan well suited to daily commuting and city driving — a good fit for urban professionals.",
Safari,GMC,2003,151500,216338,Gasoline,Automatic,Wagon,foreign_used,5,Black,,"2003 GMC Safari (foreign used), a well-priced wagon well suited to family trips with plenty of cargo room — a good fit for family-oriented drivers.",
Safari,GMC,2004,149000,280000,Gasoline,Automatic,Wagon,foreign_used,5,Silver,,"2004 GMC Safari (foreign used), a well-priced wagon well suited to family trips with plenty of cargo room — a good fit for family-oriented drivers.",
Safari,GMC,2005,163500,257486,Gasoline,Automatic,Wagon,local_used,5,Silver,,"2005 GMC Safari (locally used), a well-priced wagon well suited to family trips with plenty of cargo room — a good fit for family-oriented drivers.",
Samurai,Suzuki,1993,71500,280000,Gasoline,Manual,SUV,foreign_used,7,Black,All-Wheel Drive,"1993 Suzuki Samurai (foreign used), a budget-friendly suv well suited to family trips and weekend getaways — a good fit for family-oriented drivers. Comes with all-wheel drive.",
Safari Cargo,GMC,2003,154000,270245,Gasoline,Automatic,Wagon,foreign_used,5,White,All-Wheel Drive,"2003 GMC Safari Cargo (foreign used), a well-priced wagon well suited to family trips with plenty of cargo room — a good fit for family-oriented drivers. Comes with all-wheel drive.",
Safari Cargo,GMC,2004,143000,261980,Gasoline,Automatic,Wagon,foreign_used,5,Silver,,"2004 GMC Safari Cargo (foreign used), a well-priced wagon well suited to family trips with plenty of cargo room — a good fit for family-oriented drivers.",
Safari Cargo,GMC,2005,171000,209888,Gasoline,Automatic,Wagon,local_used,5,Black,,"2005 GMC Safari Cargo (locally used), a well-priced wagon well suited to family trips with plenty of cargo room — a good fit for family-oriented drivers.",
Le Baron,Chrysler,1994,151000,280000,Gasoline,Automatic,Convertible,local_used,4,Gray,,"1994 Chrysler Le Baron (locally used), a budget-friendly convertible well suited to weekend adventures and open-top cruising — a good fit for adventure seekers and luxury lovers.",
Le Baron,Chrysler,1995,138000,280000,Gasoline,Automatic,Convertible,foreign_used,4,White,,"1995 Chrysler Le Baron (foreign used), a budget-friendly convertible well suited to weekend adventures and open-top cruising — a good fit for adventure seekers and luxury lovers.",
Kizashi,Suzuki,2011,114000,195212,Gasoline,Automatic,Sedan,foreign_used,5,Silver,,"2011 Suzuki Kizashi (foreign used), a budget-friendly sedan well suited to daily commuting and city driving — a good fit for urban professionals.",
Kizashi,Suzuki,2012,123500,164833,Gasoline,Automatic,Sedan,local_used,5,Red,,"2012 Suzuki Kizashi (locally used), a well-priced sedan well suited to daily commuting and city driving — a good fit for urban professionals.",
Kizashi,Suzuki,2013,147500,149118,Gasoline,Automatic,Sedan,foreign_used,5,White,,"2013 Suzuki Kizashi (foreign used), a well-priced sedan well suited to daily commuting and city driving — a good fit for urban professionals.",
Jimmy,GMC,2000,94500,280000,Gasoline,Automatic,SUV,foreign_used,7,Silver,,"2000 GMC Jimmy (foreign used), a budget-friendly suv well suited to family trips and weekend getaways — a good fit for family-oriented drivers.",
Jimmy,GMC,2001,112000,280000,Gasoline,Automatic,SUV,foreign_used,7,White,,"2001 GMC Jimmy (foreign used), a budget-friendly suv well suited to family trips and weekend getaways — a good fit for family-oriented drivers.",
Jimmy,GMC,1999,96000,253088,Gasoline,Automatic,SUV,local_used,7,Silver,All-Wheel Drive,"1999 GMC Jimmy (locally used), a budget-friendly suv well suited to family trips and weekend getaways — a good fit for family-oriented drivers. Comes with all-wheel drive.",
Sedona,Kia,2015,347500,132825,Gasoline,Automatic,Wagon,foreign_used,5,Silver,,"2015 Kia Sedona (foreign used), a premium wagon well suited to family trips with plenty of cargo room — a good fit for family-oriented drivers.",
Scoupe,Hyundai,1995,86500,280000,Gasoline,Manual,Coupe,foreign_used,4,Black,,"1995 Hyundai Scoupe (foreign used), a budget-friendly coupe well suited to weekend drives and spirited handling — a good fit for lifestyle-focused drivers.",
Scoupe,Hyundai,1993,80500,280000,Gasoline,Manual,Coupe,foreign_used,4,Silver,,"1993 Hyundai Scoupe (foreign used), a budget-friendly coupe well suited to weekend drives and spirited handling — a good fit for lifestyle-focused drivers.",
Scoupe,Hyundai,1994,81000,280000,Gasoline,Manual,Coupe,foreign_used,4,Red,,"1994 Hyundai Scoupe (foreign used), a budget-friendly coupe well suited to weekend drives and spirited handling — a good fit for lifestyle-focused drivers.",
Sentra,Nissan,2017,182000,123459,Gasoline,Automatic,Sedan,foreign_used,5,White,,"2017 Nissan Sentra (foreign used), a well-priced sedan well suited to daily commuting and city driving — a good fit for urban professionals.",
Sephia,Kia,1999,71000,275621,Gasoline,Manual,Sedan,foreign_used,5,White,,"1999 Kia Sephia (foreign used), a budget-friendly sedan well suited to daily commuting and city driving — a good fit for urban professionals.",
Sentra,Nissan,2015,155000,116069,Gasoline,Automatic,Sedan,foreign_used,5,Blue,,"2015 Nissan Sentra (foreign used), a well-priced sedan well suited to daily commuting and city driving — a good fit for urban professionals.",
Sentra,Nissan,2016,188000,99882,Gasoline,Automatic,Sedan,foreign_used,5,Silver,,"2016 Nissan Sentra (foreign used), a well-priced sedan well suited to daily commuting and city driving — a good fit for urban professionals.",
Sedona,Kia,2017,359000,98832,Gasoline,Automatic,Wagon,foreign_used,5,Red,,"2017 Kia Sedona (foreign used), a premium wagon well suited to family trips with plenty of cargo room — a good fit for family-oriented drivers.",
Sedona,Kia,2016,321000,135405,Gasoline,Automatic,Wagon,local_used,5,Silver,,"2016 Kia Sedona (locally used), a premium wagon well suited to family trips with plenty of cargo room — a good fit for family-oriented drivers.",
Sephia,Kia,2000,74000,280000,Gasoline,Manual,Sedan,local_used,5,Blue,,"2000 Kia Sephia (locally used), a budget-friendly sedan well suited to daily commuting and city driving — a good fit for urban professionals.",
Sephia,Kia,2001,72000,255732,Gasoline,Manual,Sedan,local_used,5,Black,,"2001 Kia Sephia (locally used), a budget-friendly sedan well suited to daily commuting and city driving — a good fit for urban professionals.",
Sienna,Toyota,2015,319000,156937,Gasoline,Automatic,Wagon,foreign_used,5,Gray,All-Wheel Drive,"2015 Toyota Sienna (foreign used), a premium wagon well suited to family trips with plenty of cargo room — a good fit for family-oriented drivers. Comes with all-wheel drive.",
Sidekick,Suzuki,1998,88500,280000,Gasoline,Automatic,SUV,foreign_used,7,Red,All-Wheel Drive,"1998 Suzuki Sidekick (foreign used), a budget-friendly suv well suited to family trips and weekend getaways — a good fit for family-oriented drivers. Comes with all-wheel drive.",
Sidekick,Suzuki,1997,85000,280000,Gasoline,Manual,SUV,foreign_used,7,Silver,,"1997 Suzuki Sidekick (foreign used), a budget-friendly suv well suited to family trips and weekend getaways — a good fit for family-oriented drivers.",
Sidekick,Suzuki,1996,82000,280000,Gasoline,Manual,SUV,local_used,7,White,All-Wheel Drive,"1996 Suzuki Sidekick (locally used), a budget-friendly suv well suited to family trips and weekend getaways — a good fit for family-oriented drivers. Comes with all-wheel drive.",
Sienna,Toyota,2016,354500,117074,Gasoline,Automatic,Wagon,local_used,5,Black,All-Wheel Drive,"2016 Toyota Sienna (locally used), a premium wagon well suited to family trips with plenty of cargo room — a good fit for family-oriented drivers. Comes with all-wheel drive.",
Sienna,Toyota,2017,288000,134189,Gasoline,Automatic,Wagon,local_used,5,White,,"2017 Toyota Sienna (locally used), a premium wagon well suited to family trips with plenty of cargo room — a good fit for family-oriented drivers.",
Intrigue,Oldsmobile,2002,74500,280000,Gasoline,Automatic,Sedan,foreign_used,5,Black,,"2002 Oldsmobile Intrigue (foreign used), a budget-friendly sedan well suited to daily commuting and city driving — a good fit for urban professionals.",
Intrigue,Oldsmobile,2000,76000,238238,Gasoline,Automatic,Sedan,foreign_used,5,Black,,"2000 Oldsmobile Intrigue (foreign used), a budget-friendly sedan well suited to daily commuting and city driving — a good fit for urban professionals.",
Intrigue,Oldsmobile,2001,75000,234781,Gasoline,Automatic,Sedan,foreign_used,5,Silver,,"2001 Oldsmobile Intrigue (foreign used), a budget-friendly sedan well suited to daily commuting and city driving — a good fit for urban professionals.",
Intrepid,Dodge,2003,79000,271023,Gasoline,Automatic,Sedan,foreign_used,5,Silver,,"2003 Dodge Intrepid (foreign used), a budget-friendly sedan well suited to daily commuting and city driving — a good fit for urban professionals.",
Intrepid,Dodge,2004,84000,280000,Gasoline,Automatic,Sedan,foreign_used,5,Black,,"2004 Dodge Intrepid (foreign used), a budget-friendly sedan well suited to daily commuting and city driving — a good fit for urban professionals.",
Grand Am,Pontiac,2004,84000,269109,Gasoline,Manual,Sedan,local_used,5,Silver,,"2004 Pontiac Grand Am (locally used), a budget-friendly sedan well suited to daily commuting and city driving — a good fit for urban professionals.",
iA,Scion,2016,161000,119869,Gasoline,Automatic,Sedan,foreign_used,5,White,,"2016 Scion iA (foreign used), a well-priced sedan well suited to daily commuting and city driving — a good fit for urban professionals.",
Grand Voyager,Plymouth,1998,100500,269720,Gasoline,Automatic,Wagon,foreign_used,5,White,,"1998 Plymouth Grand Voyager (foreign used), a budget-friendly wagon well suited to family trips with plenty of cargo room — a good fit for family-oriented drivers.",
Imperial,Chrysler,1991,54000,280000,Gasoline,Automatic,Sedan,foreign_used,5,White,,"1991 Chrysler Imperial (foreign used), a budget-friendly sedan well suited to daily commuting and city driving — a good fit for urban professionals.",
Imperial,Chrysler,1992,54000,280000,Gasoline,Automatic,Sedan,local_used,5,Silver,,"1992 Chrysler Imperial (locally used), a budget-friendly sedan well suited to daily commuting and city driving — a good fit for urban professionals.",
Imperial,Chrysler,1993,52000,280000,Gasoline,Automatic,Sedan,foreign_used,5,White,,"1993 Chrysler Imperial (foreign used), a budget-friendly sedan well suited to daily commuting and city driving — a good fit for urban professionals.",
Grand Am,Pontiac,2003,121000,280000,Gasoline,Automatic,Coupe,foreign_used,4,Black,,"2003 Pontiac Grand Am (foreign used), a budget-friendly coupe well suited to weekend drives and spirited handling — a good fit for lifestyle-focused drivers.",
Grand Am,Pontiac,2005,132000,280000,Gasoline,Automatic,Coupe,local_used,4,Black,,"2005 Pontiac Grand Am (locally used), a budget-friendly coupe well suited to weekend drives and spirited handling — a good fit for lifestyle-focused drivers.",
Grand Caravan,Dodge,2017,363000,92003,Gasoline,Automatic,Wagon,foreign_used,5,Blue,,"2017 Dodge Grand Caravan (foreign used), a premium wagon well suited to family trips with plenty of cargo room — a good fit for family-oriented drivers.",
G6,Pontiac,2010,104500,194240,Gasoline,Automatic,Sedan,foreign_used,5,White,,"2010 Pontiac G6 (foreign used), a budget-friendly sedan well suited to daily commuting and city driving — a good fit for urban professionals.",
Golf SportWagen,Volkswagen,2017,330000,96505,Gasoline,Automatic,Wagon,foreign_used,5,Gray,,"2017 Volkswagen Golf SportWagen (foreign used), a premium wagon well suited to family trips with plenty of cargo room — a good fit for family-oriented drivers.",
Golf SportWagen,Volkswagen,2016,307000,137571,Gasoline,Automatic,Wagon,foreign_used,5,Gray,,"2016 Volkswagen Golf SportWagen (foreign used), a premium wagon well suited to family trips with plenty of cargo room — a good fit for family-oriented drivers.",
Sigma,Mitsubishi,1990,45000,280000,Gasoline,Automatic,Sedan,local_used,5,Blue,,"1990 Mitsubishi Sigma (locally used), a budget-friendly sedan well suited to daily commuting and city driving — a good fit for urban professionals.",
Silhouette,Oldsmobile,2002,164500,280000,Gasoline,Automatic,Wagon,local_used,5,Red,All-Wheel Drive,"2002 Oldsmobile Silhouette (locally used), a well-priced wagon well suited to family trips with plenty of cargo room — a good fit for family-oriented drivers. Comes with all-wheel drive.",
G5,Pontiac,2007,148000,261962,Gasoline,Manual,Coupe,foreign_used,4,White,,"2007 Pontiac G5 (foreign used), a budget-friendly coupe well suited to weekend drives and spirited handling — a good fit for lifestyle-focused drivers.",
G5,Pontiac,2008,156500,204765,Gasoline,Manual,Coupe,foreign_used,4,White,,"2008 Pontiac G5 (foreign used), a budget-friendly coupe well suited to weekend drives and spirited handling — a good fit for lifestyle-focused drivers.",
G5,Pontiac,2009,140500,246339,Gasoline,Manual,Coupe,foreign_used,4,Red,,"2009 Pontiac G5 (foreign used), a budget-friendly coupe well suited to weekend drives and spirited handling — a good fit for lifestyle-focused drivers.",
Sierra 1500HD,GMC,2006,189000,243963,Gasoline,Automatic,Truck,foreign_used,2,Black,All-Wheel Drive,"2006 GMC Sierra 1500HD (foreign used), a well-priced truck well suited to hauling and rough roads — a good fit for adventure seekers. Comes with all-wheel drive.",
Sierra C3,GMC,2001,145000,248693,Gasoline,Automatic,Truck,foreign_used,2,Silver,All-Wheel Drive,"2001 GMC Sierra C3 (foreign used), a well-priced truck well suited to hauling and rough roads — a good fit for adventure seekers. Comes with all-wheel drive.",
Sierra Classic 1500,GMC,1999,129000,280000,Gasoline,Automatic,Truck,foreign_used,2,Gray,,"1999 GMC Sierra Classic 1500 (foreign used), a budget-friendly truck well suited to hauling and rough roads — a good fit for adventure seekers.",
Galant,Mitsubishi,2010,101500,220153,Gasoline,Automatic,Sedan,foreign_used,5,Gray,,"2010 Mitsubishi Galant (foreign used), a budget-friendly sedan well suited to daily commuting and city driving — a good fit for urban professionals.",
Galant,Mitsubishi,2011,136500,163509,Gasoline,Automatic,Sedan,local_used,5,Red,,"2011 Mitsubishi Galant (locally used), a well-priced sedan well suited to daily commuting and city driving — a good fit for urban professionals.",
Galant,Mitsubishi,2012,127000,198003,Gasoline,Automatic,Sedan,foreign_used,5,Orange,,"2012 Mitsubishi Galant (foreign used), a well-priced sedan well suited to daily commuting and city driving — a good fit for urban professionals.",
Silhouette,Oldsmobile,2004,180000,280000,Gasoline,Automatic,Wagon,foreign_used,5,Gray,,"2004 Oldsmobile Silhouette (foreign used), a well-priced wagon well suited to family trips with plenty of cargo room — a good fit for family-oriented drivers.",
Frontier,Nissan,2017,363000,95953,Gasoline,Automatic,Truck,foreign_used,2,Black,All-Wheel Drive,"2017 Nissan Frontier (foreign used), a premium truck well suited to hauling and rough roads — a good fit for adventure seekers. Comes with all-wheel drive.",
Silhouette,Oldsmobile,2003,160500,280000,Gasoline,Automatic,Wagon,local_used,5,Blue,,"2003 Oldsmobile Silhouette (locally used), a well-priced wagon well suited to family trips with plenty of cargo room — a good fit for family-oriented drivers.",
Frontier,Nissan,2015,301000,108287,Gasoline,Automatic,Truck,foreign_used,2,White,All-Wheel Drive,"2015 Nissan Frontier (foreign used), a premium truck well suited to hauling and rough roads — a good fit for adventure seekers. Comes with all-wheel drive.",
Frontier,Nissan,2016,318000,102121,Gasoline,Automatic,Truck,foreign_used,2,White,All-Wheel Drive,"2016 Nissan Frontier (foreign used), a premium truck well suited to hauling and rough roads — a good fit for adventure seekers. Comes with all-wheel drive.",
Freestar,Ford,2007,187000,192002,Gasoline,Automatic,Wagon,foreign_used,5,Red,,"2007 Ford Freestar (foreign used), a well-priced wagon well suited to family trips with plenty of cargo room — a good fit for family-oriented drivers.",
Freestar,Ford,2005,193000,280000,Gasoline,Automatic,Wagon,local_used,5,Black,,"2005 Ford Freestar (locally used), a well-priced wagon well suited to family trips with plenty of cargo room — a good fit for family-oriented drivers.",
Freestar,Ford,2006,147500,258515,Gasoline,Automatic,Wagon,foreign_used,5,White,,"2006 Ford Freestar (foreign used), a well-priced wagon well suited to family trips with plenty of cargo room — a good fit for family-oriented drivers.",
Forenza,Suzuki,2007,112500,188340,Gasoline,Manual,Sedan,local_used,5,White,,"2007 Suzuki Forenza (locally used), a budget-friendly sedan well suited to daily commuting and city driving — a good fit for urban professionals.",
Fox,Volkswagen,1991,52500,280000,Gasoline,Manual,Sedan,local_used,5,Blue,,"1991 Volkswagen Fox (locally used), a budget-friendly sedan well suited to daily commuting and city driving — a good fit for urban professionals.",
Fox,Volkswagen,1992,83500,280000,Gasoline,Manual,Coupe,local_used,4,Silver,,"1992 Volkswagen Fox (locally used), a budget-friendly coupe well suited to weekend drives and spirited handling — a good fit for lifestyle-focused drivers.",
Fox,Volkswagen,1993,85500,280000,Gasoline,Manual,Coupe,foreign_used,4,Gray,,"1993 Volkswagen Fox (foreign used), a budget-friendly coupe well suited to weekend drives and spirited handling — a good fit for lifestyle-focused drivers.",
Forenza,Suzuki,2006,85000,280000,Gasoline,Manual,Sedan,foreign_used,5,White,,"2006 Suzuki Forenza (foreign used), a budget-friendly sedan well suited to daily commuting and city driving — a good fit for urban professionals.",
Forenza,Suzuki,2008,146000,248789,Gasoline,Manual,Wagon,foreign_used,5,Gray,,"2008 Suzuki Forenza (foreign used), a well-priced wagon well suited to family trips with plenty of cargo room — a good fit for family-oriented drivers.",
Five Hundred,Ford,2006,87500,240625,Gasoline,Automatic,Sedan,local_used,5,Gray,All-Wheel Drive,"2006 Ford Five Hundred (locally used), a budget-friendly sedan well suited to daily commuting and city driving — a good fit for urban professionals. Comes with all-wheel drive.",
Five Hundred,Ford,2007,94500,280000,Gasoline,Automatic,Sedan,foreign_used,5,Black,All-Wheel Drive,"2007 Ford Five Hundred (foreign used), a budget-friendly sedan well suited to daily commuting and city driving — a good fit for urban professionals. Comes with all-wheel drive.",
FJ Cruiser,Toyota,2012,192500,161092,Gasoline,Automatic,SUV,foreign_used,7,Black,All-Wheel Drive,"2012 Toyota FJ Cruiser (foreign used), a well-priced suv well suited to family trips and weekend getaways — a good fit for family-oriented drivers. Comes with all-wheel drive.",
Five Hundred,Ford,2005,95000,280000,Gasoline,Automatic,Sedan,foreign_used,5,White,,"2005 Ford Five Hundred (foreign used), a budget-friendly sedan well suited to daily commuting and city driving — a good fit for urban professionals.",
Skylark,Buick,1997,68000,280000,Gasoline,Automatic,Sedan,foreign_used,5,Yellow,,"1997 Buick Skylark (foreign used), a budget-friendly sedan well suited to daily commuting and city driving — a good fit for urban professionals.",
Skylark,Buick,1998,66500,280000,Gasoline,Automatic,Sedan,foreign_used,5,Gray,,"1998 Buick Skylark (foreign used), a budget-friendly sedan well suited to daily commuting and city driving — a good fit for urban professionals.",
FJ Cruiser,Toyota,2013,192500,129944,Gasoline,Manual,SUV,foreign_used,7,Red,All-Wheel Drive,"2013 Toyota FJ Cruiser (foreign used), a well-priced suv well suited to family trips and weekend getaways — a good fit for family-oriented drivers. Comes with all-wheel drive.",
FJ Cruiser,Toyota,2014,181000,171499,Gasoline,Automatic,SUV,foreign_used,7,Black,All-Wheel Drive,"2014 Toyota FJ Cruiser (foreign used), a budget-friendly suv well suited to family trips and weekend getaways — a good fit for family-oriented drivers. Comes with all-wheel drive.",
Skylark,Buick,1996,82000,280000,Gasoline,Automatic,Coupe,local_used,4,Blue,,"1996 Buick Skylark (locally used), a budget-friendly coupe well suited to weekend drives and spirited handling — a good fit for lifestyle-focused drivers.",
F-250,Ford,1999,119000,269282,Gasoline,Manual,Truck,foreign_used,2,Gray,All-Wheel Drive,"1999 Ford F-250 (foreign used), a budget-friendly truck well suited to hauling and rough roads — a good fit for adventure seekers. Comes with all-wheel drive.",
F-250,Ford,1998,118500,254118,Gasoline,Manual,Truck,foreign_used,2,Gray,All-Wheel Drive,"1998 Ford F-250 (foreign used), a budget-friendly truck well suited to hauling and rough roads — a good fit for adventure seekers. Comes with all-wheel drive.",
F-250,Ford,1997,103500,280000,Gasoline,Manual,Truck,foreign_used,2,Yellow,All-Wheel Drive,"1997 Ford F-250 (foreign used), a budget-friendly truck well suited to hauling and rough roads — a good fit for adventure seekers. Comes with all-wheel drive.",
F-150 Heritage,Ford,2004,148000,267617,Gasoline,Manual,Truck,foreign_used,2,Black,,"2004 Ford F-150 Heritage (foreign used), a well-priced truck well suited to hauling and rough roads — a good fit for adventure seekers.",
F-150 SVT Lightning,Ford,1995,100500,280000,Gasoline,Automatic,Truck,local_used,2,White,,"1995 Ford F-150 SVT Lightning (locally used), a budget-friendly truck well suited to hauling and rough roads — a good fit for adventure seekers.",
Soul EV,Kia,2015,303500,157757,Electric,Automatic,Wagon,foreign_used,5,Gray,,"2015 Kia Soul EV (foreign used), a premium wagon well suited to family trips with plenty of cargo room — a good fit for family-oriented drivers. A electric powertrain keeps running costs low for eco-conscious drivers.",
Soul EV,Kia,2016,358000,94764,Electric,Automatic,Wagon,foreign_used,5,Gray,,"2016 Kia Soul EV (foreign used), a premium wagon well suited to family trips with plenty of cargo room — a good fit for family-oriented drivers. A electric powertrain keeps running costs low for eco-conscious drivers.",
Explorer Sport,Ford,2003,114500,280000,Gasoline,Automatic,SUV,foreign_used,7,Silver,,"2003 Ford Explorer Sport (foreign used), a budget-friendly suv well suited to family trips and weekend getaways — a good fit for family-oriented drivers.",
Explorer Sport,Ford,2002,111000,242987,Gasoline,Automatic,SUV,local_used,7,White,,"2002 Ford Explorer Sport (locally used), a budget-friendly suv well suited to family trips and weekend getaways — a good fit for family-oriented drivers.",
Explorer Sport,Ford,2001,118000,280000,Gasoline,Manual,SUV,foreign_used,7,Silver,All-Wheel Drive,"2001 Ford Explorer Sport (foreign used), a budget-friendly suv well suited to family trips and weekend getaways — a good fit for family-oriented drivers. Comes with all-wheel drive.",
Expedition,Ford,2017,278000,125229,Gasoline,Automatic,SUV,local_used,7,Black,All-Wheel Drive,"2017 Ford Expedition (locally used), a well-priced suv well suited to family trips and weekend getaways — a good fit for family-oriented drivers. Comes with all-wheel drive.",
Explorer Sport Trac,Ford,2008,187500,220406,Gasoline,Automatic,Truck,foreign_used,2,Black,All-Wheel Drive,"2008 Ford Explorer Sport Trac (foreign used), a well-priced truck well suited to hauling and rough roads — a good fit for adventure seekers. Comes with all-wheel drive.",
Soul,Kia,2015,263500,145876,Gasoline,Automatic,Wagon,foreign_used,5,Gray,,"2015 Kia Soul (foreign used), a well-priced wagon well suited to family trips with plenty of cargo room — a good fit for family-oriented drivers.",
Soul,Kia,2016,288000,108861,Gasoline,Automatic,Wagon,foreign_used,5,Gray,,"2016 Kia Soul (foreign used), a premium wagon well suited to family trips with plenty of cargo room — a good fit for family-oriented drivers.",
Soul,Kia,2014,266000,141924,Gasoline,Automatic,Wagon,local_used,5,White,,"2014 Kia Soul (locally used), a well-priced wagon well suited to family trips with plenty of cargo room — a good fit for family-oriented drivers.",
Expedition,Ford,2016,256500,139298,Gasoline,Automatic,SUV,foreign_used,7,Black,All-Wheel Drive,"2016 Ford Expedition (foreign used), a well-priced suv well suited to family trips and weekend getaways — a good fit for family-oriented drivers. Comes with all-wheel drive.",
Spectra,Kia,2007,91500,223356,Gasoline,Manual,Sedan,local_used,5,Black,,"2007 Kia Spectra (locally used), a budget-friendly sedan well suited to daily commuting and city driving — a good fit for urban professionals.",
Spirit,Dodge,1993,49500,280000,Gasoline,Automatic,Sedan,foreign_used,5,White,,"1993 Dodge Spirit (foreign used), a budget-friendly sedan well suited to daily commuting and city driving — a good fit for urban professionals.",
Spirit,Dodge,1994,57500,280000,Gasoline,Automatic,Sedan,foreign_used,5,Blue,,"1994 Dodge Spirit (foreign used), a budget-friendly sedan well suited to daily commuting and city driving — a good fit for urban professionals.",
Spirit,Dodge,1995,56000,280000,Gasoline,Automatic,Sedan,foreign_used,5,Red,,"1995 Dodge Spirit (foreign used), a budget-friendly sedan well suited to daily commuting and city driving — a good fit for urban professionals.",
Esteem,Suzuki,2001,72500,275281,Gasoline,Automatic,Sedan,local_used,5,Black,,"2001 Suzuki Esteem (locally used), a budget-friendly sedan well suited to daily commuting and city driving — a good fit for urban professionals.",
Spectra,Kia,2009,117500,170724,Gasoline,Manual,Sedan,foreign_used,5,Gray,,"2009 Kia Spectra (foreign used), a budget-friendly sedan well suited to daily commuting and city driving — a good fit for urban professionals.",
Spectra,Kia,2008,162000,238898,Gasoline,Automatic,Wagon,local_used,5,Red,,"2008 Kia Spectra (locally used), a well-priced wagon well suited to family trips with plenty of cargo room — a good fit for family-oriented drivers.",
Sportvan,Chevrolet,1995,91000,280000,Gasoline,Automatic,Wagon,local_used,5,Blue,,"1995 Chevrolet Sportvan (locally used), a budget-friendly wagon well suited to family trips with plenty of cargo room — a good fit for family-oriented drivers.",
Escort,Ford,2001,120000,240096,Gasoline,Manual,Coupe,local_used,4,White,,"2001 Ford Escort (locally used), a budget-friendly coupe well suited to weekend drives and spirited handling — a good fit for lifestyle-focused drivers.",
Escort,Ford,2002,122500,250542,Gasoline,Manual,Coupe,foreign_used,4,Red,,"2002 Ford Escort (foreign used), a budget-friendly coupe well suited to weekend drives and spirited handling — a good fit for lifestyle-focused drivers.",
EuroVan,Volkswagen,2003,146500,226592,Gasoline,Automatic,Wagon,foreign_used,5,Black,,"2003 Volkswagen EuroVan (foreign used), a well-priced wagon well suited to family trips with plenty of cargo room — a good fit for family-oriented drivers.",
Sportvan,Chevrolet,1994,95000,280000,Gasoline,Automatic,Wagon,local_used,5,Black,,"1994 Chevrolet Sportvan (locally used), a budget-friendly wagon well suited to family trips with plenty of cargo room — a good fit for family-oriented drivers.",
Esteem,Suzuki,2002,141000,280000,Gasoline,Automatic,Wagon,foreign_used,5,White,,"2002 Suzuki Esteem (foreign used), a budget-friendly wagon well suited to family trips with plenty of cargo room — a good fit for family-oriented drivers.",
EuroVan,Volkswagen,2001,151000,280000,Gasoline,Automatic,Wagon,foreign_used,5,Silver,,"2001 Volkswagen EuroVan (foreign used), a well-priced wagon well suited to family trips with plenty of cargo room — a good fit for family-oriented drivers.",
EuroVan,Volkswagen,2002,148500,280000,Gasoline,Automatic,Wagon,foreign_used,5,White,,"2002 Volkswagen EuroVan (foreign used), a well-priced wagon well suited to family trips with plenty of cargo room — a good fit for family-oriented drivers.",
Stanza,Nissan,1992,50000,280000,Gasoline,Manual,Sedan,foreign_used,5,Black,,"1992 Nissan Stanza (foreign used), a budget-friendly sedan well suited to daily commuting and city driving — a good fit for urban professionals.",
Equator,Suzuki,2011,234500,166714,Gasoline,Automatic,Truck,foreign_used,2,Black,All-Wheel Drive,"2011 Suzuki Equator (foreign used), a well-priced truck well suited to hauling and rough roads — a good fit for adventure seekers. Comes with all-wheel drive.",
Equator,Suzuki,2012,219000,196682,Gasoline,Manual,Truck,foreign_used,2,Blue,,"2012 Suzuki Equator (foreign used), a well-priced truck well suited to hauling and rough roads — a good fit for adventure seekers.",
Stanza,Nissan,1990,49000,280000,Gasoline,Manual,Sedan,foreign_used,5,Blue,,"1990 Nissan Stanza (foreign used), a budget-friendly sedan well suited to daily commuting and city driving — a good fit for urban professionals.",
Stanza,Nissan,1991,45500,280000,Gasoline,Manual,Sedan,foreign_used,5,Black,,"1991 Nissan Stanza (foreign used), a budget-friendly sedan well suited to daily commuting and city driving — a good fit for urban professionals.",
Escort,Ford,2003,122000,280000,Gasoline,Manual,Coupe,foreign_used,4,Blue,,"2003 Ford Escort (foreign used), a budget-friendly coupe well suited to weekend drives and spirited handling — a good fit for lifestyle-focused drivers.",
Estate Wagon,Buick,1990,86500,280000,Gasoline,Automatic,Wagon,foreign_used,5,Blue,,"1990 Buick Estate Wagon (foreign used), a budget-friendly wagon well suited to family trips with plenty of cargo room — a good fit for family-oriented drivers.",
Esteem,Suzuki,2000,64000,280000,Gasoline,Manual,Sedan,foreign_used,5,Gray,,"2000 Suzuki Esteem (foreign used), a budget-friendly sedan well suited to daily commuting and city driving — a good fit for urban professionals.",
Envoy,GMC,2009,192000,186161,Gasoline,Automatic,SUV,foreign_used,7,White,All-Wheel Drive,"2009 GMC Envoy (foreign used), a well-priced suv well suited to family trips and weekend getaways — a good fit for family-oriented drivers. Comes with all-wheel drive.",
Eos,Volkswagen,2014,399500,157416,Gasoline,Automatic,Convertible,foreign_used,4,Gray,,"2014 Volkswagen Eos (foreign used), a well-priced convertible well suited to weekend adventures and open-top cruising — a good fit for adventure seekers and luxury lovers.",
Envoy,GMC,2007,145000,178939,Gasoline,Automatic,SUV,foreign_used,7,Red,All-Wheel Drive,"2007 GMC Envoy (foreign used), a budget-friendly suv well suited to family trips and weekend getaways — a good fit for family-oriented drivers. Comes with all-wheel drive.",
Envoy,GMC,2008,186000,180887,Gasoline,Automatic,SUV,foreign_used,7,Gray,All-Wheel Drive,"2008 GMC Envoy (foreign used), a well-priced suv well suited to family trips and weekend getaways — a good fit for family-oriented drivers. Comes with all-wheel drive.",
Envoy XL,GMC,2004,131000,280000,Gasoline,Automatic,SUV,local_used,7,Black,,"2004 GMC Envoy XL (locally used), a budget-friendly suv well suited to family trips and weekend getaways — a good fit for family-oriented drivers.",
Envoy XL,GMC,2005,146500,217625,Gasoline,Automatic,SUV,foreign_used,7,Silver,,"2005 GMC Envoy XL (foreign used), a budget-friendly suv well suited to family trips and weekend getaways — a good fit for family-oriented drivers.",
Envoy XL,GMC,2006,135500,280000,Gasoline,Automatic,SUV,local_used,7,Gray,All-Wheel Drive,"2006 GMC Envoy XL (locally used), a budget-friendly suv well suited to family trips and weekend getaways — a good fit for family-oriented drivers. Comes with all-wheel drive.",
Suburban,GMC,1997,88500,280000,Gasoline,Automatic,SUV,foreign_used,7,Silver,All-Wheel Drive,"1997 GMC Suburban (foreign used), a budget-friendly suv well suited to family trips and weekend getaways — a good fit for family-oriented drivers. Comes with all-wheel drive.",
Suburban,GMC,1998,96000,280000,Gasoline,Automatic,SUV,foreign_used,7,White,,"1998 GMC Suburban (foreign used), a budget-friendly suv well suited to family trips and weekend getaways — a good fit for family-oriented drivers.",
Suburban,GMC,1999,102000,280000,Gasoline,Automatic,SUV,foreign_used,7,Black,,"1999 GMC Suburban (foreign used), a budget-friendly suv well suited to family trips and weekend getaways — a good fit for family-oriented drivers.",
Equator,Suzuki,2010,192000,193215,Gasoline,Automatic,Truck,foreign_used,2,Blue,All-Wheel Drive,"2010 Suzuki Equator (foreign used), a well-priced truck well suited to hauling and rough roads — a good fit for adventure seekers. Comes with all-wheel drive.",
Eos,Volkswagen,2015,434500,119151,Gasoline,Automatic,Convertible,foreign_used,4,Blue,,"2015 Volkswagen Eos (foreign used), a well-priced convertible well suited to weekend adventures and open-top cruising — a good fit for adventure seekers and luxury lovers.",
Eos,Volkswagen,2016,407500,102759,Gasoline,Automatic,Convertible,foreign_used,4,White,,"2016 Volkswagen Eos (foreign used), a well-priced convertible well suited to weekend adventures and open-top cruising — a good fit for adventure seekers and luxury lovers.",
Sunbird,Pontiac,1993,77000,280000,Gasoline,Manual,Coupe,foreign_used,4,Red,,"1993 Pontiac Sunbird (foreign used), a budget-friendly coupe well suited to weekend drives and spirited handling — a good fit for lifestyle-focused drivers.",
Sunbird,Pontiac,1994,54500,280000,Gasoline,Manual,Sedan,foreign_used,5,Black,,"1994 Pontiac Sunbird (foreign used), a budget-friendly sedan well suited to daily commuting and city driving — a good fit for urban professionals.",
Sunfire,Pontiac,2003,122500,280000,Gasoline,Manual,Coupe,foreign_used,4,Gray,,"2003 Pontiac Sunfire (foreign used), a budget-friendly coupe well suited to weekend drives and spirited handling — a good fit for lifestyle-focused drivers.",
Sunfire,Pontiac,2004,122000,280000,Gasoline,Manual,Coupe,local_used,4,Gray,,"2004 Pontiac Sunfire (locally used), a budget-friendly coupe well suited to weekend drives and spirited handling — a good fit for lifestyle-focused drivers.",
Entourage,Hyundai,2007,161500,270317,Gasoline,Automatic,Wagon,foreign_used,5,Blue,,"2007 Hyundai Entourage (foreign used), a well-priced wagon well suited to family trips with plenty of cargo room — a good fit for family-oriented drivers.",
Sunbird,Pontiac,1992,70500,280000,Gasoline,Manual,Coupe,foreign_used,4,Red,,"1992 Pontiac Sunbird (foreign used), a budget-friendly coupe well suited to weekend drives and spirited handling — a good fit for lifestyle-focused drivers.",
Envoy XUV,GMC,2005,120500,280000,Gasoline,Automatic,SUV,foreign_used,7,Black,All-Wheel Drive,"2005 GMC Envoy XUV (foreign used), a budget-friendly suv well suited to family trips and weekend getaways — a good fit for family-oriented drivers. Comes with all-wheel drive.",
Elantra,Hyundai,2015,175000,116179,Gasoline,Manual,Sedan,local_used,5,White,,"2015 Hyundai Elantra (locally used), a well-priced sedan well suited to daily commuting and city driving — a good fit for urban professionals.",
Sunfire,Pontiac,2005,120500,280000,Gasoline,Manual,Coupe,foreign_used,4,Gray,,"2005 Pontiac Sunfire (foreign used), a budget-friendly coupe well suited to weekend drives and spirited handling — a good fit for lifestyle-focused drivers.",
Entourage,Hyundai,2008,205500,234439,Gasoline,Automatic,Wagon,foreign_used,5,Gray,,"2008 Hyundai Entourage (foreign used), a well-priced wagon well suited to family trips with plenty of cargo room — a good fit for family-oriented drivers.",
Electra,Buick,1990,49500,280000,Gasoline,Automatic,Sedan,local_used,5,Gray,,"1990 Buick Electra (locally used), a budget-friendly sedan well suited to daily commuting and city driving — a good fit for urban professionals.",
T100,Toyota,1998,117500,270646,Gasoline,Manual,Truck,foreign_used,2,Black,,"1998 Toyota T100 (foreign used), a budget-friendly truck well suited to hauling and rough roads — a good fit for adventure seekers.",
Tacoma,Toyota,2015,299500,128506,Gasoline,Manual,Truck,foreign_used,2,Blue,All-Wheel Drive,"2015 Toyota Tacoma (foreign used), a premium truck well suited to hauling and rough roads — a good fit for adventure seekers. Comes with all-wheel drive.",
T100,Toyota,1996,113500,280000,Gasoline,Manual,Truck,local_used,2,White,,"1996 Toyota T100 (locally used), a budget-friendly truck well suited to hauling and rough roads — a good fit for adventure seekers.",
T100,Toyota,1997,103500,280000,Gasoline,Manual,Truck,foreign_used,2,White,All-Wheel Drive,"1997 Toyota T100 (foreign used), a budget-friendly truck well suited to hauling and rough roads — a good fit for adventure seekers. Comes with all-wheel drive.",
Tacoma,Toyota,2016,301000,122799,Gasoline,Automatic,Truck,foreign_used,2,Gray,,"2016 Toyota Tacoma (foreign used), a premium truck well suited to hauling and rough roads — a good fit for adventure seekers.",
Tacoma,Toyota,2017,363500,101542,Gasoline,Automatic,Truck,foreign_used,2,Silver,All-Wheel Drive,"2017 Toyota Tacoma (foreign used), a premium truck well suited to hauling and rough roads — a good fit for adventure seekers. Comes with all-wheel drive.",
Eighty-Eight,Oldsmobile,1999,72000,280000,Gasoline,Automatic,Sedan,foreign_used,5,Blue,,"1999 Oldsmobile Eighty-Eight (foreign used), a budget-friendly sedan well suited to daily commuting and city driving — a good fit for urban professionals.",
Elantra Coupe,Hyundai,2013,238500,125636,Gasoline,Automatic,Coupe,foreign_used,4,Black,,"2013 Hyundai Elantra Coupe (foreign used), a well-priced coupe well suited to weekend drives and spirited handling — a good fit for lifestyle-focused drivers.",
Elantra Coupe,Hyundai,2014,201500,138423,Gasoline,Automatic,Coupe,local_used,4,White,,"2014 Hyundai Elantra Coupe (locally used), a well-priced coupe well suited to weekend drives and spirited handling — a good fit for lifestyle-focused drivers.",
Eighty-Eight Royale,Oldsmobile,1995,60500,280000,Gasoline,Automatic,Sedan,foreign_used,5,Blue,,"1995 Oldsmobile Eighty-Eight Royale (foreign used), a budget-friendly sedan well suited to daily commuting and city driving — a good fit for urban professionals.",
Eighty-Eight,Oldsmobile,1997,63500,280000,Gasoline,Automatic,Sedan,local_used,5,Silver,,"1997 Oldsmobile Eighty-Eight (locally used), a budget-friendly sedan well suited to daily commuting and city driving — a good fit for urban professionals.",
Eighty-Eight,Oldsmobile,1998,63500,280000,Gasoline,Automatic,Sedan,local_used,5,White,,"1998 Oldsmobile Eighty-Eight (locally used), a budget-friendly sedan well suited to daily commuting and city driving — a good fit for urban professionals.",
Eighty-Eight Royale,Oldsmobile,1994,54500,280000,Gasoline,Automatic,Sedan,foreign_used,5,Gray,,"1994 Oldsmobile Eighty-Eight Royale (foreign used), a budget-friendly sedan well suited to daily commuting and city driving — a good fit for urban professionals.",
E-250,Ford,1996,105500,280000,Gasoline,Automatic,Wagon,foreign_used,5,Silver,,"1996 Ford E-250 (foreign used), a budget-friendly wagon well suited to family trips with plenty of cargo room — a good fit for family-oriented drivers.",
E-250,Ford,1997,115500,280000,Gasoline,Automatic,Wagon,foreign_used,5,Silver,,"1997 Ford E-250 (foreign used), a budget-friendly wagon well suited to family trips with plenty of cargo room — a good fit for family-oriented drivers.",
E-250,Ford,1998,115500,280000,Gasoline,Automatic,Wagon,local_used,5,Silver,,"1998 Ford E-250 (locally used), a budget-friendly wagon well suited to family trips with plenty of cargo room — a good fit for family-oriented drivers.",
ECHO,Toyota,2005,92000,280000,Gasoline,Automatic,Sedan,local_used,5,Blue,,"2005 Toyota ECHO (locally used), a budget-friendly sedan well suited to daily commuting and city driving — a good fit for urban professionals.",
Tahoe Limited/Z71,Chevrolet,2000,98000,280000,Gasoline,Automatic,SUV,foreign_used,7,Blue,All-Wheel Drive,"2000 Chevrolet Tahoe Limited/Z71 (foreign used), a budget-friendly suv well suited to family trips and weekend getaways — a good fit for family-oriented drivers. Comes with all-wheel drive.",
ECHO,Toyota,2003,117500,209485,Gasoline,Manual,Coupe,foreign_used,4,Gray,,"2003 Toyota ECHO (foreign used), a budget-friendly coupe well suited to weekend drives and spirited handling — a good fit for lifestyle-focused drivers.",
ECHO,Toyota,2004,76500,280000,Gasoline,Manual,Sedan,foreign_used,5,White,,"2004 Toyota ECHO (foreign used), a budget-friendly sedan well suited to daily commuting and city driving — a good fit for urban professionals.",
Eighty-Eight Royale,Oldsmobile,1993,49000,280000,Gasoline,Automatic,Sedan,local_used,5,Blue,,"1993 Oldsmobile Eighty-Eight Royale (locally used), a budget-friendly sedan well suited to daily commuting and city driving — a good fit for urban professionals.",
Diamante,Mitsubishi,2003,84500,249056,Gasoline,Automatic,Sedan,foreign_used,5,Gray,,"2003 Mitsubishi Diamante (foreign used), a budget-friendly sedan well suited to daily commuting and city driving — a good fit for urban professionals.",
Diamante,Mitsubishi,2004,85500,280000,Gasoline,Automatic,Sedan,foreign_used,5,Gray,,"2004 Mitsubishi Diamante (foreign used), a budget-friendly sedan well suited to daily commuting and city driving — a good fit for urban professionals.",
Dart,Dodge,2016,181500,106891,Gasoline,Automatic,Sedan,local_used,5,Black,,"2016 Dodge Dart (locally used), a well-priced sedan well suited to daily commuting and city driving — a good fit for urban professionals.",
E-150,Ford,1998,122500,280000,Gasoline,Automatic,Wagon,foreign_used,5,Blue,,"1998 Ford E-150 (foreign used), a budget-friendly wagon well suited to family trips with plenty of cargo room — a good fit for family-oriented drivers.",
Diamante,Mitsubishi,2002,78000,232212,Gasoline,Automatic,Sedan,foreign_used,5,Gray,,"2002 Mitsubishi Diamante (foreign used), a budget-friendly sedan well suited to daily commuting and city driving — a good fit for urban professionals.",
E-150,Ford,1996,97500,280000,Gasoline,Automatic,Wagon,foreign_used,5,White,,"1996 Ford E-150 (foreign used), a budget-friendly wagon well suited to family trips with plenty of cargo room — a good fit for family-oriented drivers.",
E-150,Ford,1997,102000,280000,Gasoline,Automatic,Wagon,foreign_used,5,Black,,"1997 Ford E-150 (foreign used), a budget-friendly wagon well suited to family trips with plenty of cargo room — a good fit for family-oriented drivers.",
Dynasty,Dodge,1991,50000,280000,Gasoline,Automatic,Sedan,foreign_used,5,Red,,"1991 Dodge Dynasty (foreign used), a budget-friendly sedan well suited to daily commuting and city driving — a good fit for urban professionals.",
Dynasty,Dodge,1992,48000,280000,Gasoline,Automatic,Sedan,local_used,5,White,,"1992 Dodge Dynasty (locally used), a budget-friendly sedan well suited to daily commuting and city driving — a good fit for urban professionals.",
Dynasty,Dodge,1993,50000,280000,Gasoline,Automatic,Sedan,foreign_used,5,Yellow,,"1993 Dodge Dynasty (foreign used), a budget-friendly sedan well suited to daily commuting and city driving — a good fit for urban professionals.",
Dart,Dodge,2014,158500,141751,Gasoline,Manual,Sedan,foreign_used,5,Gray,,"2014 Dodge Dart (foreign used), a well-priced sedan well suited to daily commuting and city driving — a good fit for urban professionals.",
Dart,Dodge,2015,172000,118884,Gasoline,Manual,Sedan,foreign_used,5,Silver,,"2015 Dodge Dart (foreign used), a well-priced sedan well suited to daily commuting and city driving — a good fit for urban professionals.",
Tercel,Toyota,1996,83500,280000,Gasoline,Manual,Coupe,foreign_used,4,Black,,"1996 Toyota Tercel (foreign used), a budget-friendly coupe well suited to weekend drives and spirited handling — a good fit for lifestyle-focused drivers.",
Tercel,Toyota,1997,93500,280000,Gasoline,Manual,Coupe,foreign_used,4,Black,,"1997 Toyota Tercel (foreign used), a budget-friendly coupe well suited to weekend drives and spirited handling — a good fit for lifestyle-focused drivers.",
Tercel,Toyota,1998,96500,280000,Gasoline,Manual,Coupe,local_used,4,Red,,"1998 Toyota Tercel (locally used), a budget-friendly coupe well suited to weekend drives and spirited handling — a good fit for lifestyle-focused drivers.",
Tempo,Ford,1992,80500,280000,Gasoline,Manual,Coupe,local_used,4,Black,,"1992 Ford Tempo (locally used), a budget-friendly coupe well suited to weekend drives and spirited handling — a good fit for lifestyle-focused drivers.",
Tempo,Ford,1993,79500,280000,Gasoline,Manual,Coupe,foreign_used,4,Gray,,"1993 Ford Tempo (foreign used), a budget-friendly coupe well suited to weekend drives and spirited handling — a good fit for lifestyle-focused drivers.",
Tempo,Ford,1994,52000,280000,Gasoline,Manual,Sedan,foreign_used,5,Black,,"1994 Ford Tempo (foreign used), a budget-friendly sedan well suited to daily commuting and city driving — a good fit for urban professionals.",
Terraza,Buick,2005,178000,280000,Gasoline,Automatic,Wagon,foreign_used,5,White,,"2005 Buick Terraza (foreign used), a well-priced wagon well suited to family trips with plenty of cargo room — a good fit for family-oriented drivers.",
Terraza,Buick,2006,182500,260137,Gasoline,Automatic,Wagon,local_used,5,White,All-Wheel Drive,"2006 Buick Terraza (locally used), a well-priced wagon well suited to family trips with plenty of cargo room — a good fit for family-oriented drivers. Comes with all-wheel drive.",
Dakota,Dodge,2008,167000,226068,Gasoline,Automatic,Truck,foreign_used,2,Silver,,"2008 Dodge Dakota (foreign used), a well-priced truck well suited to hauling and rough roads — a good fit for adventure seekers.",
Cutlass Ciera,Oldsmobile,1992,86000,280000,Gasoline,Automatic,Wagon,local_used,5,Yellow,,"1992 Oldsmobile Cutlass Ciera (locally used), a budget-friendly wagon well suited to family trips with plenty of cargo room — a good fit for family-oriented drivers.",
Cutlass Ciera,Oldsmobile,1993,54000,280000,Gasoline,Automatic,Sedan,foreign_used,5,Black,,"1993 Oldsmobile Cutlass Ciera (foreign used), a budget-friendly sedan well suited to daily commuting and city driving — a good fit for urban professionals.",
Cutlass Ciera,Oldsmobile,1994,54500,280000,Gasoline,Automatic,Sedan,local_used,5,Black,,"1994 Oldsmobile Cutlass Ciera (locally used), a budget-friendly sedan well suited to daily commuting and city driving — a good fit for urban professionals.",
Cutlass Calais,Oldsmobile,1991,47000,280000,Gasoline,Automatic,Sedan,local_used,5,Black,,"1991 Oldsmobile Cutlass Calais (locally used), a budget-friendly sedan well suited to daily commuting and city driving — a good fit for urban professionals.",
Cutlass,Oldsmobile,1999,69000,280000,Gasoline,Automatic,Sedan,local_used,5,Silver,,"1999 Oldsmobile Cutlass (locally used), a budget-friendly sedan well suited to daily commuting and city driving — a good fit for urban professionals.",
Custom Cruiser,Oldsmobile,1990,72500,280000,Gasoline,Automatic,Wagon,foreign_used,5,Black,,"1990 Oldsmobile Custom Cruiser (foreign used), a budget-friendly wagon well suited to family trips with plenty of cargo room — a good fit for family-oriented drivers.",
Custom Cruiser,Oldsmobile,1991,89000,280000,Gasoline,Automatic,Wagon,foreign_used,5,Blue,,"1991 Oldsmobile Custom Cruiser (foreign used), a budget-friendly wagon well suited to family trips with plenty of cargo room — a good fit for family-oriented drivers.",
Custom Cruiser,Oldsmobile,1992,82000,280000,Gasoline,Automatic,Wagon,foreign_used,5,Silver,,"1992 Oldsmobile Custom Cruiser (foreign used), a budget-friendly wagon well suited to family trips with plenty of cargo room — a good fit for family-oriented drivers.",
Cutlass Calais,Oldsmobile,1990,43000,280000,Gasoline,Manual,Sedan,local_used,5,Silver,,"1990 Oldsmobile Cutlass Calais (locally used), a budget-friendly sedan well suited to daily commuting and city driving — a good fit for urban professionals.",
Cube,Nissan,2012,218500,169801,Gasoline,Manual,Wagon,foreign_used,5,White,,"2012 Nissan Cube (foreign used), a well-priced wagon well suited to family trips with plenty of cargo room — a good fit for family-oriented drivers.",
Cube,Nissan,2013,267500,121964,Gasoline,Manual,Wagon,local_used,5,Orange,,"2013 Nissan Cube (locally used), a premium wagon well suited to family trips with plenty of cargo room — a good fit for family-oriented drivers.",
Cube,Nissan,2014,244000,167859,Gasoline,Automatic,Wagon,local_used,5,Black,,"2014 Nissan Cube (locally used), a well-priced wagon well suited to family trips with plenty of cargo room — a good fit for family-oriented drivers.",
Cutlass Supreme,Oldsmobile,1997,92500,280000,Gasoline,Automatic,Coupe,foreign_used,4,White,,"1997 Oldsmobile Cutlass Supreme (foreign used), a budget-friendly coupe well suited to weekend drives and spirited handling — a good fit for lifestyle-focused drivers.",
Cutlass,Oldsmobile,1997,59000,280000,Gasoline,Automatic,Sedan,local_used,5,Gray,,"1997 Oldsmobile Cutlass (locally used), a budget-friendly sedan well suited to daily commuting and city driving — a good fit for urban professionals.",
Cutlass,Oldsmobile,1998,68000,267768,Gasoline,Automatic,Sedan,foreign_used,5,Silver,,"1998 Oldsmobile Cutlass (foreign used), a budget-friendly sedan well suited to daily commuting and city driving — a good fit for urban professionals.",
Cutlass Supreme,Oldsmobile,1995,89500,280000,Gasoline,Automatic,Coupe,foreign_used,4,Black,,"1995 Oldsmobile Cutlass Supreme (foreign used), a budget-friendly coupe well suited to weekend drives and spirited handling — a good fit for lifestyle-focused drivers.",
Cutlass Supreme,Oldsmobile,1996,57500,280000,Gasoline,Automatic,Sedan,foreign_used,5,Black,,"1996 Oldsmobile Cutlass Supreme (foreign used), a budget-friendly sedan well suited to daily commuting and city driving — a good fit for urban professionals.",
Cruze,Chevrolet,2016,165000,139757,Gasoline,Manual,Sedan,foreign_used,5,Blue,,"2016 Chevrolet Cruze (foreign used), a well-priced sedan well suited to daily commuting and city driving — a good fit for urban professionals.",
Titan,Nissan,2017,325500,128465,Gasoline,Automatic,Truck,local_used,2,White,All-Wheel Drive,"2017 Nissan Titan (locally used), a premium truck well suited to hauling and rough roads — a good fit for adventure seekers. Comes with all-wheel drive.",
Cruze Limited,Chevrolet,2016,177000,124306,Gasoline,Automatic,Sedan,foreign_used,5,Blue,,"2016 Chevrolet Cruze Limited (foreign used), a well-priced sedan well suited to daily commuting and city driving — a good fit for urban professionals.",
Corolla,Toyota,2015,163000,133151,Gasoline,Manual,Sedan,foreign_used,5,Gray,,"2015 Toyota Corolla (foreign used), a well-priced sedan well suited to daily commuting and city driving — a good fit for urban professionals.",
Corolla,Toyota,2016,171000,115826,Gasoline,Automatic,Sedan,foreign_used,5,Black,,"2016 Toyota Corolla (foreign used), a well-priced sedan well suited to daily commuting and city driving — a good fit for urban professionals.",
Corolla,Toyota,2017,194000,98115,Gasoline,Automatic,Sedan,local_used,5,Black,,"2017 Toyota Corolla (locally used), a well-priced sedan well suited to daily commuting and city driving — a good fit for urban professionals.",
Corsica,Chevrolet,1994,58500,280000,Gasoline,Automatic,Sedan,foreign_used,5,Black,,"1994 Chevrolet Corsica (foreign used), a budget-friendly sedan well suited to daily commuting and city driving — a good fit for urban professionals.",
Corsica,Chevrolet,1996,57000,280000,Gasoline,Automatic,Sedan,local_used,5,Gray,,"1996 Chevrolet Corsica (locally used), a budget-friendly sedan well suited to daily commuting and city driving — a good fit for urban professionals.",
Cressida,Toyota,1990,46500,280000,Gasoline,Automatic,Sedan,foreign_used,5,Silver,,"1990 Toyota Cressida (foreign used), a budget-friendly sedan well suited to daily commuting and city driving — a good fit for urban professionals.",
Cressida,Toyota,1991,45500,280000,Gasoline,Automatic,Sedan,foreign_used,5,Black,,"1991 Toyota Cressida (foreign used), a budget-friendly sedan well suited to daily commuting and city driving — a good fit for urban professionals.",
Cressida,Toyota,1992,50500,280000,Gasoline,Automatic,Sedan,foreign_used,5,Silver,,"1992 Toyota Cressida (foreign used), a budget-friendly sedan well suited to daily commuting and city driving — a good fit for urban professionals.",
Contour,Ford,2000,75500,280000,Gasoline,Manual,Sedan,foreign_used,5,Orange,,"2000 Ford Contour (foreign used), a budget-friendly sedan well suited to daily commuting and city driving — a good fit for urban professionals.",
Toronado,Oldsmobile,1990,68000,280000,Gasoline,Automatic,Coupe,local_used,4,Black,,"1990 Oldsmobile Toronado (locally used), a budget-friendly coupe well suited to weekend drives and spirited handling — a good fit for lifestyle-focused drivers.",
Toronado,Oldsmobile,1991,70500,280000,Gasoline,Automatic,Coupe,foreign_used,4,Red,,"1991 Oldsmobile Toronado (foreign used), a budget-friendly coupe well suited to weekend drives and spirited handling — a good fit for lifestyle-focused drivers.",
Toronado,Oldsmobile,1992,77500,280000,Gasoline,Automatic,Coupe,local_used,4,Black,,"1992 Oldsmobile Toronado (locally used), a budget-friendly coupe well suited to weekend drives and spirited handling — a good fit for lifestyle-focused drivers.",
Colt,Plymouth,1993,85000,280000,Gasoline,Manual,Coupe,foreign_used,4,White,,"1993 Plymouth Colt (foreign used), a budget-friendly coupe well suited to weekend drives and spirited handling — a good fit for lifestyle-focused drivers.",
Contour,Ford,1998,59000,280000,Gasoline,Manual,Sedan,foreign_used,5,White,,"1998 Ford Contour (foreign used), a budget-friendly sedan well suited to daily commuting and city driving — a good fit for urban professionals.",
Contour,Ford,1999,66000,259884,Gasoline,Manual,Sedan,local_used,5,Black,,"1999 Ford Contour (locally used), a budget-friendly sedan well suited to daily commuting and city driving — a good fit for urban professionals.",
Colt,Dodge,1993,74000,280000,Gasoline,Manual,Coupe,local_used,4,White,,"1993 Dodge Colt (locally used), a budget-friendly coupe well suited to weekend drives and spirited handling — a good fit for lifestyle-focused drivers.",
Colt,Dodge,1994,58500,280000,Gasoline,Manual,Sedan,foreign_used,5,White,,"1994 Dodge Colt (foreign used), a budget-friendly sedan well suited to daily commuting and city driving — a good fit for urban professionals.",
Colt,Plymouth,1994,88000,280000,Gasoline,Manual,Wagon,foreign_used,5,Red,All-Wheel Drive,"1994 Plymouth Colt (foreign used), a budget-friendly wagon well suited to family trips with plenty of cargo room — a good fit for family-oriented drivers. Comes with all-wheel drive.",
TrailBlazer EXT,Chevrolet,2004,133500,280000,Gasoline,Automatic,SUV,foreign_used,7,Blue,All-Wheel Drive,"2004 Chevrolet TrailBlazer EXT (foreign used), a budget-friendly suv well suited to family trips and weekend getaways — a good fit for family-oriented drivers. Comes with all-wheel drive.",
TrailBlazer EXT,Chevrolet,2005,127500,264682,Gasoline,Automatic,SUV,foreign_used,7,Gray,All-Wheel Drive,"2005 Chevrolet TrailBlazer EXT (foreign used), a budget-friendly suv well suited to family trips and weekend getaways — a good fit for family-oriented drivers. Comes with all-wheel drive.",
Tracker,Chevrolet,2003,104000,280000,Gasoline,Manual,SUV,local_used,7,White,All-Wheel Drive,"2003 Chevrolet Tracker (locally used), a budget-friendly suv well suited to family trips and weekend getaways — a good fit for family-oriented drivers. Comes with all-wheel drive.",
Tracker,Chevrolet,2004,126000,264827,Gasoline,Automatic,SUV,local_used,7,White,All-Wheel Drive,"2004 Chevrolet Tracker (locally used), a budget-friendly suv well suited to family trips and weekend getaways — a good fit for family-oriented drivers. Comes with all-wheel drive.",
Tracker,Chevrolet,2002,98500,280000,Gasoline,Automatic,SUV,foreign_used,7,White,All-Wheel Drive,"2002 Chevrolet Tracker (foreign used), a budget-friendly suv well suited to family trips and weekend getaways — a good fit for family-oriented drivers. Comes with all-wheel drive.",
Trans Sport,Pontiac,1996,102000,280000,Gasoline,Automatic,Wagon,local_used,5,Gray,,"1996 Pontiac Trans Sport (locally used), a budget-friendly wagon well suited to family trips with plenty of cargo room — a good fit for family-oriented drivers.",
Trans Sport,Pontiac,1997,96500,280000,Gasoline,Automatic,Wagon,foreign_used,5,Red,,"1997 Pontiac Trans Sport (foreign used), a budget-friendly wagon well suited to family trips with plenty of cargo room — a good fit for family-oriented drivers.",
Trans Sport,Pontiac,1998,110500,280000,Gasoline,Automatic,Wagon,foreign_used,5,Black,,"1998 Pontiac Trans Sport (foreign used), a budget-friendly wagon well suited to family trips with plenty of cargo room — a good fit for family-oriented drivers.",
Transit Connect,Ford,2015,293000,130185,Gasoline,Automatic,Wagon,foreign_used,5,White,,"2015 Ford Transit Connect (foreign used), a premium wagon well suited to family trips with plenty of cargo room — a good fit for family-oriented drivers.",
TrailBlazer EXT,Chevrolet,2006,143500,185478,Gasoline,Automatic,SUV,foreign_used,7,Silver,,"2006 Chevrolet TrailBlazer EXT (foreign used), a budget-friendly suv well suited to family trips and weekend getaways — a good fit for family-oriented drivers.",
Transit Connect,Ford,2016,299000,98401,Gasoline,Automatic,Wagon,foreign_used,5,Black,,"2016 Ford Transit Connect (foreign used), a premium wagon well suited to family trips with plenty of cargo room — a good fit for family-oriented drivers.",
Transit Connect,Ford,2017,317500,95948,Gasoline,Automatic,Wagon,foreign_used,5,Black,,"2017 Ford Transit Connect (foreign used), a premium wagon well suited to family trips with plenty of cargo room — a good fit for family-oriented drivers.",
Colorado,Chevrolet,2015,276000,163121,Gasoline,Automatic,Truck,foreign_used,2,Silver,,"2015 Chevrolet Colorado (foreign used), a premium truck well suited to hauling and rough roads — a good fit for adventure seekers.",
C/K 1500 Series,Chevrolet,1998,122000,280000,Gasoline,Manual,Truck,foreign_used,2,Gray,,"1998 Chevrolet C/K 1500 Series (foreign used), a budget-friendly truck well suited to hauling and rough roads — a good fit for adventure seekers.",
C/K 2500 Series,Chevrolet,1998,116500,280000,Gasoline,Manual,Truck,local_used,2,White,,"1998 Chevrolet C/K 2500 Series (locally used), a budget-friendly truck well suited to hauling and rough roads — a good fit for adventure seekers.",
C/K 1500 Series,Chevrolet,1997,114000,280000,Gasoline,Manual,Truck,foreign_used,2,White,All-Wheel Drive,"1997 Chevrolet C/K 1500 Series (foreign used), a budget-friendly truck well suited to hauling and rough roads — a good fit for adventure seekers. Comes with all-wheel drive.",
Classic,Chevrolet,2004,80500,278623,Gasoline,Automatic,Sedan,foreign_used,5,Orange,,"2004 Chevrolet Classic (foreign used), a budget-friendly sedan well suited to daily commuting and city driving — a good fit for urban professionals.",
Classic,Chevrolet,2005,84500,224366,Gasoline,Automatic,Sedan,local_used,5,White,,"2005 Chevrolet Classic (locally used), a budget-friendly sedan well suited to daily commuting and city driving — a good fit for urban professionals.",
C/K 1500 Series,Chevrolet,1999,114500,276533,Gasoline,Automatic,Truck,local_used,2,White,All-Wheel Drive,"1999 Chevrolet C/K 1500 Series (locally used), a budget-friendly truck well suited to hauling and rough roads — a good fit for adventure seekers. Comes with all-wheel drive.",
Truck,Mazda,2002,131000,280000,Gasoline,Manual,Truck,local_used,2,White,,"2002 Mazda Truck (locally used), a budget-friendly truck well suited to hauling and rough roads — a good fit for adventure seekers.",
Civic,Honda,2016,249500,90330,Gasoline,Manual,Coupe,foreign_used,4,White,,"2016 Honda Civic (foreign used), a well-priced coupe well suited to weekend drives and spirited handling — a good fit for lifestyle-focused drivers.",
Truck,Nissan,1995,102500,280000,Gasoline,Manual,Truck,foreign_used,2,Black,All-Wheel Drive,"1995 Nissan Truck (foreign used), a budget-friendly truck well suited to hauling and rough roads — a good fit for adventure seekers. Comes with all-wheel drive.",
Truck,Nissan,1996,103000,280000,Gasoline,Manual,Truck,foreign_used,2,Blue,,"1996 Nissan Truck (foreign used), a budget-friendly truck well suited to hauling and rough roads — a good fit for adventure seekers.",
Truck,Mazda,2003,164000,212068,Gasoline,Manual,Truck,foreign_used,2,Black,All-Wheel Drive,"2003 Mazda Truck (foreign used), a well-priced truck well suited to hauling and rough roads — a good fit for adventure seekers. Comes with all-wheel drive.",
Chevy Van,Chevrolet,1997,100500,279796,Gasoline,Automatic,Wagon,local_used,5,Black,,"1997 Chevrolet Chevy Van (locally used), a budget-friendly wagon well suited to family trips with plenty of cargo room — a good fit for family-oriented drivers.",
Chevy Van,Chevrolet,1998,118500,280000,Gasoline,Automatic,Wagon,foreign_used,5,Gray,,"1998 Chevrolet Chevy Van (foreign used), a budget-friendly wagon well suited to family trips with plenty of cargo room — a good fit for family-oriented drivers.",
Ciera,Oldsmobile,1995,105500,280000,Gasoline,Automatic,Wagon,foreign_used,5,Silver,,"1995 Oldsmobile Ciera (foreign used), a budget-friendly wagon well suited to family trips with plenty of cargo room — a good fit for family-oriented drivers.",
Ciera,Oldsmobile,1996,61500,280000,Gasoline,Automatic,Sedan,foreign_used,5,Blue,,"1996 Oldsmobile Ciera (foreign used), a budget-friendly sedan well suited to daily commuting and city driving — a good fit for urban professionals.",
Cirrus,Chrysler,1998,64500,280000,Gasoline,Automatic,Sedan,foreign_used,5,Blue,,"1998 Chrysler Cirrus (foreign used), a budget-friendly sedan well suited to daily commuting and city driving — a good fit for urban professionals.",
Truck,Nissan,1997,105500,280000,Gasoline,Manual,Truck,local_used,2,White,All-Wheel Drive,"1997 Nissan Truck (locally used), a budget-friendly truck well suited to hauling and rough roads — a good fit for adventure seekers. Comes with all-wheel drive.",
Chevy Van,Chevrolet,1996,93500,280000,Gasoline,Automatic,Wagon,foreign_used,5,Gray,,"1996 Chevrolet Chevy Van (foreign used), a budget-friendly wagon well suited to family trips with plenty of cargo room — a good fit for family-oriented drivers.",
Celebrity,Chevrolet,1990,77500,280000,Gasoline,Automatic,Wagon,foreign_used,5,Silver,,"1990 Chevrolet Celebrity (foreign used), a budget-friendly wagon well suited to family trips with plenty of cargo room — a good fit for family-oriented drivers.",
Cavalier,Chevrolet,2003,86500,219019,Gasoline,Manual,Sedan,foreign_used,5,Orange,,"2003 Chevrolet Cavalier (foreign used), a budget-friendly sedan well suited to daily commuting and city driving — a good fit for urban professionals.",
Century,Buick,2003,76500,280000,Gasoline,Automatic,Sedan,foreign_used,5,Silver,,"2003 Buick Century (foreign used), a budget-friendly sedan well suited to daily commuting and city driving — a good fit for urban professionals.",
Century,Buick,2004,84500,213027,Gasoline,Automatic,Sedan,foreign_used,5,Orange,,"2004 Buick Century (foreign used), a budget-friendly sedan well suited to daily commuting and city driving — a good fit for urban professionals.",
Century,Buick,2005,93500,232498,Gasoline,Automatic,Sedan,foreign_used,5,Gray,,"2005 Buick Century (foreign used), a budget-friendly sedan well suited to daily commuting and city driving — a good fit for urban professionals.",
Cirrus,Chrysler,1999,74500,280000,Gasoline,Automatic,Sedan,foreign_used,5,Black,,"1999 Chrysler Cirrus (foreign used), a budget-friendly sedan well suited to daily commuting and city driving — a good fit for urban professionals.",
Cirrus,Chrysler,2000,72500,280000,Gasoline,Automatic,Sedan,local_used,5,Silver,,"2000 Chrysler Cirrus (locally used), a budget-friendly sedan well suited to daily commuting and city driving — a good fit for urban professionals.",
City Express,Chevrolet,2015,290500,131574,Gasoline,Automatic,Wagon,local_used,5,Orange,,"2015 Chevrolet City Express (locally used), a premium wagon well suited to family trips with plenty of cargo room — a good fit for family-oriented drivers.",
City Express,Chevrolet,2016,278500,132136,Gasoline,Automatic,Wagon,local_used,5,Blue,,"2016 Chevrolet City Express (locally used), a premium wagon well suited to family trips with plenty of cargo room — a good fit for family-oriented drivers.",
City Express,Chevrolet,2017,265000,134612,Gasoline,Automatic,Wagon,local_used,5,White,,"2017 Chevrolet City Express (locally used), a well-priced wagon well suited to family trips with plenty of cargo room — a good fit for family-oriented drivers.",
Cavalier,Chevrolet,2005,90500,205568,Gasoline,Manual,Sedan,foreign_used,5,Gray,,"2005 Chevrolet Cavalier (foreign used), a budget-friendly sedan well suited to daily commuting and city driving — a good fit for urban professionals.",
Cavalier,Chevrolet,2004,129500,234265,Gasoline,Manual,Coupe,foreign_used,4,Black,,"2004 Chevrolet Cavalier (foreign used), a budget-friendly coupe well suited to weekend drives and spirited handling — a good fit for lifestyle-focused drivers.",
Caprice,Chevrolet,1996,66000,280000,Gasoline,Automatic,Sedan,foreign_used,5,White,,"1996 Chevrolet Caprice (foreign used), a budget-friendly sedan well suited to daily commuting and city driving — a good fit for urban professionals.",
Cascada,Buick,2016,388000,115310,Gasoline,Automatic,Convertible,local_used,4,Black,,"2016 Buick Cascada (locally used), a well-priced convertible well suited to weekend adventures and open-top cruising — a good fit for adventure seekers and luxury lovers.",
Cascada,Buick,2017,453000,103195,Gasoline,Automatic,Convertible,local_used,4,White,,"2017 Buick Cascada (locally used), a well-priced convertible well suited to weekend adventures and open-top cruising — a good fit for adventure seekers and luxury lovers.",
Caprice,Chevrolet,1995,56500,280000,Gasoline,Automatic,Sedan,local_used,5,Blue,,"1995 Chevrolet Caprice (locally used), a budget-friendly sedan well suited to daily commuting and city driving — a good fit for urban professionals.",
Canyon,GMC,2015,293500,146126,Gasoline,Automatic,Truck,foreign_used,2,Black,All-Wheel Drive,"2015 GMC Canyon (foreign used), a premium truck well suited to hauling and rough roads — a good fit for adventure seekers. Comes with all-wheel drive.",
Caprice,Chevrolet,1994,86500,280000,Gasoline,Automatic,Wagon,local_used,5,Blue,,"1994 Chevrolet Caprice (locally used), a budget-friendly wagon well suited to family trips with plenty of cargo room — a good fit for family-oriented drivers.",
Canyon,GMC,2012,237000,151987,Gasoline,Automatic,Truck,foreign_used,2,White,,"2012 GMC Canyon (foreign used), a well-priced truck well suited to hauling and rough roads — a good fit for adventure seekers.",
Uplander,Chevrolet,2006,173000,278855,Gasoline,Automatic,Wagon,foreign_used,5,Black,,"2006 Chevrolet Uplander (foreign used), a well-priced wagon well suited to family trips with plenty of cargo room — a good fit for family-oriented drivers.",
Camry Solara,Toyota,2007,142500,279877,Gasoline,Automatic,Coupe,foreign_used,4,Black,,"2007 Toyota Camry Solara (foreign used), a budget-friendly coupe well suited to weekend drives and spirited handling — a good fit for lifestyle-focused drivers.",
Camry Solara,Toyota,2008,236500,250689,Gasoline,Automatic,Convertible,foreign_used,4,White,,"2008 Toyota Camry Solara (foreign used), a budget-friendly convertible well suited to weekend adventures and open-top cruising — a good fit for adventure seekers and luxury lovers.",
Camry Solara,Toyota,2006,154500,180188,Gasoline,Automatic,Coupe,foreign_used,4,White,,"2006 Toyota Camry Solara (foreign used), a budget-friendly coupe well suited to weekend drives and spirited handling — a good fit for lifestyle-focused drivers.",
Caliber,Dodge,2011,193000,192276,Gasoline,Automatic,Wagon,foreign_used,5,White,,"2011 Dodge Caliber (foreign used), a well-priced wagon well suited to family trips with plenty of cargo room — a good fit for family-oriented drivers.",
Caliber,Dodge,2012,241500,130295,Gasoline,Manual,Wagon,foreign_used,5,Silver,,"2012 Dodge Caliber (foreign used), a well-priced wagon well suited to family trips with plenty of cargo room — a good fit for family-oriented drivers.",
Caliber,Dodge,2010,221000,168730,Gasoline,Automatic,Wagon,foreign_used,5,Black,,"2010 Dodge Caliber (foreign used), a well-priced wagon well suited to family trips with plenty of cargo room — a good fit for family-oriented drivers.",
Bronco II,Ford,1990,73000,280000,Gasoline,Manual,SUV,local_used,7,Black,All-Wheel Drive,"1990 Ford Bronco II (locally used), a budget-friendly suv well suited to family trips and weekend getaways — a good fit for family-oriented drivers. Comes with all-wheel drive.",
Bronco,Ford,1994,79000,280000,Gasoline,Manual,SUV,foreign_used,7,Black,All-Wheel Drive,"1994 Ford Bronco (foreign used), a budget-friendly suv well suited to family trips and weekend getaways — a good fit for family-oriented drivers. Comes with all-wheel drive.",
Cabrio,Volkswagen,2002,195000,280000,Gasoline,Automatic,Convertible,foreign_used,4,Blue,,"2002 Volkswagen Cabrio (foreign used), a budget-friendly convertible well suited to weekend adventures and open-top cruising — a good fit for adventure seekers and luxury lovers.",
Cabrio,Volkswagen,2000,194000,251860,Gasoline,Manual,Convertible,local_used,4,Red,,"2000 Volkswagen Cabrio (locally used), a budget-friendly convertible well suited to weekend adventures and open-top cruising — a good fit for adventure seekers and luxury lovers.",
Cabrio,Volkswagen,2001,188500,280000,Gasoline,Manual,Convertible,local_used,4,Silver,,"2001 Volkswagen Cabrio (locally used), a budget-friendly convertible well suited to weekend adventures and open-top cruising — a good fit for adventure seekers and luxury lovers.",
Cabriolet,Volkswagen,1991,128000,280000,Gasoline,Manual,Convertible,foreign_used,4,Black,,"1991 Volkswagen Cabriolet (foreign used), a budget-friendly convertible well suited to weekend adventures and open-top cruising — a good fit for adventure seekers and luxury lovers.",
Cabriolet,Volkswagen,1992,125500,280000,Gasoline,Manual,Convertible,foreign_used,4,White,,"1992 Volkswagen Cabriolet (foreign used), a budget-friendly convertible well suited to weekend adventures and open-top cruising — a good fit for adventure seekers and luxury lovers.",
Cabriolet,Volkswagen,1993,145000,280000,Gasoline,Manual,Convertible,foreign_used,4,Red,,"1993 Volkswagen Cabriolet (foreign used), a budget-friendly convertible well suited to weekend adventures and open-top cruising — a good fit for adventure seekers and luxury lovers.",
Vandura,GMC,1995,100000,280000,Gasoline,Automatic,Wagon,foreign_used,5,White,,"1995 GMC Vandura (foreign used), a budget-friendly wagon well suited to family trips with plenty of cargo room — a good fit for family-oriented drivers.",
Van,Nissan,1990,85500,280000,Gasoline,Automatic,Wagon,foreign_used,5,Black,,"1990 Nissan Van (foreign used), a budget-friendly wagon well suited to family trips with plenty of cargo room — a good fit for family-oriented drivers.",
Borrego,Kia,2009,191500,160243,Gasoline,Automatic,SUV,local_used,7,Black,,"2009 Kia Borrego (locally used), a well-priced suv well suited to family trips and weekend getaways — a good fit for family-oriented drivers.",
Vanagon,Volkswagen,1991,79500,280000,Gasoline,Manual,Wagon,foreign_used,5,Black,,"1991 Volkswagen Vanagon (foreign used), a budget-friendly wagon well suited to family trips with plenty of cargo room — a good fit for family-oriented drivers.",
Vandura,GMC,1994,99500,280000,Gasoline,Automatic,Wagon,local_used,5,White,,"1994 GMC Vandura (locally used), a budget-friendly wagon well suited to family trips with plenty of cargo room — a good fit for family-oriented drivers.",
Vanagon,Volkswagen,1990,85000,280000,Gasoline,Automatic,Wagon,local_used,5,Blue,,"1990 Volkswagen Vanagon (locally used), a budget-friendly wagon well suited to family trips with plenty of cargo room — a good fit for family-oriented drivers.",
Bronco,Ford,1995,81000,280000,Gasoline,Manual,SUV,local_used,7,White,All-Wheel Drive,"1995 Ford Bronco (locally used), a budget-friendly suv well suited to family trips and weekend getaways — a good fit for family-oriented drivers. Comes with all-wheel drive.",
Bronco,Ford,1996,81000,280000,Gasoline,Manual,SUV,foreign_used,7,Silver,All-Wheel Drive,"1996 Ford Bronco (foreign used), a budget-friendly suv well suited to family trips and weekend getaways — a good fit for family-oriented drivers. Comes with all-wheel drive.",
Vanwagon,Mitsubishi,1990,72500,280000,Gasoline,Automatic,Wagon,local_used,5,White,,"1990 Mitsubishi Vanwagon (locally used), a budget-friendly wagon well suited to family trips with plenty of cargo room — a good fit for family-oriented drivers.",
Venture,Chevrolet,2003,166000,280000,Gasoline,Automatic,Wagon,foreign_used,5,White,All-Wheel Drive,"2003 Chevrolet Venture (foreign used), a well-priced wagon well suited to family trips with plenty of cargo room — a good fit for family-oriented drivers. Comes with all-wheel drive.",
Breeze,Plymouth,1998,63000,253702,Gasoline,Manual,Sedan,foreign_used,5,Red,,"1998 Plymouth Breeze (foreign used), a budget-friendly sedan well suited to daily commuting and city driving — a good fit for urban professionals.",
Breeze,Plymouth,1999,68000,280000,Gasoline,Manual,Sedan,foreign_used,5,White,,"1999 Plymouth Breeze (foreign used), a budget-friendly sedan well suited to daily commuting and city driving — a good fit for urban professionals.",
Breeze,Plymouth,2000,65000,280000,Gasoline,Manual,Sedan,foreign_used,5,Blue,,"2000 Plymouth Breeze (foreign used), a budget-friendly sedan well suited to daily commuting and city driving — a good fit for urban professionals.",
Bravada,Oldsmobile,2002,134500,280000,Gasoline,Automatic,SUV,local_used,7,Silver,All-Wheel Drive,"2002 Oldsmobile Bravada (locally used), a budget-friendly suv well suited to family trips and weekend getaways — a good fit for family-oriented drivers. Comes with all-wheel drive.",
Bravada,Oldsmobile,2003,121000,280000,Gasoline,Automatic,SUV,foreign_used,7,White,,"2003 Oldsmobile Bravada (foreign used), a budget-friendly suv well suited to family trips and weekend getaways — a good fit for family-oriented drivers.",
Bravada,Oldsmobile,2004,124500,280000,Gasoline,Automatic,SUV,foreign_used,7,Red,,"2004 Oldsmobile Bravada (foreign used), a budget-friendly suv well suited to family trips and weekend getaways — a good fit for family-oriented drivers.",
Blazer,Chevrolet,2004,117500,213914,Gasoline,Manual,SUV,foreign_used,7,Black,,"2004 Chevrolet Blazer (foreign used), a budget-friendly suv well suited to family trips and weekend getaways — a good fit for family-oriented drivers.",
Blazer,Chevrolet,2005,122500,280000,Gasoline,Manual,SUV,foreign_used,7,Blue,All-Wheel Drive,"2005 Chevrolet Blazer (foreign used), a budget-friendly suv well suited to family trips and weekend getaways — a good fit for family-oriented drivers. Comes with all-wheel drive.",
Blazer,Chevrolet,2003,109500,216169,Gasoline,Manual,SUV,foreign_used,7,White,All-Wheel Drive,"2003 Chevrolet Blazer (foreign used), a budget-friendly suv well suited to family trips and weekend getaways — a good fit for family-oriented drivers. Comes with all-wheel drive.",
Venture,Chevrolet,2004,146500,268484,Gasoline,Automatic,Wagon,local_used,5,Blue,,"2004 Chevrolet Venture (locally used), a well-priced wagon well suited to family trips with plenty of cargo room — a good fit for family-oriented drivers.",
Venture,Chevrolet,2005,173500,206909,Gasoline,Automatic,Wagon,foreign_used,5,White,,"2005 Chevrolet Venture (foreign used), a well-priced wagon well suited to family trips with plenty of cargo room — a good fit for family-oriented drivers.",
Verona,Suzuki,2005,104500,190475,Gasoline,Automatic,Sedan,foreign_used,5,Silver,,"2005 Suzuki Verona (foreign used), a budget-friendly sedan well suited to daily commuting and city driving — a good fit for urban professionals.",
Verona,Suzuki,2006,96000,230644,Gasoline,Automatic,Sedan,foreign_used,5,Gray,,"2006 Suzuki Verona (foreign used), a budget-friendly sedan well suited to daily commuting and city driving — a good fit for urban professionals.",
B-Series,Mazda,2001,133000,269256,Gasoline,Manual,Truck,foreign_used,2,Red,,"2001 Mazda B-Series (foreign used), a budget-friendly truck well suited to hauling and rough roads — a good fit for adventure seekers.",
Verano,Buick,2017,188000,107244,Gasoline,Automatic,Sedan,foreign_used,5,Red,,"2017 Buick Verano (foreign used), a well-priced sedan well suited to daily commuting and city driving — a good fit for urban professionals.",
Verona,Suzuki,2004,89000,274190,Gasoline,Automatic,Sedan,foreign_used,5,Blue,,"2004 Suzuki Verona (foreign used), a budget-friendly sedan well suited to daily commuting and city driving — a good fit for urban professionals.",
B-Series Truck,Mazda,2007,189500,175986,Gasoline,Automatic,Truck,local_used,2,Red,All-Wheel Drive,"2007 Mazda B-Series Truck (locally used), a well-priced truck well suited to hauling and rough roads — a good fit for adventure seekers. Comes with all-wheel drive.",
Versa,Nissan,2017,195500,87642,Gasoline,Automatic,Sedan,foreign_used,5,White,,"2017 Nissan Versa (foreign used), a well-priced sedan well suited to daily commuting and city driving — a good fit for urban professionals.",
Vibe,Pontiac,2008,170000,222333,Gasoline,Manual,Wagon,foreign_used,5,Black,,"2008 Pontiac Vibe (foreign used), a well-priced wagon well suited to family trips with plenty of cargo room — a good fit for family-oriented drivers.",
Versa,Nissan,2015,148500,121649,Gasoline,Automatic,Sedan,foreign_used,5,Black,,"2015 Nissan Versa (foreign used), a well-priced sedan well suited to daily commuting and city driving — a good fit for urban professionals.",
Versa,Nissan,2016,144000,133750,Gasoline,Automatic,Sedan,local_used,5,Black,,"2016 Nissan Versa (locally used), a well-priced sedan well suited to daily commuting and city driving — a good fit for urban professionals.",
Vitara,Suzuki,2003,102000,280000,Gasoline,Manual,SUV,foreign_used,7,Black,,"2003 Suzuki Vitara (foreign used), a budget-friendly suv well suited to family trips and weekend getaways — a good fit for family-oriented drivers.",
Vitara,Suzuki,2004,106000,280000,Gasoline,Automatic,SUV,foreign_used,7,Silver,All-Wheel Drive,"2004 Suzuki Vitara (foreign used), a budget-friendly suv well suited to family trips and weekend getaways — a good fit for family-oriented drivers. Comes with all-wheel drive.",
Voyager,Chrysler,2001,149500,280000,Gasoline,Automatic,Wagon,local_used,5,White,,"2001 Chrysler Voyager (locally used), a well-priced wagon well suited to family trips with plenty of cargo room — a good fit for family-oriented drivers.",
Vitara,Suzuki,2002,106500,277910,Gasoline,Manual,SUV,foreign_used,7,Gray,All-Wheel Drive,"2002 Suzuki Vitara (foreign used), a budget-friendly suv well suited to family trips and weekend getaways — a good fit for family-oriented drivers. Comes with all-wheel drive.",
B-Series Truck,Mazda,2009,183500,221643,Gasoline,Manual,Truck,foreign_used,2,White,All-Wheel Drive,"2009 Mazda B-Series Truck (foreign used), a well-priced truck well suited to hauling and rough roads — a good fit for adventure seekers. Comes with all-wheel drive.",
B-Series Truck,Mazda,2008,207500,191741,Gasoline,Automatic,Truck,foreign_used,2,Black,All-Wheel Drive,"2008 Mazda B-Series Truck (foreign used), a well-priced truck well suited to hauling and rough roads — a good fit for adventure seekers. Comes with all-wheel drive.",
B-Series Pickup,Mazda,1998,115500,280000,Gasoline,Manual,Truck,foreign_used,2,Silver,,"1998 Mazda B-Series Pickup (foreign used), a budget-friendly truck well suited to hauling and rough roads — a good fit for adventure seekers.",
Windstar Cargo,Ford,2001,142500,280000,Gasoline,Automatic,Wagon,foreign_used,5,Blue,,"2001 Ford Windstar Cargo (foreign used), a budget-friendly wagon well suited to family trips with plenty of cargo room — a good fit for family-oriented drivers.",
Windstar Cargo,Ford,2002,128500,280000,Gasoline,Automatic,Wagon,foreign_used,5,Gray,,"2002 Ford Windstar Cargo (foreign used), a budget-friendly wagon well suited to family trips with plenty of cargo room — a good fit for family-oriented drivers.",
Windstar Cargo,Ford,2003,141500,280000,Gasoline,Automatic,Wagon,foreign_used,5,Gray,,"2003 Ford Windstar Cargo (foreign used), a budget-friendly wagon well suited to family trips with plenty of cargo room — a good fit for family-oriented drivers.",
Windstar,Ford,2001,161500,280000,Gasoline,Automatic,Wagon,foreign_used,5,White,,"2001 Ford Windstar (foreign used), a well-priced wagon well suited to family trips with plenty of cargo room — a good fit for family-oriented drivers.",
Voyager,Chrysler,2003,132500,280000,Gasoline,Automatic,Wagon,foreign_used,5,Silver,,"2003 Chrysler Voyager (foreign used), a budget-friendly wagon well suited to family trips with plenty of cargo room — a good fit for family-oriented drivers.",
Voyager,Plymouth,1998,100500,280000,Gasoline,Automatic,Wagon,local_used,5,White,,"1998 Plymouth Voyager (locally used), a budget-friendly wagon well suited to family trips with plenty of cargo room — a good fit for family-oriented drivers.",
Windstar,Ford,2003,160500,266476,Gasoline,Automatic,Wagon,local_used,5,Black,,"2003 Ford Windstar (locally used), a well-priced wagon well suited to family trips with plenty of cargo room — a good fit for family-oriented drivers.",
Windstar,Ford,2002,163500,261917,Gasoline,Automatic,Wagon,local_used,5,Black,,"2002 Ford Windstar (locally used), a well-priced wagon well suited to family trips with plenty of cargo room — a good fit for family-oriented drivers.",
Axxess,Nissan,1990,76500,280000,Gasoline,Automatic,Wagon,foreign_used,5,White,,"1990 Nissan Axxess (foreign used), a budget-friendly wagon well suited to family trips with plenty of cargo room — a good fit for family-oriented drivers.",
X-90,Suzuki,1996,88500,280000,Gasoline,Manual,SUV,foreign_used,7,Black,,"1996 Suzuki X-90 (foreign used), a budget-friendly suv well suited to family trips and weekend getaways — a good fit for family-oriented drivers.",
X-90,Suzuki,1997,93500,280000,Gasoline,Manual,SUV,foreign_used,7,Red,All-Wheel Drive,"1997 Suzuki X-90 (foreign used), a budget-friendly suv well suited to family trips and weekend getaways — a good fit for family-oriented drivers. Comes with all-wheel drive.",
X-90,Suzuki,1998,88000,280000,Gasoline,Manual,SUV,foreign_used,7,Red,All-Wheel Drive,"1998 Suzuki X-90 (foreign used), a budget-friendly suv well suited to family trips and weekend getaways — a good fit for family-oriented drivers. Comes with all-wheel drive.",
Aspen,Chrysler,2008,136000,236348,Gasoline,Automatic,SUV,local_used,7,Black,All-Wheel Drive,"2008 Chrysler Aspen (locally used), a budget-friendly suv well suited to family trips and weekend getaways — a good fit for family-oriented drivers. Comes with all-wheel drive.",
Astro Cargo,Chevrolet,2003,161000,258688,Gasoline,Automatic,Wagon,foreign_used,5,White,,"2003 Chevrolet Astro Cargo (foreign used), a well-priced wagon well suited to family trips with plenty of cargo room — a good fit for family-oriented drivers.",
Astro Cargo,Chevrolet,2004,154500,220026,Gasoline,Automatic,Wagon,foreign_used,5,White,All-Wheel Drive,"2004 Chevrolet Astro Cargo (foreign used), a well-priced wagon well suited to family trips with plenty of cargo room — a good fit for family-oriented drivers. Comes with all-wheel drive.",
Astro Cargo,Chevrolet,2005,146000,243247,Gasoline,Automatic,Wagon,foreign_used,5,Black,,"2005 Chevrolet Astro Cargo (foreign used), a well-priced wagon well suited to family trips with plenty of cargo room — a good fit for family-oriented drivers.",
Astro,Chevrolet,2003,151500,226678,Gasoline,Automatic,Wagon,foreign_used,5,Red,,"2003 Chevrolet Astro (foreign used), a well-priced wagon well suited to family trips with plenty of cargo room — a good fit for family-oriented drivers.",
Astro,Chevrolet,2004,169000,280000,Gasoline,Automatic,Wagon,foreign_used,5,White,All-Wheel Drive,"2004 Chevrolet Astro (foreign used), a well-priced wagon well suited to family trips with plenty of cargo room — a good fit for family-oriented drivers. Comes with all-wheel drive.",
Astro,Chevrolet,2005,153500,232581,Gasoline,Automatic,Wagon,foreign_used,5,Gray,,"2005 Chevrolet Astro (foreign used), a well-priced wagon well suited to family trips with plenty of cargo room — a good fit for family-oriented drivers.",
Armada,Nissan,2017,290500,89341,Gasoline,Automatic,SUV,foreign_used,7,White,,"2017 Nissan Armada (foreign used), a well-priced suv well suited to family trips and weekend getaways — a good fit for family-oriented drivers.",
Alero,Oldsmobile,2003,82500,210512,Gasoline,Automatic,Sedan,local_used,5,Orange,,"2003 Oldsmobile Alero (locally used), a budget-friendly sedan well suited to daily commuting and city driving — a good fit for urban professionals.",
Armada,Nissan,2015,274500,141624,Gasoline,Automatic,SUV,foreign_used,7,Black,All-Wheel Drive,"2015 Nissan Armada (foreign used), a well-priced suv well suited to family trips and weekend getaways — a good fit for family-oriented drivers. Comes with all-wheel drive.",
Amanti,Kia,2007,90500,243607,Gasoline,Automatic,Sedan,local_used,5,Gray,,"2007 Kia Amanti (locally used), a budget-friendly sedan well suited to daily commuting and city driving — a good fit for urban professionals.",
Amanti,Kia,2008,109000,198785,Gasoline,Automatic,Sedan,local_used,5,Black,,"2008 Kia Amanti (locally used), a budget-friendly sedan well suited to daily commuting and city driving — a good fit for urban professionals.",
Amanti,Kia,2009,138500,160315,Gasoline,Automatic,Sedan,foreign_used,5,Silver,,"2009 Kia Amanti (foreign used), a well-priced sedan well suited to daily commuting and city driving — a good fit for urban professionals.",
Aerio,Suzuki,2007,87000,217698,Gasoline,Automatic,Sedan,local_used,5,White,All-Wheel Drive,"2007 Suzuki Aerio (locally used), a budget-friendly sedan well suited to daily commuting and city driving — a good fit for urban professionals. Comes with all-wheel drive.",
Aerostar,Ford,1995,108500,280000,Gasoline,Automatic,Wagon,foreign_used,5,White,,"1995 Ford Aerostar (foreign used), a budget-friendly wagon well suited to family trips with plenty of cargo room — a good fit for family-oriented drivers.",
Aerostar,Ford,1996,112500,280000,Gasoline,Automatic,Wagon,local_used,5,Red,,"1996 Ford Aerostar (locally used), a budget-friendly wagon well suited to family trips with plenty of cargo room — a good fit for family-oriented drivers.",
xB,Scion,2015,280500,138981,Gasoline,Automatic,Wagon,foreign_used,5,Red,,"2015 Scion xB (foreign used), a premium wagon well suited to family trips with plenty of cargo room — a good fit for family-oriented drivers.",
Aerio,Suzuki,2006,144500,223751,Gasoline,Automatic,Wagon,foreign_used,5,Red,All-Wheel Drive,"2006 Suzuki Aerio (foreign used), a well-priced wagon well suited to family trips with plenty of cargo room — a good fit for family-oriented drivers. Comes with all-wheel drive.",
xB,Scion,2013,253000,133996,Gasoline,Manual,Wagon,foreign_used,5,Silver,,"2013 Scion xB (foreign used), a well-priced wagon well suited to family trips with plenty of cargo room — a good fit for family-oriented drivers.",
xB,Scion,2014,228000,179139,Gasoline,Manual,Wagon,foreign_used,5,Blue,,"2014 Scion xB (foreign used), a well-priced wagon well suited to family trips with plenty of cargo room — a good fit for family-oriented drivers.",
Alero,Oldsmobile,2004,142000,257928,Gasoline,Automatic,Coupe,local_used,4,White,,"2004 Oldsmobile Alero (locally used), a budget-friendly coupe well suited to weekend drives and spirited handling — a good fit for lifestyle-focused drivers.",
Aerio,Suzuki,2005,137000,275723,Gasoline,Manual,Wagon,foreign_used,5,Black,,"2005 Suzuki Aerio (foreign used), a budget-friendly wagon well suited to family trips with plenty of cargo room — a good fit for family-oriented drivers.",
Achieva,Oldsmobile,1997,66000,280000,Gasoline,Automatic,Sedan,foreign_used,5,Black,,"1997 Oldsmobile Achieva (foreign used), a budget-friendly sedan well suited to daily commuting and city driving — a good fit for urban professionals.",
Achieva,Oldsmobile,1998,63000,280000,Gasoline,Automatic,Sedan,foreign_used,5,Silver,,"1998 Oldsmobile Achieva (foreign used), a budget-friendly sedan well suited to daily commuting and city driving — a good fit for urban professionals.",
Alero,Oldsmobile,2002,113500,219965,Gasoline,Automatic,Coupe,local_used,4,Black,,"2002 Oldsmobile Alero (locally used), a budget-friendly coupe well suited to weekend drives and spirited handling — a good fit for lifestyle-focused drivers.",
Aerostar,Ford,1997,105500,280000,Gasoline,Automatic,Wagon,foreign_used,5,White,,"1997 Ford Aerostar (foreign used), a budget-friendly wagon well suited to family trips with plenty of cargo room — a good fit for family-oriented drivers.",
XL-7,Suzuki,2005,130000,280000,Gasoline,Automatic,SUV,foreign_used,7,Silver,All-Wheel Drive,"2005 Suzuki XL-7 (foreign used), a budget-friendly suv well suited to family trips and weekend getaways — a good fit for family-oriented drivers. Comes with all-wheel drive.",
XL-7,Suzuki,2004,117000,248715,Gasoline,Automatic,SUV,foreign_used,7,Blue,,"2004 Suzuki XL-7 (foreign used), a budget-friendly suv well suited to family trips and weekend getaways — a good fit for family-oriented drivers.",
XG350,Hyundai,2003,89500,212381,Gasoline,Automatic,Sedan,local_used,5,Black,,"2003 Hyundai XG350 (locally used), a budget-friendly sedan well suited to daily commuting and city driving — a good fit for urban professionals.",
XG350,Hyundai,2004,105000,202086,Gasoline,Automatic,Sedan,foreign_used,5,White,,"2004 Hyundai XG350 (foreign used), a budget-friendly sedan well suited to daily commuting and city driving — a good fit for urban professionals.",
XG350,Hyundai,2005,89000,237886,Gasoline,Automatic,Sedan,foreign_used,5,White,,"2005 Hyundai XG350 (foreign used), a budget-friendly sedan well suited to daily commuting and city driving — a good fit for urban professionals.",
Achieva,Oldsmobile,1996,62000,280000,Gasoline,Manual,Sedan,foreign_used,5,White,,"1996 Oldsmobile Achieva (foreign used), a budget-friendly sedan well suited to daily commuting and city driving — a good fit for urban professionals.",
XG300,Hyundai,2001,78500,228503,Gasoline,Automatic,Sedan,local_used,5,Black,,"2001 Hyundai XG300 (locally used), a budget-friendly sedan well suited to daily commuting and city driving — a good fit for urban professionals.",
XL-7,Suzuki,2006,124500,270746,Gasoline,Automatic,SUV,foreign_used,7,Gray,,"2006 Suzuki XL-7 (foreign used), a budget-friendly suv well suited to family trips and weekend getaways — a good fit for family-oriented drivers.",
929,Mazda,1993,56000,280000,Gasoline,Automatic,Sedan,foreign_used,5,Silver,,"1993 Mazda 929 (foreign used), a budget-friendly sedan well suited to daily commuting and city driving — a good fit for urban professionals.",
929,Mazda,1994,61000,280000,Gasoline,Automatic,Sedan,foreign_used,5,Gray,,"1994 Mazda 929 (foreign used), a budget-friendly sedan well suited to daily commuting and city driving — a good fit for urban professionals.",
929,Mazda,1995,59000,280000,Gasoline,Automatic,Sedan,local_used,5,Black,,"1995 Mazda 929 (locally used), a budget-friendly sedan well suited to daily commuting and city driving — a good fit for urban professionals.",
6,Mazda,2016,188000,96968,Gasoline,Manual,Sedan,local_used,5,Blue,,"2016 Mazda 6 (locally used), a well-priced sedan well suited to daily commuting and city driving — a good fit for urban professionals.",
6,Mazda,2017,159000,132620,Gasoline,Automatic,Sedan,foreign_used,5,White,,"2017 Mazda 6 (foreign used), a well-priced sedan well suited to daily commuting and city driving — a good fit for urban professionals.",
Acclaim,Plymouth,1993,51000,280000,Gasoline,Manual,Sedan,foreign_used,5,Silver,,"1993 Plymouth Acclaim (foreign used), a budget-friendly sedan well suited to daily commuting and city driving — a good fit for urban professionals.",
Acclaim,Plymouth,1994,56000,280000,Gasoline,Automatic,Sedan,foreign_used,5,Blue,,"1994 Plymouth Acclaim (foreign used), a budget-friendly sedan well suited to daily commuting and city driving — a good fit for urban professionals.",
Acclaim,Plymouth,1995,53000,280000,Gasoline,Automatic,Sedan,foreign_used,5,White,,"1995 Plymouth Acclaim (foreign used), a budget-friendly sedan well suited to daily commuting and city driving — a good fit for urban professionals.",
Xterra,Nissan,2013,175000,181483,Gasoline,Automatic,SUV,foreign_used,7,White,All-Wheel Drive,"2013 Nissan Xterra (foreign used), a budget-friendly suv well suited to family trips and weekend getaways — a good fit for family-oriented drivers. Comes with all-wheel drive.",
Xterra,Nissan,2014,193500,178849,Gasoline,Automatic,SUV,foreign_used,7,Red,All-Wheel Drive,"2014 Nissan Xterra (foreign used), a well-priced suv well suited to family trips and weekend getaways — a good fit for family-oriented drivers. Comes with all-wheel drive.",
6000,Pontiac,1990,42500,280000,Gasoline,Automatic,Sedan,foreign_used,5,Black,,"1990 Pontiac 6000 (foreign used), a budget-friendly sedan well suited to daily commuting and city driving — a good fit for urban professionals.",
6,Mazda,2015,143000,162435,Gasoline,Automatic,Sedan,local_used,5,Gray,,"2015 Mazda 6 (locally used), a well-priced sedan well suited to daily commuting and city driving — a good fit for urban professionals.",
626,Mazda,2001,78500,280000,Gasoline,Manual,Sedan,foreign_used,5,White,,"2001 Mazda 626 (foreign used), a budget-friendly sedan well suited to daily commuting and city driving — a good fit for urban professionals.",
626,Mazda,2002,82500,271514,Gasoline,Manual,Sedan,foreign_used,5,Gray,,"2002 Mazda 626 (foreign used), a budget-friendly sedan well suited to daily commuting and city driving — a good fit for urban professionals.",
626,Mazda,2000,78000,280000,Gasoline,Manual,Sedan,foreign_used,5,Black,,"2000 Mazda 626 (foreign used), a budget-friendly sedan well suited to daily commuting and city driving — a good fit for urban professionals.",
Xterra,Nissan,2015,220500,134733,Gasoline,Automatic,SUV,foreign_used,7,White,All-Wheel Drive,"2015 Nissan Xterra (foreign used), a well-priced suv well suited to family trips and weekend getaways — a good fit for family-oriented drivers. Comes with all-wheel drive.",
5,Mazda,2015,288500,109174,Gasoline,Automatic,Wagon,foreign_used,5,Silver,,"2015 Mazda 5 (foreign used), a premium wagon well suited to family trips with plenty of cargo room — a good fit for family-oriented drivers.",
5,Mazda,2013,257000,160189,Gasoline,Automatic,Wagon,foreign_used,5,Black,,"2013 Mazda 5 (foreign used), a well-priced wagon well suited to family trips with plenty of cargo room — a good fit for family-oriented drivers.",
5,Mazda,2014,265000,147003,Gasoline,Manual,Wagon,foreign_used,5,Black,,"2014 Mazda 5 (foreign used), a well-priced wagon well suited to family trips with plenty of cargo room — a good fit for family-oriented drivers.",
6000,Pontiac,1991,79000,280000,Gasoline,Automatic,Wagon,local_used,5,White,,"1991 Pontiac 6000 (locally used), a budget-friendly wagon well suited to family trips with plenty of cargo room — a good fit for family-oriented drivers.",
XT,Subaru,1991,67500,280000,Gasoline,Manual,Coupe,local_used,4,White,,"1991 Subaru XT (locally used), a budget-friendly coupe well suited to weekend drives and spirited handling — a good fit for lifestyle-focused drivers.",
Yaris iA,Toyota,2017,178000,104784,Gasoline,Manual,Sedan,foreign_used,5,Black,,"2017 Toyota Yaris iA (foreign used), a well-priced sedan well suited to daily commuting and city driving — a good fit for urban professionals.",
500L,FIAT,2016,308500,108140,Gasoline,Manual,Wagon,foreign_used,5,White,,"2016 FIAT 500L (foreign used), a premium wagon well suited to family trips with plenty of cargo room — a good fit for family-oriented drivers.",
500L,FIAT,2017,345000,95004,Gasoline,Automatic,Wagon,foreign_used,5,Red,,"2017 FIAT 500L (foreign used), a premium wagon well suited to family trips with plenty of cargo room — a good fit for family-oriented drivers.",
500L,FIAT,2015,295500,111845,Gasoline,Manual,Wagon,foreign_used,5,White,,"2015 FIAT 500L (foreign used), a premium wagon well suited to family trips with plenty of cargo room — a good fit for family-oriented drivers.",
Ram Van,Dodge,1999,123000,252339,Gasoline,Automatic,Wagon,foreign_used,5,Silver,,"1999 Dodge Ram Van (foreign used), a budget-friendly wagon well suited to family trips with plenty of cargo room — a good fit for family-oriented drivers.",
Ram Van,Dodge,2000,136500,280000,Gasoline,Automatic,Wagon,local_used,5,White,,"2000 Dodge Ram Van (locally used), a budget-friendly wagon well suited to family trips with plenty of cargo room — a good fit for family-oriented drivers.",
Ram Van,Dodge,1998,117500,280000,Gasoline,Automatic,Wagon,local_used,5,Black,,"1998 Dodge Ram Van (locally used), a budget-friendly wagon well suited to family trips with plenty of cargo room — a good fit for family-oriented drivers.",
Ram Cargo,Dodge,2002,128500,280000,Gasoline,Automatic,Wagon,local_used,5,Red,,"2002 Dodge Ram Cargo (locally used), a budget-friendly wagon well suited to family trips with plenty of cargo room — a good fit for family-oriented drivers.",
Ram Cargo,Dodge,2001,146500,280000,Gasoline,Automatic,Wagon,foreign_used,5,White,,"2001 Dodge Ram Cargo (foreign used), a well-priced wagon well suited to family trips with plenty of cargo room — a good fit for family-oriented drivers.",
