model,make,year,price,mileage,fuel_type,transmission,body_type,condition,seat,color,features,description,image_url
Corolla,Toyota,2019,160000,90000,Gasoline,CVT,Sedan,foreign_used,5,Black,Bluetooth; Backup camera; Navigation,"2019 Toyota Corolla (foreign used), a well-priced sedan well suited to daily commuting and city driving — a good fit for urban professionals. Comes with bluetooth.",https://upload.wikimedia.org/wikipedia/commons/thumb/0/08/Toyota_Corolla_Hybrid_Sedan%2C_GIMS_2019%2C_Le_Grand-Saconnex_%28GIMS1338%29.jpg/960px-Toyota_Corolla_Hybrid_Sedan%2C_GIMS_2019%2C_Le_Grand-Saconnex_%28GIMS1338%29.jpg?utm_source=commons.wikimedia.org&utm_campaign=imageinfo&utm_content=thumbnail
Civic,Honda,2019,190000,75000,Gasoline,CVT,Sedan,foreign_used,5,White,Sunroof; Leather seats; Bluetooth,"2019 Honda Civic (foreign used), a well-priced sedan well suited to daily commuting and city driving — a good fit for urban professionals. Comes with sunroof.",https://upload.wikimedia.org/wikipedia/commons/thumb/8/8e/2019_Honda_Civic_LX_Sedan.jpg/960px-2019_Honda_Civic_LX_Sedan.jpg?utm_source=commons.wikimedia.org&utm_campaign=imageinfo&utm_content=thumbnail
Camry,Toyota,2018,165000,110000,Gasoline,Automatic,Sedan,foreign_used,5,Silver,Leather seats; Navigation; Backup camera; Premium audio,"2018 Toyota Camry (foreign used), a well-priced sedan well suited to daily commuting and city driving — a good fit for urban professionals. Comes with leather seats.",https://upload.wikimedia.org/wikipedia/commons/thumb/c/c5/Toyota_Camry_sedan_%28V10%29.jpg/960px-Toyota_Camry_sedan_%28V10%29.jpg?utm_source=commons.wikimedia.org&utm_campaign=imageinfo&utm_content=thumbnail
Accord,Honda,2017,179900,98000,Gasoline,CVT,Sedan,foreign_used,5,Gray,Sunroof; Leather seats; Bluetooth; Heated seats,"2017 Honda Accord (foreign used), a well-priced sedan well suited to daily commuting and city driving — a good fit for urban professionals. Comes with sunroof.",https://upload.wikimedia.org/wikipedia/commons/thumb/8/83/Honda_Accord_CV3_e-HEV_EX.jpg/960px-Honda_Accord_CV3_e-HEV_EX.jpg?utm_source=commons.wikimedia.org&utm_campaign=imageinfo&utm_content=thumbnail
Elantra,Hyundai,2017,145000,105000,Gasoline,Automatic,Sedan,foreign_used,5,Blue,Backup camera; Bluetooth,"2017 Hyundai Elantra (foreign used), a well-priced sedan well suited to daily commuting and city driving — a good fit for urban professionals. Comes with backup camera.",https://upload.wikimedia.org/wikipedia/commons/thumb/9/96/2017_Hyundai_Elantra_%28AD%29_Elite_sedan_%282017-12-09%29_01.jpg/960px-2017_Hyundai_Elantra_%28AD%29_Elite_sedan_%282017-12-09%29_01.jpg?utm_source=commons.wikimedia.org&utm_campaign=imageinfo&utm_content=thumbnail
Sonata,Hyundai,2018,155000,92000,Hybrid,Automatic,Sedan,foreign_used,5,White,Leather seats; Navigation; Heated seats; Backup camera,"2018 Hyundai Sonata (foreign used), a well-priced sedan well suited to daily commuting and city driving — a good fit for urban professionals. Comes with leather seats. A hybrid powertrain keeps running costs low for eco-conscious drivers.",https://upload.wikimedia.org/wikipedia/commons/thumb/b/bc/2017_Hyundai_Sonata_%28LF_MY17%29_Active_sedan_%282018-11-22%29_02.jpg/960px-2017_Hyundai_Sonata_%28LF_MY17%29_Active_sedan_%282018-11-22%29_02.jpg?utm_source=commons.wikimedia.org&utm_campaign=imageinfo&utm_content=thumbnail
C-Class,Mercedes-Benz,2017,265000,88000,Gasoline,Automatic,Sedan,foreign_used,5,Black,Sunroof; Leather seats; Navigation; Premium audio,"2017 Mercedes-Benz C-Class (foreign used), a premium sedan well suited to daily commuting and city driving — a good fit for urban professionals. Comes with sunroof. A solid pick for luxury lovers who want a standout badge on Ghanaian roads.",https://upload.wikimedia.org/wikipedia/commons/thumb/d/dd/Mercedes-Benz_C-Class_W205_63_AMG_rear_China_2017-03-30.jpg/960px-Mercedes-Benz_C-Class_W205_63_AMG_rear_China_2017-03-30.jpg?utm_source=commons.wikimedia.org&utm_campaign=imageinfo&utm_content=thumbnail
Altima,Nissan,2019,150000,101000,Gasoline,CVT,Sedan,foreign_used,5,Red,Backup camera; Bluetooth; Navigation,"2019 Nissan Altima (foreign used), a well-priced sedan well suited to daily commuting and city driving — a good fit for urban professionals. Comes with backup camera.",https://upload.wikimedia.org/wikipedia/commons/thumb/9/99/Nissan_Altima_L34_03_China_2019-03-21.jpg/960px-Nissan_Altima_L34_03_China_2019-03-21.jpg?utm_source=commons.wikimedia.org&utm_campaign=imageinfo&utm_content=thumbnail
Passat,Volkswagen,2016,135000,125000,Diesel,Manual,Sedan,foreign_used,5,Silver,Leather seats; Navigation; Bluetooth,"2016 Volkswagen Passat (foreign used), a well-priced sedan well suited to daily commuting and city driving — a good fit for urban professionals. Comes with leather seats.",https://upload.wikimedia.org/wikipedia/commons/thumb/e/e2/2016-2018_Volkswagen_Passat_SE.jpg/960px-2016-2018_Volkswagen_Passat_SE.jpg?utm_source=commons.wikimedia.org&utm_campaign=imageinfo&utm_content=thumbnail
Model 3,Tesla,2021,280000,55000,Electric,Automatic,Sedan,foreign_used,5,White,Navigation; Backup camera; Premium audio; Heated seats,"2021 Tesla Model 3 (foreign used), a premium sedan well suited to daily commuting and city driving — a good fit for urban professionals. Comes with navigation. A electric powertrain keeps running costs low for eco-conscious drivers. A solid pick for luxury lovers who want a standout badge on Ghanaian roads.",https://upload.wikimedia.org/wikipedia/commons/thumb/3/3c/2019_Tesla_Model_3_Long_Range_Dual_Motor_in_Red_Multi-Coat%2C_front_left%2C_2021-05-30.jpg/960px-2019_Tesla_Model_3_Long_Range_Dual_Motor_in_Red_Multi-Coat%2C_front_left%2C_2021-05-30.jpg?utm_source=commons.wikimedia.org&utm_campaign=imageinfo&utm_content=thumbnail
RAV4,Toyota,2019,310000,85000,Hybrid,Automatic,SUV,foreign_used,5,White,All wheel drive; Sunroof; Backup camera; Bluetooth,"2019 Toyota RAV4 (foreign used), a well-priced suv well suited to family trips and weekend getaways — a good fit for family-oriented drivers. Comes with all wheel drive. A hybrid powertrain keeps running costs low for eco-conscious drivers.",https://upload.wikimedia.org/wikipedia/commons/thumb/7/73/Toyota_RAV4_Hybrid%2C_GIMS_2019%2C_Le_Grand-Saconnex_%28GIMS0518%29.jpg/960px-Toyota_RAV4_Hybrid%2C_GIMS_2019%2C_Le_Grand-Saconnex_%28GIMS0518%29.jpg?utm_source=commons.wikimedia.org&utm_campaign=imageinfo&utm_content=thumbnail
CR-V,Honda,2019,205000,72000,Gasoline,CVT,SUV,foreign_used,5,Gray,Sunroof; Leather seats; Backup camera; Navigation,"2019 Honda CR-V (foreign used), a well-priced suv well suited to family trips and weekend getaways — a good fit for family-oriented drivers. Comes with sunroof.",https://upload.wikimedia.org/wikipedia/commons/thumb/e/ef/Honda_CR-V%2C_GIMS_2019%2C_Le_Grand-Saconnex_%28GIMS0705%29.jpg/960px-Honda_CR-V%2C_GIMS_2019%2C_Le_Grand-Saconnex_%28GIMS0705%29.jpg?utm_source=commons.wikimedia.org&utm_campaign=imageinfo&utm_content=thumbnail
Tucson,Hyundai,2019,140000,90000,Gasoline,Automatic,SUV,foreign_used,5,Blue,Backup camera; Bluetooth; Heated seats,"2019 Hyundai Tucson (foreign used), a budget-friendly suv well suited to family trips and weekend getaways — a good fit for family-oriented drivers. Comes with backup camera.",https://upload.wikimedia.org/wikipedia/commons/thumb/6/63/Hyundai_Tucson_N-Line_Monrepos_2019_IMG_1926.jpg/960px-Hyundai_Tucson_N-Line_Monrepos_2019_IMG_1926.jpg?utm_source=commons.wikimedia.org&utm_campaign=imageinfo&utm_content=thumbnail
Sportage,Kia,2018,260000,83000,Gasoline,Automatic,SUV,foreign_used,5,Black,Sunroof; Leather seats; Navigation,"2018 Kia Sportage (foreign used), a well-priced suv well suited to family trips and weekend getaways — a good fit for family-oriented drivers. Comes with sunroof.",https://upload.wikimedia.org/wikipedia/commons/thumb/d/d2/2018_Kia_Sportage_GT-Line_S_facelift_Rear.jpg/960px-2018_Kia_Sportage_GT-Line_S_facelift_Rear.jpg?utm_source=commons.wikimedia.org&utm_campaign=imageinfo&utm_content=thumbnail
X-Trail,Nissan,2018,170000,105000,Gasoline,CVT,SUV,foreign_used,5,Silver,All wheel drive; Backup camera; Bluetooth,"2018 Nissan X-Trail (foreign used), a budget-friendly suv well suited to family trips and weekend getaways — a good fit for family-oriented drivers. Comes with all wheel drive.",https://upload.wikimedia.org/wikipedia/commons/thumb/c/c8/2018_Nissan_X-Trail_Tekna_Facelift.jpg/960px-2018_Nissan_X-Trail_Tekna_Facelift.jpg?utm_source=commons.wikimedia.org&utm_campaign=imageinfo&utm_content=thumbnail
Outlander,Mitsubishi,2019,185000,98000,Gasoline,CVT,SUV,foreign_used,7,White,All wheel drive; Navigation; Backup camera,"2019 Mitsubishi Outlander (foreign used), a well-priced suv well suited to family trips and weekend getaways — a good fit for family-oriented drivers. Comes with all wheel drive.",https://upload.wikimedia.org/wikipedia/commons/thumb/5/56/Mitsubishi_Outlander_PHEV%2C_GIMS_2019%2C_Le_Grand-Saconnex_%28GIMS0893%29.jpg/960px-Mitsubishi_Outlander_PHEV%2C_GIMS_2019%2C_Le_Grand-Saconnex_%28GIMS0893%29.jpg?utm_source=commons.wikimedia.org&utm_campaign=imageinfo&utm_content=thumbnail
Highlander,Toyota,2020,330000,70000,Gasoline,Automatic,SUV,foreign_used,7,Black,Leather seats; Sunroof; Premium audio; Backup camera,"2020 Toyota Highlander (foreign used), a premium suv well suited to family trips and weekend getaways — a good fit for family-oriented drivers. Comes with leather seats.",https://upload.wikimedia.org/wikipedia/commons/thumb/d/dd/2020_Toyota_Highlander_XLE_AWD%2C_rear.jpg/960px-2020_Toyota_Highlander_XLE_AWD%2C_rear.jpg?utm_source=commons.wikimedia.org&utm_campaign=imageinfo&utm_content=thumbnail
CX-5,Mazda,2019,210000,78000,Gasoline,Automatic,SUV,foreign_used,5,Red,Sunroof; Leather seats; Premium audio,"2019 Mazda CX-5 (foreign used), a well-priced suv well suited to family trips and weekend getaways — a good fit for family-oriented drivers. Comes with sunroof.",https://upload.wikimedia.org/wikipedia/commons/thumb/d/dd/2019_Mazda_CX-8_2.5_front.jpg/960px-2019_Mazda_CX-8_2.5_front.jpg?utm_source=commons.wikimedia.org&utm_campaign=imageinfo&utm_content=thumbnail
G-Class,Mercedes-Benz,2018,850000,62000,Gasoline,Automatic,SUV,foreign_used,5,Black,All wheel drive; Leather seats; Navigation; Premium audio,"2018 Mercedes-Benz G-Class (foreign used), a premium suv well suited to family trips and weekend getaways — a good fit for family-oriented drivers. Comes with all wheel drive. A solid pick for luxury lovers who want a standout badge on Ghanaian roads.",https://upload.wikimedia.org/wikipedia/commons/thumb/7/7b/Mercedes-Benz_M-Class_W166_Shishi_02_2022-03-12.jpg/960px-Mercedes-Benz_M-Class_W166_Shishi_02_2022-03-12.jpg?utm_source=commons.wikimedia.org&utm_campaign=imageinfo&utm_content=thumbnail
Model Y,Tesla,2022,420000,48000,Electric,Automatic,SUV,foreign_used,5,White,All wheel drive; Navigation; Backup camera; Premium audio; Heated seats,"2022 Tesla Model Y (foreign used), a premium suv well suited to family trips and weekend getaways — a good fit for family-oriented drivers. Comes with all wheel drive. A electric powertrain keeps running costs low for eco-conscious drivers. A solid pick for luxury lovers who want a standout badge on Ghanaian roads.",https://upload.wikimedia.org/wikipedia/commons/thumb/5/5c/Tesla_Model_Y_1X7A6211.jpg/960px-Tesla_Model_Y_1X7A6211.jpg?utm_source=commons.wikimedia.org&utm_campaign=imageinfo&utm_content=thumbnail
Fit,Honda,2018,75000,82000,Gasoline,CVT,Hatchback,foreign_used,5,White,Backup camera; Bluetooth,"2018 Honda Fit (foreign used), a well-priced hatchback well suited to quick city runs and easy parking — a good fit for budget-conscious buyers. Comes with backup camera.",https://upload.wikimedia.org/wikipedia/commons/thumb/e/ef/Honda_Fit_Globex.jpg/960px-Honda_Fit_Globex.jpg?utm_source=commons.wikimedia.org&utm_campaign=imageinfo&utm_content=thumbnail
Vitz,Toyota,2017,68000,95000,Gasoline,CVT,Hatchback,foreign_used,5,Silver,Bluetooth; Backup camera,"2017 Toyota Vitz (foreign used), a well-priced hatchback well suited to quick city runs and easy parking — a good fit for budget-conscious buyers. Comes with bluetooth.",https://upload.wikimedia.org/wikipedia/commons/thumb/2/20/2017-2020_Toyota_Vitz_Hybrid_F_rear.jpg/960px-2017-2020_Toyota_Vitz_Hybrid_F_rear.jpg?utm_source=commons.wikimedia.org&utm_campaign=imageinfo&utm_content=thumbnail
Yaris,Toyota,2019,90000,76000,Gasoline,Automatic,Hatchback,foreign_used,5,Red,Bluetooth; Backup camera; Navigation,"2019 Toyota Yaris (foreign used), a well-priced hatchback well suited to quick city runs and easy parking — a good fit for budget-conscious buyers. Comes with bluetooth.",https://upload.wikimedia.org/wikipedia/commons/thumb/2/22/2019_Toyota_Yaris_1.5_E_%2858%29.jpg/960px-2019_Toyota_Yaris_1.5_E_%2858%29.jpg?utm_source=commons.wikimedia.org&utm_campaign=imageinfo&utm_content=thumbnail
Picanto,Kia,2019,65000,68000,Gasoline,Automatic,Hatchback,foreign_used,5,Blue,Bluetooth; Backup camera,"2019 Kia Picanto (foreign used), a well-priced hatchback well suited to quick city runs and easy parking — a good fit for budget-conscious buyers. Comes with bluetooth.",https://upload.wikimedia.org/wikipedia/commons/thumb/f/f8/Hyundai_i10_%2848814292762%29.jpg/960px-Hyundai_i10_%2848814292762%29.jpg?utm_source=commons.wikimedia.org&utm_campaign=imageinfo&utm_content=thumbnail
Getz,Hyundai,2010,39000,160000,Gasoline,Manual,Hatchback,local_used,5,Red,Bluetooth,"2010 Hyundai Getz (locally used), a budget-friendly hatchback well suited to quick city runs and easy parking — a good fit for budget-conscious buyers. Comes with bluetooth.",https://upload.wikimedia.org/wikipedia/commons/thumb/0/0f/2010_Hyundai_Getz_%28TB_MY09%29_SX_5-door_hatchback_%2815317738116%29.jpg/960px-2010_Hyundai_Getz_%28TB_MY09%29_SX_5-door_hatchback_%2815317738116%29.jpg?utm_source=commons.wikimedia.org&utm_campaign=imageinfo&utm_content=thumbnail
Golf,Volkswagen,2017,120000,115000,Diesel,Manual,Hatchback,foreign_used,5,Gray,Navigation; Bluetooth; Heated seats,"2017 Volkswagen Golf (foreign used), a premium hatchback well suited to quick city runs and easy parking — a good fit for budget-conscious buyers. Comes with navigation.",https://upload.wikimedia.org/wikipedia/commons/thumb/5/55/2017_Volkswagen_Golf_%285G_MY18%29_110TSI_Highline_hatchback_%282018-10-12%29.jpg/960px-2017_Volkswagen_Golf_%285G_MY18%29_110TSI_Highline_hatchback_%282018-10-12%29.jpg?utm_source=commons.wikimedia.org&utm_campaign=imageinfo&utm_content=thumbnail
Swift,Suzuki,2018,78000,80000,Gasoline,Manual,Hatchback,foreign_used,5,White,Bluetooth; Backup camera,"2018 Suzuki Swift (foreign used), a well-priced hatchback well suited to quick city runs and easy parking — a good fit for budget-conscious buyers. Comes with bluetooth.",https://upload.wikimedia.org/wikipedia/commons/thumb/9/9a/2018_Suzuki_Swift_SZ5_Boosterjet_SHVS_1.0_Front.jpg/960px-2018_Suzuki_Swift_SZ5_Boosterjet_SHVS_1.0_Front.jpg?utm_source=commons.wikimedia.org&utm_campaign=imageinfo&utm_content=thumbnail
Mazda3,Mazda,2018,130000,90000,Gasoline,Automatic,Hatchback,foreign_used,5,Black,Sunroof; Navigation; Backup camera,"2018 Mazda Mazda3 (foreign used), a premium hatchback well suited to quick city runs and easy parking — a good fit for budget-conscious buyers. Comes with sunroof.",https://upload.wikimedia.org/wikipedia/commons/thumb/1/19/2018_Mazda3_%28BN%29_SP25_GT_hatchback_%282018-05-05%29_02.jpg/960px-2018_Mazda3_%28BN%29_SP25_GT_hatchback_%282018-05-05%29_02.jpg?utm_source=commons.wikimedia.org&utm_campaign=imageinfo&utm_content=thumbnail
Leaf,Nissan,2020,110000,62000,Electric,Automatic,Hatchback,foreign_used,5,White,Navigation; Backup camera; Heated seats,"2020 Nissan Leaf (foreign used), a well-priced hatchback well suited to quick city runs and easy parking — a good fit for budget-conscious buyers. Comes with navigation. A electric powertrain keeps running costs low for eco-conscious drivers.",https://upload.wikimedia.org/wikipedia/commons/thumb/3/3a/Nissan_Leaf_2020_%2852683514428%29.jpg/960px-Nissan_Leaf_2020_%2852683514428%29.jpg?utm_source=commons.wikimedia.org&utm_campaign=imageinfo&utm_content=thumbnail
i3,BMW,2019,180000,58000,Electric,Automatic,Hatchback,foreign_used,4,Blue,Navigation; Premium audio; Heated seats,"2019 BMW i3 (foreign used), a premium hatchback well suited to quick city runs and easy parking — a good fit for budget-conscious buyers. Comes with navigation. A electric powertrain keeps running costs low for eco-conscious drivers. A solid pick for luxury lovers who want a standout badge on Ghanaian roads.",https://upload.wikimedia.org/wikipedia/commons/thumb/8/88/Nottuln%2C_Stevertal%2C_BMW_i3_--_2019_--_7523.jpg/960px-Nottuln%2C_Stevertal%2C_BMW_i3_--_2019_--_7523.jpg?utm_source=commons.wikimedia.org&utm_campaign=imageinfo&utm_content=thumbnail
Mustang,Ford,2018,220000,72000,Gasoline,Automatic,Coupe,foreign_used,4,Red,Leather seats; Premium audio; Backup camera,"2018 Ford Mustang (foreign used), a well-priced coupe well suited to weekend drives and spirited handling — a good fit for lifestyle-focused drivers. Comes with leather seats.",https://upload.wikimedia.org/wikipedia/commons/thumb/7/74/Ford_Mustang_2-door_Hardtop_Coup%C3%A9-_6280159.jpg/960px-Ford_Mustang_2-door_Hardtop_Coup%C3%A9-_6280159.jpg?utm_source=commons.wikimedia.org&utm_campaign=imageinfo&utm_content=thumbnail
Camaro,Chevrolet,2019,250000,68000,Gasoline,Automatic,Coupe,foreign_used,4,Yellow,Leather seats; Navigation; Backup camera,"2019 Chevrolet Camaro (foreign used), a well-priced coupe well suited to weekend drives and spirited handling — a good fit for lifestyle-focused drivers. Comes with leather seats.",https://upload.wikimedia.org/wikipedia/commons/thumb/7/7b/Chevrolet_Camaro_Coupe_1984_Pacific_Hwy_Pimpama_Qld_P1070423.jpg/960px-Chevrolet_Camaro_Coupe_1984_Pacific_Hwy_Pimpama_Qld_P1070423.jpg?utm_source=commons.wikimedia.org&utm_campaign=imageinfo&utm_content=thumbnail
86,Toyota,2018,210000,65000,Gasoline,Manual,Coupe,foreign_used,4,White,Bluetooth; Backup camera,"2018 Toyota 86 (foreign used), a well-priced coupe well suited to weekend drives and spirited handling — a good fit for lifestyle-focused drivers. Comes with bluetooth.",https://upload.wikimedia.org/wikipedia/commons/thumb/6/66/Toyota_86_GTS_%26_BMW_135i_%2825828837048%29.jpg/960px-Toyota_86_GTS_%26_BMW_135i_%2825828837048%29.jpg?utm_source=commons.wikimedia.org&utm_campaign=imageinfo&utm_content=thumbnail
BRZ,Subaru,2019,230000,58000,Gasoline,Manual,Coupe,foreign_used,4,Blue,Backup camera; Bluetooth,"2019 Subaru BRZ (foreign used), a well-priced coupe well suited to weekend drives and spirited handling — a good fit for lifestyle-focused drivers. Comes with backup camera.",https://upload.wikimedia.org/wikipedia/commons/thumb/9/96/Subaru_BRZ_%2C_Toronto.jpg/960px-Subaru_BRZ_%2C_Toronto.jpg?utm_source=commons.wikimedia.org&utm_campaign=imageinfo&utm_content=thumbnail
C-Class Coupe,Mercedes-Benz,2018,350000,62000,Gasoline,Automatic,Coupe,foreign_used,4,Black,Sunroof; Leather seats; Premium audio; Navigation,"2018 Mercedes-Benz C-Class Coupe (foreign used), a premium coupe well suited to weekend drives and spirited handling — a good fit for lifestyle-focused drivers. Comes with sunroof. A solid pick for luxury lovers who want a standout badge on Ghanaian roads.",https://upload.wikimedia.org/wikipedia/commons/thumb/9/94/MERCEDES-BENZ_C-CLASS_COUPE_%28C205%29_China.jpg/960px-MERCEDES-BENZ_C-CLASS_COUPE_%28C205%29_China.jpg?utm_source=commons.wikimedia.org&utm_campaign=imageinfo&utm_content=thumbnail
4 Series,BMW,2019,390000,55000,Gasoline,Automatic,Coupe,foreign_used,4,Gray,Sunroof; Leather seats; Navigation; Premium audio,"2019 BMW 4 Series (foreign used), a premium coupe well suited to weekend drives and spirited handling — a good fit for lifestyle-focused drivers. Comes with sunroof. A solid pick for luxury lovers who want a standout badge on Ghanaian roads.",https://upload.wikimedia.org/wikipedia/commons/thumb/d/d8/BMW_4-Series_Coup%C3%A9_%28F32%29_420i_%282019%29_%2853326074002%29.jpg/960px-BMW_4-Series_Coup%C3%A9_%28F32%29_420i_%282019%29_%2853326074002%29.jpg?utm_source=commons.wikimedia.org&utm_campaign=imageinfo&utm_content=thumbnail
A5,Audi,2018,360000,70000,Gasoline,Automatic,Coupe,foreign_used,4,White,Sunroof; Leather seats; Navigation; Premium audio,"2018 Audi A5 (foreign used), a premium coupe well suited to weekend drives and spirited handling — a good fit for lifestyle-focused drivers. Comes with sunroof. A solid pick for luxury lovers who want a standout badge on Ghanaian roads.",https://upload.wikimedia.org/wikipedia/commons/thumb/0/04/Audi_A5_Coup%C3%A9_at_Legendy_2018_in_Prague.jpg/960px-Audi_A5_Coup%C3%A9_at_Legendy_2018_in_Prague.jpg?utm_source=commons.wikimedia.org&utm_campaign=imageinfo&utm_content=thumbnail
Eclipse,Mitsubishi,2011,95000,140000,Gasoline,Manual,Coupe,local_used,4,Silver,Leather seats; Bluetooth,"2011 Mitsubishi Eclipse (locally used), a budget-friendly coupe well suited to weekend drives and spirited handling — a good fit for lifestyle-focused drivers. Comes with leather seats.",https://upload.wikimedia.org/wikipedia/commons/thumb/4/4a/11-12_Mitsubishi_Eclipse.jpg/960px-11-12_Mitsubishi_Eclipse.jpg?utm_source=commons.wikimedia.org&utm_campaign=imageinfo&utm_content=thumbnail
Veloster,Hyundai,2019,180000,72000,Gasoline,Manual,Coupe,foreign_used,4,Orange,Sunroof; Navigation; Backup camera,"2019 Hyundai Veloster (foreign used), a budget-friendly coupe well suited to weekend drives and spirited handling — a good fit for lifestyle-focused drivers. Comes with sunroof.",https://upload.wikimedia.org/wikipedia/commons/9/91/Tehran_13970201_7.jpg?utm_source=commons.wikimedia.org&utm_campaign=imageinfo&utm_content=thumbnail_unscaled
Challenger,Dodge,2018,320000,68000,Gasoline,Automatic,Coupe,foreign_used,5,Black,Leather seats; Navigation; Premium audio; Backup camera,"2018 Dodge Challenger (foreign used), a well-priced coupe well suited to weekend drives and spirited handling — a good fit for lifestyle-focused drivers. Comes with leather seats.",https://upload.wikimedia.org/wikipedia/commons/thumb/3/3e/1971_Dodge_Dart_Demon_Coupe_%2832061365728%29.jpg/960px-1971_Dodge_Dart_Demon_Coupe_%2832061365728%29.jpg?utm_source=commons.wikimedia.org&utm_campaign=imageinfo&utm_content=thumbnail
MX-5 Miata,Mazda,2019,240000,52000,Gasoline,Manual,Convertible,foreign_used,2,Red,Leather seats; Bluetooth; Backup camera,"2019 Mazda MX-5 Miata (foreign used), a budget-friendly convertible well suited to weekend adventures and open-top cruising — a good fit for adventure seekers and luxury lovers. Comes with leather seats.",https://upload.wikimedia.org/wikipedia/commons/thumb/3/3a/Mazda_MX-5_Miata%2C_Bangladesh._%2841334053714%29.jpg/960px-Mazda_MX-5_Miata%2C_Bangladesh._%2841334053714%29.jpg?utm_source=commons.wikimedia.org&utm_campaign=imageinfo&utm_content=thumbnail
Mustang Convertible,Ford,2018,280000,67000,Gasoline,Automatic,Convertible,foreign_used,4,White,Leather seats; Premium audio; Backup camera,"2018 Ford Mustang Convertible (foreign used), a budget-friendly convertible well suited to weekend adventures and open-top cruising — a good fit for adventure seekers and luxury lovers. Comes with leather seats.",https://upload.wikimedia.org/wikipedia/commons/thumb/9/97/Ford_Mustang_convertible_5312550.jpg/960px-Ford_Mustang_convertible_5312550.jpg?utm_source=commons.wikimedia.org&utm_campaign=imageinfo&utm_content=thumbnail
Camaro Convertible,Chevrolet,2019,310000,60000,Gasoline,Automatic,Convertible,foreign_used,4,Yellow,Leather seats; Navigation; Backup camera,"2019 Chevrolet Camaro Convertible (foreign used), a budget-friendly convertible well suited to weekend adventures and open-top cruising — a good fit for adventure seekers and luxury lovers. Comes with leather seats.",https://upload.wikimedia.org/wikipedia/commons/thumb/5/55/1995_Chevrolet_Camaro_Z28_Convertible_07-27-2019.jpg/960px-1995_Chevrolet_Camaro_Z28_Convertible_07-27-2019.jpg?utm_source=commons.wikimedia.org&utm_campaign=imageinfo&utm_content=thumbnail
C-Class Cabriolet,Mercedes-Benz,2019,430000,55000,Gasoline,Automatic,Convertible,foreign_used,4,Black,Leather seats; Sunroof; Premium audio; Navigation,"2019 Mercedes-Benz C-Class Cabriolet (foreign used), a well-priced convertible well suited to weekend adventures and open-top cruising — a good fit for adventure seekers and luxury lovers. Comes with leather seats.",https://upload.wikimedia.org/wikipedia/commons/thumb/9/92/M%C3%BCnster%2C_Beresa%2C_Mercedes-Benz_C-Klasse_Cabrio_--_2018_--_1757.jpg/960px-M%C3%BCnster%2C_Beresa%2C_Mercedes-Benz_C-Klasse_Cabrio_--_2018_--_1757.jpg?utm_source=commons.wikimedia.org&utm_campaign=imageinfo&utm_content=thumbnail
E-Class Cabriolet,Mercedes-Benz,2018,500000,65000,Gasoline,Automatic,Convertible,foreign_used,4,Silver,Leather seats; Heated seats; Navigation; Premium audio,"2018 Mercedes-Benz E-Class Cabriolet (foreign used), a well-priced convertible well suited to weekend adventures and open-top cruising — a good fit for adventure seekers and luxury lovers. Comes with leather seats.",https://upload.wikimedia.org/wikipedia/commons/thumb/9/92/M%C3%BCnster%2C_Beresa%2C_Mercedes-Benz_C-Klasse_Cabrio_--_2018_--_1757.jpg/960px-M%C3%BCnster%2C_Beresa%2C_Mercedes-Benz_C-Klasse_Cabrio_--_2018_--_1757.jpg?utm_source=commons.wikimedia.org&utm_campaign=imageinfo&utm_content=thumbnail
4 Series Convertible,BMW,2019,420000,58000,Gasoline,Automatic,Convertible,foreign_used,4,Blue,Leather seats; Navigation; Premium audio,"2019 BMW 4 Series Convertible (foreign used), a well-priced convertible well suited to weekend adventures and open-top cruising — a good fit for adventure seekers and luxury lovers. Comes with leather seats.",https://upload.wikimedia.org/wikipedia/commons/thumb/a/af/2019_BMW_8-Series_M850i_xDrive_Convertible.jpg/960px-2019_BMW_8-Series_M850i_xDrive_Convertible.jpg?utm_source=commons.wikimedia.org&utm_campaign=imageinfo&utm_content=thumbnail
TT Roadster,Audi,2018,380000,62000,Gasoline,Automatic,Convertible,foreign_used,2,Gray,Leather seats; Navigation; Backup camera,"2018 Audi TT Roadster (foreign used), a well-priced convertible well suited to weekend adventures and open-top cruising — a good fit for adventure seekers and luxury lovers. Comes with leather seats.",https://upload.wikimedia.org/wikipedia/commons/thumb/7/77/Paris_Motor_Show_2018%2C_Paris_%281Y7A2134%29.jpg/960px-Paris_Motor_Show_2018%2C_Paris_%281Y7A2134%29.jpg?utm_source=commons.wikimedia.org&utm_campaign=imageinfo&utm_content=thumbnail
Z4,BMW,2020,480000,42000,Gasoline,Automatic,Convertible,foreign_used,2,White,Leather seats; Navigation; Premium audio; Heated seats,"2020 BMW Z4 (foreign used), a well-priced convertible well suited to weekend adventures and open-top cruising — a good fit for adventure seekers and luxury lovers. Comes with leather seats.",https://upload.wikimedia.org/wikipedia/commons/thumb/c/c6/Black_2002-05_BMW_Z4_Convertible_on_U.S._95.jpg/960px-Black_2002-05_BMW_Z4_Convertible_on_U.S._95.jpg?utm_source=commons.wikimedia.org&utm_campaign=imageinfo&utm_content=thumbnail
Boxster,Porsche,2017,550000,50000,Gasoline,Automatic,Convertible,foreign_used,2,Red,Leather seats; Navigation; Premium audio,"2017 Porsche Boxster (foreign used), a well-priced convertible well suited to weekend adventures and open-top cruising — a good fit for adventure seekers and luxury lovers. Comes with leather seats.",https://upload.wikimedia.org/wikipedia/commons/thumb/a/a5/Osaka_Auto_Messe_2017_%28263%29_-_Porsche_718_Boxster_S_%28ABA-982H2%29.jpg/960px-Osaka_Auto_Messe_2017_%28263%29_-_Porsche_718_Boxster_S_%28ABA-982H2%29.jpg?utm_source=commons.wikimedia.org&utm_campaign=imageinfo&utm_content=thumbnail
911 Cabriolet,Porsche,2018,900000,45000,Gasoline,Automatic,Convertible,foreign_used,2,Black,Leather seats; Navigation; Premium audio; Heated seats,"2018 Porsche 911 Cabriolet (foreign used), a premium convertible well suited to weekend adventures and open-top cruising — a good fit for adventure seekers and luxury lovers. Comes with leather seats. A solid pick for luxury lovers who want a standout badge on Ghanaian roads.",https://upload.wikimedia.org/wikipedia/commons/thumb/0/0a/Porsche_911_Carrera_Cabriolet_6291121.jpg/960px-Porsche_911_Carrera_Cabriolet_6291121.jpg?utm_source=commons.wikimedia.org&utm_campaign=imageinfo&utm_content=thumbnail
Hilux,Toyota,2019,280000,95000,Diesel,Manual,Truck,foreign_used,5,White,All wheel drive; Bluetooth; Backup camera,"2019 Toyota Hilux (foreign used), a well-priced truck well suited to hauling and rough Ghanaian roads — a good fit for adventure seekers. Comes with all wheel drive.",https://upload.wikimedia.org/wikipedia/commons/thumb/7/72/2019_Toyota_Hilux_SR.jpg/960px-2019_Toyota_Hilux_SR.jpg?utm_source=commons.wikimedia.org&utm_campaign=imageinfo&utm_content=thumbnail
Ranger,Ford,2019,270000,82000,Diesel,Automatic,Truck,foreign_used,5,Black,All wheel drive; Navigation; Backup camera,"2019 Ford Ranger (foreign used), a well-priced truck well suited to hauling and rough Ghanaian roads — a good fit for adventure seekers. Comes with all wheel drive.",https://upload.wikimedia.org/wikipedia/commons/thumb/3/3d/Ford_Ranger_XLT_2.5_2019.jpg/960px-Ford_Ranger_XLT_2.5_2019.jpg?utm_source=commons.wikimedia.org&utm_campaign=imageinfo&utm_content=thumbnail
Navara,Nissan,2018,250000,105000,Diesel,Manual,Truck,foreign_used,5,Silver,All wheel drive; Bluetooth; Backup camera,"2018 Nissan Navara (foreign used), a well-priced truck well suited to hauling and rough Ghanaian roads — a good fit for adventure seekers. Comes with all wheel drive.",https://upload.wikimedia.org/wikipedia/commons/thumb/b/bb/Nissan_Navara_4x2_EL_2018.jpg/960px-Nissan_Navara_4x2_EL_2018.jpg?utm_source=commons.wikimedia.org&utm_campaign=imageinfo&utm_content=thumbnail
D-Max,Isuzu,2019,245000,98000,Diesel,Manual,Truck,foreign_used,5,White,All wheel drive; Bluetooth,"2019 Isuzu D-Max (foreign used), a well-priced truck well suited to hauling and rough Ghanaian roads — a good fit for adventure seekers. Comes with all wheel drive.",https://upload.wikimedia.org/wikipedia/commons/thumb/3/35/Isuzu_D-Max%2C_GIMS_2019%2C_Le_Grand-Saconnex_%28GIMS1313%29.jpg/960px-Isuzu_D-Max%2C_GIMS_2019%2C_Le_Grand-Saconnex_%28GIMS1313%29.jpg?utm_source=commons.wikimedia.org&utm_campaign=imageinfo&utm_content=thumbnail
L200,Mitsubishi,2018,235000,110000,Diesel,Manual,Truck,foreign_used,5,Gray,All wheel drive; Backup camera,"2018 Mitsubishi L200 (foreign used), a well-priced truck well suited to hauling and rough Ghanaian roads — a good fit for adventure seekers. Comes with all wheel drive.",https://upload.wikimedia.org/wikipedia/commons/thumb/a/a6/1980_Mitsubishi_L200.jpg/960px-1980_Mitsubishi_L200.jpg?utm_source=commons.wikimedia.org&utm_campaign=imageinfo&utm_content=thumbnail
Colorado,Chevrolet,2019,260000,85000,Diesel,Automatic,Truck,foreign_used,5,Blue,All wheel drive; Navigation; Backup camera,"2019 Chevrolet Colorado (foreign used), a well-priced truck well suited to hauling and rough Ghanaian roads — a good fit for adventure seekers. Comes with all wheel drive.",https://upload.wikimedia.org/wikipedia/commons/thumb/8/89/2019_Chevrolet_Colorado_LTZ.jpg/960px-2019_Chevrolet_Colorado_LTZ.jpg?utm_source=commons.wikimedia.org&utm_campaign=imageinfo&utm_content=thumbnail
F-150,Ford,2018,350000,90000,Gasoline,Automatic,Truck,foreign_used,5,Black,All wheel drive; Leather seats; Navigation; Backup camera,"2018 Ford F-150 (foreign used), a well-priced truck well suited to hauling and rough Ghanaian roads — a good fit for adventure seekers. Comes with all wheel drive.",https://upload.wikimedia.org/wikipedia/commons/thumb/7/71/2018_Ford_F-150_Crew_Cab_front_5.26.18.jpg/960px-2018_Ford_F-150_Crew_Cab_front_5.26.18.jpg?utm_source=commons.wikimedia.org&utm_campaign=imageinfo&utm_content=thumbnail
Tundra,Toyota,2019,390000,78000,Gasoline,Automatic,Truck,foreign_used,5,White,All wheel drive; Leather seats; Premium audio; Backup camera,"2019 Toyota Tundra (foreign used), a premium truck well suited to hauling and rough Ghanaian roads — a good fit for adventure seekers. Comes with all wheel drive.",https://upload.wikimedia.org/wikipedia/commons/thumb/7/75/Toyota_Tundra%2C_Stockholm_%28_1090862%29.jpg/960px-Toyota_Tundra%2C_Stockholm_%28_1090862%29.jpg?utm_source=commons.wikimedia.org&utm_campaign=imageinfo&utm_content=thumbnail
Frontier,Nissan,2020,290000,70000,Gasoline,Automatic,Truck,foreign_used,5,Red,Backup camera; Bluetooth; All wheel drive,"2020 Nissan Frontier (foreign used), a well-priced truck well suited to hauling and rough Ghanaian roads — a good fit for adventure seekers. Comes with backup camera.",https://upload.wikimedia.org/wikipedia/commons/thumb/2/25/Nissan_Frontier_D41_Security.jpg/960px-Nissan_Frontier_D41_Security.jpg?utm_source=commons.wikimedia.org&utm_campaign=imageinfo&utm_content=thumbnail
Amarok,Volkswagen,2018,300000,88000,Diesel,Automatic,Truck,foreign_used,5,Silver,All wheel drive; Leather seats; Navigation,"2018 Volkswagen Amarok (foreign used), a well-priced truck well suited to hauling and rough Ghanaian roads — a good fit for adventure seekers. Comes with all wheel drive.",https://upload.wikimedia.org/wikipedia/commons/thumb/3/3c/Volkswagen_Amarok_Highline.png/960px-Volkswagen_Amarok_Highline.png?utm_source=commons.wikimedia.org&utm_campaign=imageinfo&utm_content=thumbnail
Outback,Subaru,2019,230000,85000,Gasoline,CVT,Wagon,foreign_used,5,Blue,All wheel drive; Navigation; Backup camera,"2019 Subaru Outback (foreign used), a well-priced wagon well suited to family trips with plenty of cargo room — a good fit for family-oriented drivers. Comes with all wheel drive.",https://upload.wikimedia.org/wikipedia/commons/thumb/e/e0/White_2020_Subaru_Outback_rear.jpg/960px-White_2020_Subaru_Outback_rear.jpg?utm_source=commons.wikimedia.org&utm_campaign=imageinfo&utm_content=thumbnail
Forester,Subaru,2018,210000,92000,Gasoline,CVT,Wagon,foreign_used,5,White,All wheel drive; Sunroof; Backup camera,"2018 Subaru Forester (foreign used), a well-priced wagon well suited to family trips with plenty of cargo room — a good fit for family-oriented drivers. Comes with all wheel drive.",https://upload.wikimedia.org/wikipedia/commons/thumb/2/26/2018_Subaru_Forester_%28SK_MY19%29_2.5i_AWD_wagon_%282018-10-08%29_01.jpg/960px-2018_Subaru_Forester_%28SK_MY19%29_2.5i_AWD_wagon_%282018-10-08%29_01.jpg?utm_source=commons.wikimedia.org&utm_campaign=imageinfo&utm_content=thumbnail
V60,Volvo,2019,320000,70000,Diesel,Automatic,Wagon,foreign_used,5,Gray,Leather seats; Navigation; Heated seats,"2019 Volvo V60 (foreign used), a well-priced wagon well suited to family trips with plenty of cargo room — a good fit for family-oriented drivers. Comes with leather seats.",https://upload.wikimedia.org/wikipedia/commons/thumb/9/9b/2019_Volvo_V60_au_SIAM_2019.jpg/960px-2019_Volvo_V60_au_SIAM_2019.jpg?utm_source=commons.wikimedia.org&utm_campaign=imageinfo&utm_content=thumbnail
E-Class Estate,Mercedes-Benz,2018,390000,76000,Diesel,Automatic,Wagon,foreign_used,5,Black,Leather seats; Navigation; Premium audio; Heated seats,"2018 Mercedes-Benz E-Class Estate (foreign used), a premium wagon well suited to family trips with plenty of cargo room — a good fit for family-oriented drivers. Comes with leather seats. A solid pick for luxury lovers who want a standout badge on Ghanaian roads.",https://upload.wikimedia.org/wikipedia/commons/thumb/9/9b/2018_Mercedes-Benz_E-Class_Estate.jpg/960px-2018_Mercedes-Benz_E-Class_Estate.jpg?utm_source=commons.wikimedia.org&utm_campaign=imageinfo&utm_content=thumbnail
3 Series Touring,BMW,2019,360000,68000,Diesel,Automatic,Wagon,foreign_used,5,White,Leather seats; Navigation; Premium audio,"2019 BMW 3 Series Touring (foreign used), a well-priced wagon well suited to family trips with plenty of cargo room — a good fit for family-oriented drivers. Comes with leather seats.",https://upload.wikimedia.org/wikipedia/commons/thumb/3/3b/BMW_3_SERIES_TOURING_%28F30%29_China.jpg/960px-BMW_3_SERIES_TOURING_%28F30%29_China.jpg?utm_source=commons.wikimedia.org&utm_campaign=imageinfo&utm_content=thumbnail
Golf Variant,Volkswagen,2018,180000,98000,Diesel,Manual,Wagon,foreign_used,5,Silver,Navigation; Bluetooth; Heated seats,"2018 Volkswagen Golf Variant (foreign used), a budget-friendly wagon well suited to family trips with plenty of cargo room — a good fit for family-oriented drivers. Comes with navigation.",https://upload.wikimedia.org/wikipedia/commons/thumb/1/16/2018_Volkswagen_Golf_Sportwagen_S_TSI_4Motion%2C_Front_Right%2C_11-21-2021.jpg/960px-2018_Volkswagen_Golf_Sportwagen_S_TSI_4Motion%2C_Front_Right%2C_11-21-2021.jpg?utm_source=commons.wikimedia.org&utm_campaign=imageinfo&utm_content=thumbnail
Octavia Combi,Skoda,2019,170000,90000,Diesel,Manual,Wagon,foreign_used,5,Gray,Navigation; Backup camera; Bluetooth,"2019 Skoda Octavia Combi (foreign used), a budget-friendly wagon well suited to family trips with plenty of cargo room — a good fit for family-oriented drivers. Comes with navigation.",https://upload.wikimedia.org/wikipedia/commons/thumb/e/e5/Skoda_Octavia_RS_wagon_%2830041191607%29.jpg/960px-Skoda_Octavia_RS_wagon_%2830041191607%29.jpg?utm_source=commons.wikimedia.org&utm_campaign=imageinfo&utm_content=thumbnail
Corolla Fielder,Toyota,2018,135000,82000,Hybrid,CVT,Wagon,foreign_used,5,White,Bluetooth; Backup camera; Navigation,"2018 Toyota Corolla Fielder (foreign used), a budget-friendly wagon well suited to family trips with plenty of cargo room — a good fit for family-oriented drivers. Comes with bluetooth. A hybrid powertrain keeps running costs low for eco-conscious drivers.",https://upload.wikimedia.org/wikipedia/commons/thumb/e/eb/Toyota_Corolla_Fielder_%2718_%282%29.jpg/960px-Toyota_Corolla_Fielder_%2718_%282%29.jpg?utm_source=commons.wikimedia.org&utm_campaign=imageinfo&utm_content=thumbnail
A4 Avant,Audi,2018,330000,75000,Gasoline,Automatic,Wagon,foreign_used,5,Black,Sunroof; Leather seats; Navigation; Premium audio,"2018 Audi A4 Avant (foreign used), a well-priced wagon well suited to family trips with plenty of cargo room — a good fit for family-oriented drivers. Comes with sunroof.",https://upload.wikimedia.org/wikipedia/commons/thumb/e/e9/Audi_A4_Avant_1.4TFSI_%28ABA-8WCVN%29_rear.jpg/960px-Audi_A4_Avant_1.4TFSI_%28ABA-8WCVN%29_rear.jpg?utm_source=commons.wikimedia.org&utm_campaign=imageinfo&utm_content=thumbnail
C-Class Estate,Mercedes-Benz,2019,370000,65000,Gasoline,Automatic,Wagon,foreign_used,5,Silver,Sunroof; Leather seats; Navigation; Backup camera,"2019 Mercedes-Benz C-Class Estate (foreign used), a well-priced wagon well suited to family trips with plenty of cargo room — a good fit for family-oriented drivers. Comes with sunroof.",https://upload.wikimedia.org/wikipedia/commons/thumb/7/7a/MERCEDES_BENZ_C-CLASS_ESTATE_%28S204%29_China.jpg/960px-MERCEDES_BENZ_C-CLASS_ESTATE_%28S204%29_China.jpg?utm_source=commons.wikimedia.org&utm_campaign=imageinfo&utm_content=thumbnail
Corrolla Altis,Toyota,2008,165000,72000,Gasoline,Automatic,Sedan,foreign_used,5,Black,ABS; Air Bags; Premium Audio; Heated Seats; Backup Camera; Immobilizer Key; Keyless Entry; Navigation; Power Locks; Power Mirrors; Power Steering; Power Windows,"2008 Toyota Corrolla Altis (foreign used), a well-priced sedan well suited to daily commuting and city driving — a good fit for urban professionals. Comes with ABS.",
Swift,Suzuki,2022,120000,4000,Gasoline,Automatic,Hatchback,foreign_used,5,Red,ABS; Air Bags; Premium Audio; Heated Seats; Backup Camera; Immobilizer Key; Keyless Entry; Navigation; Power Locks; Power Mirrors; Power Steering; Power Windows,"2022 Suzuki Swift (foreign used), a premium hatchback well suited to quick city runs and easy parking — a good fit for budget-conscious buyers. Comes with ABS.",https://upload.wikimedia.org/wikipedia/commons/thumb/a/a6/Suzuki_Swift_%28A2L%29_Pre-Facelift.jpg/960px-Suzuki_Swift_%28A2L%29_Pre-Facelift.jpg?utm_source=commons.wikimedia.org&utm_campaign=imageinfo&utm_content=thumbnail
Civic Oriel,Honda,2017,179000,95000,Gasoline,Automatic,Sedan,foreign_used,5,Gray,ABS; Air Bags; Premium Audio; Heated Seats; Backup Camera; Immobilizer Key; Keyless Entry; Navigation; Power Locks; Power Mirrors; Power Steering; Power Windows,"2017 Honda Civic Oriel (foreign used), a well-priced sedan well suited to daily commuting and city driving — a good fit for urban professionals. Comes with ABS.",
Corolla XLI,Toyota,2010,180000,1234,Gasoline,Manual,Sedan,local_used,5,Silver,ABS; Air Bags; Premium Audio; Heated Seats; Backup Camera; Immobilizer Key; Keyless Entry; Navigation; Power Locks; Power Mirrors; Power Steering; Power Windows,"2010 Toyota Corolla XLI (locally used), a well-priced sedan well suited to daily commuting and city driving — a good fit for urban professionals. Comes with ABS.",https://upload.wikimedia.org/wikipedia/commons/thumb/9/98/Toyota_Corolla_1.6_XLi_2010_%2813412798114%29.jpg/960px-Toyota_Corolla_1.6_XLi_2010_%2813412798114%29.jpg?utm_source=commons.wikimedia.org&utm_campaign=imageinfo&utm_content=thumbnail
Passo,Toyota,2013,62000,135000,Gasoline,Automatic,Hatchback,foreign_used,5,White,ABS; Air Bags; Premium Audio; Heated Seats; Backup Camera; Immobilizer Key; Keyless Entry; Navigation; Power Locks; Power Mirrors; Power Steering; Power Windows,"2013 Toyota Passo (foreign used), a well-priced hatchback well suited to quick city runs and easy parking — a good fit for budget-conscious buyers. Comes with ABS.",https://upload.wikimedia.org/wikipedia/commons/thumb/4/42/2018-2023_Toyota_Passo_Moda.jpg/960px-2018-2023_Toyota_Passo_Moda.jpg?utm_source=commons.wikimedia.org&utm_campaign=imageinfo&utm_content=thumbnail
Every,Suzuki,2016,305500,1000,Gasoline,Manual,Wagon,foreign_used,5,White,ABS; Air Bags; Premium Audio; Heated Seats; Backup Camera; Immobilizer Key; Keyless Entry; Navigation; Power Locks; Power Mirrors; Power Steering; Power Windows,"2016 Suzuki Every (foreign used), a well-priced wagon well suited to family trips with plenty of cargo room — a good fit for family-oriented drivers. Comes with ABS.",https://upload.wikimedia.org/wikipedia/commons/thumb/0/00/Osaka_Auto_Messe_2016_%28180%29_-_Suzuki_EVERY_WAGON_%28DA17W%29_tuned_by_NAJACK_ALLURE.jpg/960px-Osaka_Auto_Messe_2016_%28180%29_-_Suzuki_EVERY_WAGON_%28DA17W%29_tuned_by_NAJACK_ALLURE.jpg?utm_source=commons.wikimedia.org&utm_campaign=imageinfo&utm_content=thumbnail
Alsvin,Changan,2022,223500,29000,Gasoline,Automatic,Sedan,local_used,5,White,ABS; Air Bags; Premium Audio; Heated Seats; Backup Camera; Immobilizer Key; Keyless Entry; Navigation; Power Locks; Power Mirrors; Power Steering; Power Windows,"2022 Changan Alsvin (locally used), a premium sedan well suited to daily commuting and city driving — a good fit for urban professionals. Comes with ABS.",https://upload.wikimedia.org/wikipedia/commons/thumb/8/85/Changan_Alsvin_%E2%80%94_Front.jpg/960px-Changan_Alsvin_%E2%80%94_Front.jpg?utm_source=commons.wikimedia.org&utm_campaign=imageinfo&utm_content=thumbnail
Civic Oriel,Honda,2006,106000,160000,Gasoline,Automatic,Sedan,local_used,5,Blue,ABS; Air Bags; Premium Audio; Heated Seats; Backup Camera; Immobilizer Key; Keyless Entry; Navigation; Power Locks; Power Mirrors; Power Steering; Power Windows,"2006 Honda Civic Oriel (locally used), a well-priced sedan well suited to daily commuting and city driving — a good fit for urban professionals. Comes with ABS.",
Corolla GLI,Toyota,2014,130000,125000,Gasoline,Automatic,Sedan,foreign_used,5,Silver,ABS; Air Bags; Premium Audio; Heated Seats; Backup Camera; Immobilizer Key; Keyless Entry; Navigation; Power Locks; Power Mirrors; Power Steering; Power Windows,"2014 Toyota Corolla GLI (foreign used), a well-priced sedan well suited to daily commuting and city driving — a good fit for urban professionals. Comes with ABS.",https://upload.wikimedia.org/wikipedia/commons/thumb/4/4f/Toyota_Corolla_1.6_GLi_1998.jpg/960px-Toyota_Corolla_1.6_GLi_1998.jpg?utm_source=commons.wikimedia.org&utm_campaign=imageinfo&utm_content=thumbnail
City Aspire,Honda,2022,216000,19000,Gasoline,Automatic,Sedan,foreign_used,5,Gray,ABS; Air Bags; Premium Audio; Heated Seats; Backup Camera; Immobilizer Key; Keyless Entry; Navigation; Power Locks; Power Mirrors; Power Steering; Power Windows,"2022 Honda City Aspire (foreign used), a premium sedan well suited to daily commuting and city driving — a good fit for urban professionals. Comes with ABS.",https://upload.wikimedia.org/wikipedia/commons/thumb/f/f4/HCA_interior.JPG/960px-HCA_interior.JPG?utm_source=commons.wikimedia.org&utm_campaign=imageinfo&utm_content=thumbnail
Altis Grande,Toyota,2017,131500,124000,Gasoline,Automatic,Sedan,foreign_used,5,White,ABS; Air Bags; Premium Audio; Heated Seats; Backup Camera; Immobilizer Key; Keyless Entry; Navigation; Power Locks; Power Mirrors; Power Steering; Power Windows,"2017 Toyota Altis Grande (foreign used), a well-priced sedan well suited to daily commuting and city driving — a good fit for urban professionals. Comes with ABS.",https://upload.wikimedia.org/wikipedia/commons/thumb/f/f3/2015_Altis_Grande.jpg/960px-2015_Altis_Grande.jpg?utm_source=commons.wikimedia.org&utm_campaign=imageinfo&utm_content=thumbnail
City IVTEC,Honda,2017,161500,110000,Gasoline,Automatic,Sedan,foreign_used,5,Yellow,ABS; Air Bags; Premium Audio; Heated Seats; Backup Camera; Immobilizer Key; Keyless Entry; Navigation; Power Locks; Power Mirrors; Power Steering; Power Windows,"2017 Honda City IVTEC (foreign used), a well-priced sedan well suited to daily commuting and city driving — a good fit for urban professionals. Comes with ABS.",https://upload.wikimedia.org/wikipedia/commons/thumb/0/02/Steering_Wheel_of_Honda_City_7th_Generation_%285th_Generation_Sedan%29_iVTEC_2022.jpg/960px-Steering_Wheel_of_Honda_City_7th_Generation_%285th_Generation_Sedan%29_iVTEC_2022.jpg?utm_source=commons.wikimedia.org&utm_campaign=imageinfo&utm_content=thumbnail
Prius,Toyota,2008,65500,100000,Gasoline,Manual,Hatchback,foreign_used,5,Blue,ABS; Air Bags; Premium Audio; Heated Seats; Backup Camera; Immobilizer Key; Keyless Entry; Navigation; Power Locks; Power Mirrors; Power Steering; Power Windows,"2008 Toyota Prius (foreign used), a well-priced hatchback well suited to quick city runs and easy parking — a good fit for budget-conscious buyers. Comes with ABS.",https://upload.wikimedia.org/wikipedia/commons/thumb/0/01/2008_Toyota_Prius_%28NHW20R%29_hatchback_%282018-11-02%29_01.jpg/960px-2008_Toyota_Prius_%28NHW20R%29_hatchback_%282018-11-02%29_01.jpg?utm_source=commons.wikimedia.org&utm_campaign=imageinfo&utm_content=thumbnail
Passo,Toyota,2017,90000,105000,Gasoline,Automatic,Hatchback,foreign_used,5,White,ABS; Air Bags; Premium Audio; Heated Seats; Backup Camera; Immobilizer Key; Keyless Entry; Navigation; Power Locks; Power Mirrors; Power Steering; Power Windows,"2017 Toyota Passo (foreign used), a well-priced hatchback well suited to quick city runs and easy parking — a good fit for budget-conscious buyers. Comes with ABS.",https://upload.wikimedia.org/wikipedia/commons/thumb/4/42/Toyota_Passo_%2831364789034%29.jpg/960px-Toyota_Passo_%2831364789034%29.jpg?utm_source=commons.wikimedia.org&utm_campaign=imageinfo&utm_content=thumbnail
Civic Oriel,Honda,2016,156500,85000,Gasoline,Manual,Sedan,foreign_used,5,White,ABS; Air Bags; Premium Audio; Heated Seats; Backup Camera; Immobilizer Key; Keyless Entry; Navigation; Power Locks; Power Mirrors; Power Steering; Power Windows,"2016 Honda Civic Oriel (foreign used), a well-priced sedan well suited to daily commuting and city driving — a good fit for urban professionals. Comes with ABS.",
Civic Prosmetic,Honda,2007,131500,100000,Gasoline,Automatic,Sedan,foreign_used,5,White,ABS; Air Bags; Premium Audio; Heated Seats; Backup Camera; Immobilizer Key; Keyless Entry; Navigation; Power Locks; Power Mirrors; Power Steering; Power Windows,"2007 Honda Civic Prosmetic (foreign used), a well-priced sedan well suited to daily commuting and city driving — a good fit for urban professionals. Comes with ABS.",
Altis Grande,Toyota,2016,148000,68000,Gasoline,Automatic,Sedan,foreign_used,5,Black,ABS; Air Bags; Premium Audio; Heated Seats; Backup Camera; Immobilizer Key; Keyless Entry; Navigation; Power Locks; Power Mirrors; Power Steering; Power Windows,"2016 Toyota Altis Grande (foreign used), a well-priced sedan well suited to daily commuting and city driving — a good fit for urban professionals. Comes with ABS.",https://upload.wikimedia.org/wikipedia/commons/thumb/f/f3/2015_Altis_Grande.jpg/960px-2015_Altis_Grande.jpg?utm_source=commons.wikimedia.org&utm_campaign=imageinfo&utm_content=thumbnail
Cuore,Daihatsu,2006,70500,26868,Gasoline,Manual,Hatchback,foreign_used,5,Silver,ABS; Air Bags; Premium Audio; Heated Seats; Backup Camera; Immobilizer Key; Keyless Entry; Navigation; Power Locks; Power Mirrors; Power Steering; Power Windows,"2006 Daihatsu Cuore (foreign used), a well-priced hatchback well suited to quick city runs and easy parking — a good fit for budget-conscious buyers. Comes with ABS.",https://upload.wikimedia.org/wikipedia/commons/thumb/d/dd/7th_generation_Daihatsu_Mira_01.jpg/960px-7th_generation_Daihatsu_Mira_01.jpg?utm_source=commons.wikimedia.org&utm_campaign=imageinfo&utm_content=thumbnail
Civic Prosmetic,Honda,2012,138000,112000,Gasoline,Automatic,Sedan,foreign_used,5,Black,ABS; Air Bags; Premium Audio; Heated Seats; Backup Camera; Immobilizer Key; Keyless Entry; Navigation; Power Locks; Power Mirrors; Power Steering; Power Windows,"2012 Honda Civic Prosmetic (foreign used), a well-priced sedan well suited to daily commuting and city driving — a good fit for urban professionals. Comes with ABS.",
Picanto,KIA,2021,157000,65000,Gasoline,Automatic,Hatchback,foreign_used,5,Black,ABS; Air Bags; Premium Audio; Heated Seats; Backup Camera; Immobilizer Key; Keyless Entry; Navigation; Power Locks; Power Mirrors; Power Steering; Power Windows,"2021 KIA Picanto (foreign used), a premium hatchback well suited to quick city runs and easy parking — a good fit for budget-conscious buyers. Comes with ABS. A solid pick for luxury lovers who want a standout badge.",https://upload.wikimedia.org/wikipedia/commons/thumb/8/81/2018_Kia_Picanto_S_hatchback_rear.jpg/960px-2018_Kia_Picanto_S_hatchback_rear.jpg?utm_source=commons.wikimedia.org&utm_campaign=imageinfo&utm_content=thumbnail
X-PV,FAW,2018,78000,140000,Gasoline,Manual,Hatchback,foreign_used,5,Silver,ABS; Air Bags; Premium Audio; Heated Seats; Backup Camera; Immobilizer Key; Keyless Entry; Navigation; Power Locks; Power Mirrors; Power Steering; Power Windows,"2018 FAW X-PV (foreign used), a well-priced hatchback well suited to quick city runs and easy parking — a good fit for budget-conscious buyers. Comes with ABS.",https://upload.wikimedia.org/wikipedia/commons/6/6b/G_Kim_Wincup_1.jpg?utm_source=commons.wikimedia.org&utm_campaign=imageinfo&utm_content=thumbnail_unscaled
Alsvin,Changan,2021,200000,19220,Gasoline,Automatic,Sedan,local_used,5,White,ABS; Air Bags; Premium Audio; Heated Seats; Backup Camera; Immobilizer Key; Keyless Entry; Navigation; Power Locks; Power Mirrors; Power Steering; Power Windows,"2021 Changan Alsvin (locally used), a premium sedan well suited to daily commuting and city driving — a good fit for urban professionals. Comes with ABS.",https://upload.wikimedia.org/wikipedia/commons/thumb/4/45/Changan_Alsvin_IMG002.jpg/960px-Changan_Alsvin_IMG002.jpg?utm_source=commons.wikimedia.org&utm_campaign=imageinfo&utm_content=thumbnail
C Class,Mercedes,2001,195500,99990,Gasoline,Automatic,Sedan,foreign_used,5,Black,ABS; Air Bags; Premium Audio; Heated Seats; Backup Camera; Immobilizer Key; Keyless Entry; Navigation; Power Locks; Power Mirrors; Power Steering; Power Windows,"2001 Mercedes C Class (foreign used), a premium sedan well suited to daily commuting and city driving — a good fit for urban professionals. Comes with ABS. A solid pick for luxury lovers who want a standout badge.",https://upload.wikimedia.org/wikipedia/commons/thumb/c/c4/2004-2007_Mercedes_Benz_C_230_%28W_203%29_Sport_sedan%2C_Silver_Bird_taxi_%282007-11-01%29.jpg/960px-2004-2007_Mercedes_Benz_C_230_%28W_203%29_Sport_sedan%2C_Silver_Bird_taxi_%282007-11-01%29.jpg?utm_source=commons.wikimedia.org&utm_campaign=imageinfo&utm_content=thumbnail
Swift,Suzuki,2023,131500,1200,Gasoline,Automatic,Hatchback,foreign_used,5,Black,ABS; Air Bags; Premium Audio; Heated Seats; Backup Camera; Immobilizer Key; Keyless Entry; Navigation; Power Locks; Power Mirrors; Power Steering; Power Windows,"2023 Suzuki Swift (foreign used), a premium hatchback well suited to quick city runs and easy parking — a good fit for budget-conscious buyers. Comes with ABS.",https://upload.wikimedia.org/wikipedia/commons/thumb/a/a1/2020_Suzuki_Swift_GL_%28A2L%2C_5-door_hatchback%29.png/960px-2020_Suzuki_Swift_GL_%28A2L%2C_5-door_hatchback%29.png?utm_source=commons.wikimedia.org&utm_campaign=imageinfo&utm_content=thumbnail
Baleno,Suzuki,2000,59000,123456,Gasoline,Manual,Hatchback,local_used,5,Black,ABS; Air Bags; Premium Audio; Heated Seats; Backup Camera; Immobilizer Key; Keyless Entry; Navigation; Power Locks; Power Mirrors; Power Steering; Power Windows,"2000 Suzuki Baleno (locally used), a well-priced hatchback well suited to quick city runs and easy parking — a good fit for budget-conscious buyers. Comes with ABS.",https://upload.wikimedia.org/wikipedia/commons/thumb/0/0e/2000_Suzuki_Baleno_%28SY416%29_GL_hatchback_%282011-12-06%29.jpg/960px-2000_Suzuki_Baleno_%28SY416%29_GL_hatchback_%282011-12-06%29.jpg?utm_source=commons.wikimedia.org&utm_campaign=imageinfo&utm_content=thumbnail
Corrolla Altis,Toyota,2010,142500,40000,Gasoline,Automatic,Sedan,foreign_used,5,Blue,ABS; Air Bags; Premium Audio; Heated Seats; Backup Camera; Immobilizer Key; Keyless Entry; Navigation; Power Locks; Power Mirrors; Power Steering; Power Windows,"2010 Toyota Corrolla Altis (foreign used), a well-priced sedan well suited to daily commuting and city driving — a good fit for urban professionals. Comes with ABS.",
Alto,Suzuki,2020,99000,54000,Gasoline,Automatic,Hatchback,foreign_used,5,White,ABS; Air Bags; Premium Audio; Heated Seats; Backup Camera; Immobilizer Key; Keyless Entry; Navigation; Power Locks; Power Mirrors; Power Steering; Power Windows,"2020 Suzuki Alto (foreign used), a well-priced hatchback well suited to quick city runs and easy parking — a good fit for budget-conscious buyers. Comes with ABS.",https://upload.wikimedia.org/wikipedia/commons/thumb/f/fc/2020_Suzuki_Alto_800_GLX_%28Chile%29_front_view.jpg/960px-2020_Suzuki_Alto_800_GLX_%28Chile%29_front_view.jpg?utm_source=commons.wikimedia.org&utm_campaign=imageinfo&utm_content=thumbnail
Altis Grande,Toyota,2014,131000,112000,Gasoline,Automatic,Sedan,foreign_used,5,Silver,ABS; Air Bags; Premium Audio; Heated Seats; Backup Camera; Immobilizer Key; Keyless Entry; Navigation; Power Locks; Power Mirrors; Power Steering; Power Windows,"2014 Toyota Altis Grande (foreign used), a well-priced sedan well suited to daily commuting and city driving — a good fit for urban professionals. Comes with ABS.",https://upload.wikimedia.org/wikipedia/commons/thumb/f/f3/2015_Altis_Grande.jpg/960px-2015_Altis_Grande.jpg?utm_source=commons.wikimedia.org&utm_campaign=imageinfo&utm_content=thumbnail
Altis Grande,Toyota,2015,151000,84000,Gasoline,Automatic,Sedan,foreign_used,5,Silver,ABS; Air Bags; Premium Audio; Heated Seats; Backup Camera; Immobilizer Key; Keyless Entry; Navigation; Power Locks; Power Mirrors; Power Steering; Power Windows,"2015 Toyota Altis Grande (foreign used), a well-priced sedan well suited to daily commuting and city driving — a good fit for urban professionals. Comes with ABS.",https://upload.wikimedia.org/wikipedia/commons/thumb/f/f3/2015_Altis_Grande.jpg/960px-2015_Altis_Grande.jpg?utm_source=commons.wikimedia.org&utm_campaign=imageinfo&utm_content=thumbnail
Corolla GLI,Toyota,2010,119000,197000,Gasoline,Manual,Sedan,local_used,5,White,ABS; Air Bags; Premium Audio; Heated Seats; Backup Camera; Immobilizer Key; Keyless Entry; Navigation; Power Locks; Power Mirrors; Power Steering; Power Windows,"2010 Toyota Corolla GLI (locally used), a well-priced sedan well suited to daily commuting and city driving — a good fit for urban professionals. Comes with ABS.",https://upload.wikimedia.org/wikipedia/commons/thumb/4/42/Toyota_Corolla_GLi_hatchback_%28rear%29.jpg/960px-Toyota_Corolla_GLi_hatchback_%28rear%29.jpg?utm_source=commons.wikimedia.org&utm_campaign=imageinfo&utm_content=thumbnail
Civic Prosmetic,Honda,2005,82000,200000,Gasoline,Manual,Sedan,foreign_used,5,Silver,ABS; Air Bags; Premium Audio; Heated Seats; Backup Camera; Immobilizer Key; Keyless Entry; Navigation; Power Locks; Power Mirrors; Power Steering; Power Windows,"2005 Honda Civic Prosmetic (foreign used), a budget-friendly sedan well suited to daily commuting and city driving — a good fit for urban professionals. Comes with ABS.",
Corrolla Altis,Toyota,2012,131500,140000,Gasoline,Automatic,Sedan,foreign_used,5,White,ABS; Air Bags; Premium Audio; Heated Seats; Backup Camera; Immobilizer Key; Keyless Entry; Navigation; Power Locks; Power Mirrors; Power Steering; Power Windows,"2012 Toyota Corrolla Altis (foreign used), a well-priced sedan well suited to daily commuting and city driving — a good fit for urban professionals. Comes with ABS.",
Passo,Toyota,2022,93500,105000,Gasoline,Automatic,Hatchback,foreign_used,5,White,ABS; Air Bags; Premium Audio; Heated Seats; Backup Camera; Immobilizer Key; Keyless Entry; Navigation; Power Locks; Power Mirrors; Power Steering; Power Windows,"2022 Toyota Passo (foreign used), a well-priced hatchback well suited to quick city runs and easy parking — a good fit for budget-conscious buyers. Comes with ABS.",https://upload.wikimedia.org/wikipedia/commons/thumb/6/6c/Toyota_Passo%2C_Toyota_Megaweb%2C_Odaiba%2C_Tokyo%2C_Japan.jpg/960px-Toyota_Passo%2C_Toyota_Megaweb%2C_Odaiba%2C_Tokyo%2C_Japan.jpg?utm_source=commons.wikimedia.org&utm_campaign=imageinfo&utm_content=thumbnail
Corrolla Altis,Toyota,2015,152000,130000,Gasoline,Automatic,Sedan,foreign_used,5,Red,ABS; Air Bags; Premium Audio; Heated Seats; Backup Camera; Immobilizer Key; Keyless Entry; Navigation; Power Locks; Power Mirrors; Power Steering; Power Windows,"2015 Toyota Corrolla Altis (foreign used), a well-priced sedan well suited to daily commuting and city driving — a good fit for urban professionals. Comes with ABS.",
Yaris,Toyota,2021,208000,37000,Gasoline,Automatic,Sedan,foreign_used,5,Yellow,ABS; Air Bags; Premium Audio; Heated Seats; Backup Camera; Immobilizer Key; Keyless Entry; Navigation; Power Locks; Power Mirrors; Power Steering; Power Windows,"2021 Toyota Yaris (foreign used), a premium sedan well suited to daily commuting and city driving — a good fit for urban professionals. Comes with ABS.",https://upload.wikimedia.org/wikipedia/commons/thumb/c/c9/2020_Toyota_Yaris_L_sedan%2C_rear_left%2C_05-04-2025.jpg/960px-2020_Toyota_Yaris_L_sedan%2C_rear_left%2C_05-04-2025.jpg?utm_source=commons.wikimedia.org&utm_campaign=imageinfo&utm_content=thumbnail
Swift,Suzuki,2010,41500,235000,Gasoline,Manual,Hatchback,foreign_used,5,Blue,ABS; Air Bags; Premium Audio; Heated Seats; Backup Camera; Immobilizer Key; Keyless Entry; Navigation; Power Locks; Power Mirrors; Power Steering; Power Windows,"2010 Suzuki Swift (foreign used), a budget-friendly hatchback well suited to quick city runs and easy parking — a good fit for budget-conscious buyers. Comes with ABS.",https://upload.wikimedia.org/wikipedia/commons/thumb/2/25/2010_Suzuki_Swift_Sport.jpg/960px-2010_Suzuki_Swift_Sport.jpg?utm_source=commons.wikimedia.org&utm_campaign=imageinfo&utm_content=thumbnail
Sportage,KIA,2003,293000,64000,Gasoline,Automatic,SUV,foreign_used,7,Black,ABS; Air Bags; Premium Audio; Heated Seats; Backup Camera; Immobilizer Key; Keyless Entry; Navigation; Power Locks; Power Mirrors; Power Steering; Power Windows,"2003 KIA Sportage (foreign used), a premium suv well suited to family trips and weekend getaways — a good fit for family-oriented drivers. Comes with ABS. A solid pick for luxury lovers who want a standout badge.",https://upload.wikimedia.org/wikipedia/commons/thumb/c/c5/Kia_Grand_Sportage_2.0_DLX_2003_%2816310629557%29.jpg/960px-Kia_Grand_Sportage_2.0_DLX_2003_%2816310629557%29.jpg?utm_source=commons.wikimedia.org&utm_campaign=imageinfo&utm_content=thumbnail
Corrolla Altis,Toyota,2009,122000,145000,Gasoline,Automatic,Sedan,local_used,5,White,ABS; Air Bags; Premium Audio; Heated Seats; Backup Camera; Immobilizer Key; Keyless Entry; Navigation; Power Locks; Power Mirrors; Power Steering; Power Windows,"2009 Toyota Corrolla Altis (locally used), a well-priced sedan well suited to daily commuting and city driving — a good fit for urban professionals. Comes with ABS.",
Corrolla Altis,Toyota,2018,110500,185000,Gasoline,Automatic,Sedan,foreign_used,5,Gray,ABS; Air Bags; Premium Audio; Heated Seats; Backup Camera; Immobilizer Key; Keyless Entry; Navigation; Power Locks; Power Mirrors; Power Steering; Power Windows,"2018 Toyota Corrolla Altis (foreign used), a well-priced sedan well suited to daily commuting and city driving — a good fit for urban professionals. Comes with ABS.",
Civic Prosmetic,Honda,2013,180000,10000,Gasoline,Automatic,Sedan,foreign_used,5,Black,ABS; Air Bags; Premium Audio; Heated Seats; Backup Camera; Immobilizer Key; Keyless Entry; Navigation; Power Locks; Power Mirrors; Power Steering; Power Windows,"2013 Honda Civic Prosmetic (foreign used), a well-priced sedan well suited to daily commuting and city driving — a good fit for urban professionals. Comes with ABS.",
Move,Daihatsu,2019,91500,19000,Gasoline,Automatic,Hatchback,foreign_used,5,White,ABS; Air Bags; Premium Audio; Heated Seats; Backup Camera; Immobilizer Key; Keyless Entry; Navigation; Power Locks; Power Mirrors; Power Steering; Power Windows,"2019 Daihatsu Move (foreign used), a well-priced hatchback well suited to quick city runs and easy parking — a good fit for budget-conscious buyers. Comes with ABS.",https://upload.wikimedia.org/wikipedia/commons/thumb/c/c4/Daihatsu_Move_Latte_RS.jpg/960px-Daihatsu_Move_Latte_RS.jpg?utm_source=commons.wikimedia.org&utm_campaign=imageinfo&utm_content=thumbnail
Mira,Daihatsu,2020,92500,28000,Gasoline,Automatic,Hatchback,foreign_used,5,Silver,ABS; Air Bags; Premium Audio; Heated Seats; Backup Camera; Immobilizer Key; Keyless Entry; Navigation; Power Locks; Power Mirrors; Power Steering; Power Windows,"2020 Daihatsu Mira (foreign used), a well-priced hatchback well suited to quick city runs and easy parking — a good fit for budget-conscious buyers. Comes with ABS.",https://upload.wikimedia.org/wikipedia/commons/thumb/1/18/Daihatsu_Mira_Moderno_2WD_%28E-L502S%29_rear.jpg/960px-Daihatsu_Mira_Moderno_2WD_%28E-L502S%29_rear.jpg?utm_source=commons.wikimedia.org&utm_campaign=imageinfo&utm_content=thumbnail
Wagon R,Suzuki,2019,103500,18360,Gasoline,Automatic,Hatchback,foreign_used,5,White,ABS; Air Bags; Premium Audio; Heated Seats; Backup Camera; Immobilizer Key; Keyless Entry; Navigation; Power Locks; Power Mirrors; Power Steering; Power Windows,"2019 Suzuki Wagon R (foreign used), a well-priced hatchback well suited to quick city runs and easy parking — a good fit for budget-conscious buyers. Comes with ABS.",https://upload.wikimedia.org/wikipedia/commons/thumb/8/85/2019_Suzuki_Karimun_Wagon_R_GS%2C_West_Surabaya.jpg/960px-2019_Suzuki_Karimun_Wagon_R_GS%2C_West_Surabaya.jpg?utm_source=commons.wikimedia.org&utm_campaign=imageinfo&utm_content=thumbnail
C Class,Mercedes,2008,188500,110000,Gasoline,Automatic,Sedan,foreign_used,5,Red,ABS; Air Bags; Premium Audio; Heated Seats; Backup Camera; Immobilizer Key; Keyless Entry; Navigation; Power Locks; Power Mirrors; Power Steering; Power Windows,"2008 Mercedes C Class (foreign used), a well-priced sedan well suited to daily commuting and city driving — a good fit for urban professionals. Comes with ABS.",https://upload.wikimedia.org/wikipedia/commons/thumb/5/58/Mercedes-Benz_C-Class_w204_amk.jpg/960px-Mercedes-Benz_C-Class_w204_amk.jpg?utm_source=commons.wikimedia.org&utm_campaign=imageinfo&utm_content=thumbnail
Mira,Daihatsu,2012,72000,127000,Gasoline,Automatic,Hatchback,foreign_used,5,Black,ABS; Air Bags; Premium Audio; Heated Seats; Backup Camera; Immobilizer Key; Keyless Entry; Navigation; Power Locks; Power Mirrors; Power Steering; Power Windows,"2012 Daihatsu Mira (foreign used), a well-priced hatchback well suited to quick city runs and easy parking — a good fit for budget-conscious buyers. Comes with ABS.",https://upload.wikimedia.org/wikipedia/commons/thumb/c/c8/2013-2015_Daihatsu_Mira_eS_%28LA300S%29_front_right.jpg/960px-2013-2015_Daihatsu_Mira_eS_%28LA300S%29_front_right.jpg?utm_source=commons.wikimedia.org&utm_campaign=imageinfo&utm_content=thumbnail
Corolla XLI,Toyota,2015,206500,10000,Gasoline,Manual,Sedan,foreign_used,5,Gray,ABS; Air Bags; Premium Audio; Heated Seats; Immobilizer Key; Keyless Entry; Navigation; Power Locks; Power Mirrors; Power Steering; Power Windows; Backup Camera,"2015 Toyota Corolla XLI (foreign used), a premium sedan well suited to daily commuting and city driving — a good fit for urban professionals. Comes with ABS.",https://upload.wikimedia.org/wikipedia/commons/thumb/b/b2/Toyota_Corolla_1.6_XLi_2008.jpg/960px-Toyota_Corolla_1.6_XLi_2008.jpg?utm_source=commons.wikimedia.org&utm_campaign=imageinfo&utm_content=thumbnail
Corolla GLI,Toyota,2009,101000,250000,Gasoline,Manual,Sedan,foreign_used,5,Black,ABS; Air Bags; Premium Audio; Heated Seats; Backup Camera; Immobilizer Key; Navigation; Power Locks; Power Mirrors; Power Steering; Power Windows,"2009 Toyota Corolla GLI (foreign used), a budget-friendly sedan well suited to daily commuting and city driving — a good fit for urban professionals. Comes with ABS.",https://upload.wikimedia.org/wikipedia/commons/a/af/1997_Toyota_Corolla_GLi_01.jpg?utm_source=commons.wikimedia.org&utm_campaign=imageinfo&utm_content=thumbnail_unscaled
Every,Suzuki,2007,259000,5000,Gasoline,Automatic,Wagon,local_used,5,Silver,ABS; Air Bags; Premium Audio; Heated Seats; Backup Camera; Immobilizer Key; Keyless Entry; Navigation; Power Locks; Power Mirrors; Power Windows,"2007 Suzuki Every (locally used), a well-priced wagon well suited to family trips with plenty of cargo room — a good fit for family-oriented drivers. Comes with ABS.",https://upload.wikimedia.org/wikipedia/commons/thumb/2/21/2005_Suzuki_Every_01.jpg/960px-2005_Suzuki_Every_01.jpg?utm_source=commons.wikimedia.org&utm_campaign=imageinfo&utm_content=thumbnail
Sportage,KIA,2006,233500,150000,Gasoline,Automatic,SUV,foreign_used,7,Silver,ABS; Air Bags; Premium Audio; Backup Camera; Immobilizer Key; Keyless Entry; Navigation; Power Locks; Power Mirrors; Power Steering; Power Windows,"2006 KIA Sportage (foreign used), a well-priced suv well suited to family trips and weekend getaways — a good fit for family-oriented drivers. Comes with ABS.",https://upload.wikimedia.org/wikipedia/commons/thumb/1/16/Kia_Sportage_TLX_2006.jpg/960px-Kia_Sportage_TLX_2006.jpg?utm_source=commons.wikimedia.org&utm_campaign=imageinfo&utm_content=thumbnail
Corolla XLI,Toyota,2011,158500,12345,Gasoline,Manual,Sedan,foreign_used,5,White,ABS; Air Bags; Premium Audio; Heated Seats; Backup Camera; Immobilizer Key; Keyless Entry; Navigation; Power Locks; Power Mirrors; Power Steering; Power Windows,"2011 Toyota Corolla XLI (foreign used), a well-priced sedan well suited to daily commuting and city driving — a good fit for urban professionals. Comes with ABS.",https://upload.wikimedia.org/wikipedia/commons/thumb/9/92/Toyota_Corolla_1.6_XLi_2011_%2852619410747%29.jpg/960px-Toyota_Corolla_1.6_XLi_2011_%2852619410747%29.jpg?utm_source=commons.wikimedia.org&utm_campaign=imageinfo&utm_content=thumbnail
E Class,Mercedes,2005,195500,128000,Gasoline,Automatic,Sedan,foreign_used,5,Yellow,ABS; Air Bags; Premium Audio; Heated Seats; Backup Camera; Immobilizer Key; Keyless Entry; Navigation; Power Locks; Power Mirrors; Power Steering; Power Windows,"2005 Mercedes E Class (foreign used), a premium sedan well suited to daily commuting and city driving — a good fit for urban professionals. Comes with ABS. A solid pick for luxury lovers who want a standout badge.",https://upload.wikimedia.org/wikipedia/commons/thumb/7/71/2005-2009_Mercedes-Benz_S_500_%28W_221%29_sedan_%282012-10-23%29_01.jpg/960px-2005-2009_Mercedes-Benz_S_500_%28W_221%29_sedan_%282012-10-23%29_01.jpg?utm_source=commons.wikimedia.org&utm_campaign=imageinfo&utm_content=thumbnail
Passo,Toyota,2009,76500,100000,Gasoline,Automatic,Hatchback,local_used,5,Gray,ABS; Air Bags; Premium Audio; Heated Seats; Backup Camera; Immobilizer Key; Keyless Entry; Navigation; Power Locks; Power Mirrors; Power Steering; Power Windows,"2009 Toyota Passo (locally used), a well-priced hatchback well suited to quick city runs and easy parking — a good fit for budget-conscious buyers. Comes with ABS.",https://upload.wikimedia.org/wikipedia/commons/thumb/4/42/2018-2023_Toyota_Passo_Moda.jpg/960px-2018-2023_Toyota_Passo_Moda.jpg?utm_source=commons.wikimedia.org&utm_campaign=imageinfo&utm_content=thumbnail
City Vario,Honda,2021,178500,30000,Gasoline,Automatic,Sedan,foreign_used,5,Red,ABS; Air Bags; Premium Audio; Heated Seats; Backup Camera; Immobilizer Key; Keyless Entry; Navigation; Power Locks; Power Mirrors; Power Steering; Power Windows,"2021 Honda City Vario (foreign used), a well-priced sedan well suited to daily commuting and city driving — a good fit for urban professionals. Comes with ABS.",https://upload.wikimedia.org/wikipedia/commons/thumb/4/49/Honda_Scoopy_in_different_generations_-_Jambi_City%2C_JA_02.jpg/960px-Honda_Scoopy_in_different_generations_-_Jambi_City%2C_JA_02.jpg?utm_source=commons.wikimedia.org&utm_campaign=imageinfo&utm_content=thumbnail
Corrolla Altis,Toyota,2019,191500,98000,Gasoline,Automatic,Sedan,foreign_used,5,Red,ABS; Air Bags; Premium Audio; Heated Seats; Backup Camera; Immobilizer Key; Keyless Entry; Navigation; Power Locks; Power Mirrors; Power Steering,"2019 Toyota Corrolla Altis (foreign used), a well-priced sedan well suited to daily commuting and city driving — a good fit for urban professionals. Comes with ABS.",
E Class,Mercedes,2004,148500,150000,Gasoline,Automatic,Sedan,local_used,5,Silver,ABS; Air Bags; Premium Audio; Heated Seats; Backup Camera; Immobilizer Key; Keyless Entry; Navigation; Power Locks; Power Mirrors; Power Steering; Power Windows,"2004 Mercedes E Class (locally used), a well-priced sedan well suited to daily commuting and city driving — a good fit for urban professionals. Comes with ABS.",https://upload.wikimedia.org/wikipedia/commons/thumb/1/10/Mercedes-Benz_E-Class_%28broken%29_and_C-Class_%28unbroken%29.jpg/960px-Mercedes-Benz_E-Class_%28broken%29_and_C-Class_%28unbroken%29.jpg?utm_source=commons.wikimedia.org&utm_campaign=imageinfo&utm_content=thumbnail
City Aspire,Honda,2021,201000,49000,Gasoline,Manual,Sedan,local_used,5,Red,ABS; Air Bags; Premium Audio; Heated Seats; Immobilizer Key; Keyless Entry; Navigation; Power Locks; Power Mirrors; Power Steering; Power Windows; Backup Camera,"2021 Honda City Aspire (locally used), a premium sedan well suited to daily commuting and city driving — a good fit for urban professionals. Comes with ABS.",https://upload.wikimedia.org/wikipedia/commons/thumb/f/f4/HCA_interior.JPG/960px-HCA_interior.JPG?utm_source=commons.wikimedia.org&utm_campaign=imageinfo&utm_content=thumbnail
Move,Daihatsu,2016,89000,95000,Gasoline,Automatic,Hatchback,local_used,5,White,ABS; Air Bags; Premium Audio; Heated Seats; Backup Camera; Immobilizer Key; Keyless Entry; Navigation; Power Locks; Power Mirrors; Power Steering; Power Windows,"2016 Daihatsu Move (locally used), a well-priced hatchback well suited to quick city runs and easy parking — a good fit for budget-conscious buyers. Comes with ABS.",https://upload.wikimedia.org/wikipedia/commons/thumb/7/71/Osaka_Auto_Messe_2016_%28303%29_-_Yume_MOVE.jpg/960px-Osaka_Auto_Messe_2016_%28303%29_-_Yume_MOVE.jpg?utm_source=commons.wikimedia.org&utm_campaign=imageinfo&utm_content=thumbnail
Civic Oriel,Honda,2014,163500,115000,Gasoline,Automatic,Sedan,foreign_used,5,White,ABS; Air Bags; Premium Audio; Heated Seats; Backup Camera; Immobilizer Key; Keyless Entry; Navigation; Power Locks; Power Mirrors; Power Steering; Power Windows,"2014 Honda Civic Oriel (foreign used), a well-priced sedan well suited to daily commuting and city driving — a good fit for urban professionals. Comes with ABS.",
Picanto,KIA,2022,183000,37000,Gasoline,Automatic,Hatchback,foreign_used,5,White,ABS; Air Bags; Premium Audio; Heated Seats; Backup Camera; Immobilizer Key; Keyless Entry; Navigation; Power Locks; Power Mirrors; Power Steering; Power Windows,"2022 KIA Picanto (foreign used), a premium hatchback well suited to quick city runs and easy parking — a good fit for budget-conscious buyers. Comes with ABS. A solid pick for luxury lovers who want a standout badge.",https://upload.wikimedia.org/wikipedia/commons/thumb/0/02/Kia_Picanto_taxi.jpg/960px-Kia_Picanto_taxi.jpg?utm_source=commons.wikimedia.org&utm_campaign=imageinfo&utm_content=thumbnail
City IVTEC,Honda,2018,167500,125000,Gasoline,Automatic,Sedan,foreign_used,5,Black,ABS; Air Bags; Premium Audio; Heated Seats; Backup Camera; Immobilizer Key; Keyless Entry; Power Locks; Power Mirrors; Power Steering; Power Windows,"2018 Honda City IVTEC (foreign used), a well-priced sedan well suited to daily commuting and city driving — a good fit for urban professionals. Comes with ABS.",https://upload.wikimedia.org/wikipedia/commons/thumb/0/02/Steering_Wheel_of_Honda_City_7th_Generation_%285th_Generation_Sedan%29_iVTEC_2022.jpg/960px-Steering_Wheel_of_Honda_City_7th_Generation_%285th_Generation_Sedan%29_iVTEC_2022.jpg?utm_source=commons.wikimedia.org&utm_campaign=imageinfo&utm_content=thumbnail
Altis Grande,Toyota,2018,157500,99999,Gasoline,Automatic,Sedan,local_used,5,Black,ABS; Air Bags; Premium Audio; Heated Seats; Backup Camera; Immobilizer Key; Keyless Entry; Navigation; Power Locks; Power Mirrors; Power Steering; Power Windows,"2018 Toyota Altis Grande (locally used), a well-priced sedan well suited to daily commuting and city driving — a good fit for urban professionals. Comes with ABS.",https://upload.wikimedia.org/wikipedia/commons/thumb/f/f3/2015_Altis_Grande.jpg/960px-2015_Altis_Grande.jpg?utm_source=commons.wikimedia.org&utm_campaign=imageinfo&utm_content=thumbnail
Civic Oriel,Honda,2015,176500,89000,Gasoline,Automatic,Sedan,foreign_used,5,Black,ABS; Air Bags; Premium Audio; Heated Seats; Backup Camera; Immobilizer Key; Keyless Entry; Power Locks; Power Mirrors; Power Steering; Power Windows,"2015 Honda Civic Oriel (foreign used), a well-priced sedan well suited to daily commuting and city driving — a good fit for urban professionals. Comes with ABS.",
Wagon R,Suzuki,2012,63000,120000,Gasoline,Automatic,Hatchback,foreign_used,5,Blue,ABS; Air Bags; Premium Audio; Heated Seats; Backup Camera; Immobilizer Key; Keyless Entry; Navigation; Power Locks; Power Mirrors; Power Steering; Power Windows,"2012 Suzuki Wagon R (foreign used), a well-priced hatchback well suited to quick city runs and easy parking — a good fit for budget-conscious buyers. Comes with ABS.",https://upload.wikimedia.org/wikipedia/commons/thumb/9/99/2012-2014_Suzuki_Wagon_R_FX_Limited_rear.jpg/960px-2012-2014_Suzuki_Wagon_R_FX_Limited_rear.jpg?utm_source=commons.wikimedia.org&utm_campaign=imageinfo&utm_content=thumbnail
Karvaan,Changan,2020,379000,39000,Gasoline,Manual,Wagon,foreign_used,5,Black,ABS; Air Bags; Premium Audio; Heated Seats; Immobilizer Key; Keyless Entry; Navigation; Power Locks; Power Mirrors; Power Steering; Power Windows; Backup Camera,"2020 Changan Karvaan (foreign used), a well-priced wagon well suited to family trips with plenty of cargo room — a good fit for family-oriented drivers. Comes with ABS.",
Civic Prosmetic,Honda,2008,122500,140000,Gasoline,Automatic,Sedan,local_used,5,Black,ABS; Air Bags; Premium Audio; Heated Seats; Backup Camera; Immobilizer Key; Keyless Entry; Navigation; Power Locks; Power Mirrors; Power Steering; Power Windows,"2008 Honda Civic Prosmetic (locally used), a well-priced sedan well suited to daily commuting and city driving — a good fit for urban professionals. Comes with ABS.",
C Class,Mercedes,2009,216500,140000,Gasoline,Automatic,Sedan,foreign_used,5,Silver,ABS; Air Bags; Premium Audio; Heated Seats; Immobilizer Key; Keyless Entry; Navigation; Power Locks; Power Mirrors; Power Steering; Power Windows; Backup Camera,"2009 Mercedes C Class (foreign used), a premium sedan well suited to daily commuting and city driving — a good fit for urban professionals. Comes with ABS. A solid pick for luxury lovers who want a standout badge.",https://upload.wikimedia.org/wikipedia/commons/thumb/0/01/%2793-%2796_Mercedes-Benz_C-Class_Sedan_%28Orange_Julep%29.jpg/960px-%2793-%2796_Mercedes-Benz_C-Class_Sedan_%28Orange_Julep%29.jpg?utm_source=commons.wikimedia.org&utm_campaign=imageinfo&utm_content=thumbnail
Wagon R,Suzuki,2023,115000,9000,Gasoline,Manual,Hatchback,foreign_used,5,White,Air Bags; Premium Audio; Heated Seats; Immobilizer Key; Keyless Entry; Power Locks; Power Mirrors; Power Steering; Power Windows; Backup Camera,"2023 Suzuki Wagon R (foreign used), a premium hatchback well suited to quick city runs and easy parking — a good fit for budget-conscious buyers. Comes with air bags.",https://upload.wikimedia.org/wikipedia/commons/thumb/2/2d/2018_Suzuki_Karimun_Wagon_R_GL_%28rear%29%2C_West_Surabaya_%2815_January_2023%29.jpg/960px-2018_Suzuki_Karimun_Wagon_R_GL_%28rear%29%2C_West_Surabaya_%2815_January_2023%29.jpg?utm_source=commons.wikimedia.org&utm_campaign=imageinfo&utm_content=thumbnail
Mira,Daihatsu,2013,86500,77000,Gasoline,Automatic,Hatchback,foreign_used,5,Blue,ABS; Air Bags; Premium Audio; Heated Seats; Immobilizer Key; Keyless Entry; Navigation; Power Locks; Power Mirrors; Power Steering; Power Windows; Backup Camera,"2013 Daihatsu Mira (foreign used), a well-priced hatchback well suited to quick city runs and easy parking — a good fit for budget-conscious buyers. Comes with ABS.",https://upload.wikimedia.org/wikipedia/commons/thumb/0/03/2013-2015_Daihatsu_Mira_eS_%28LA300S%29%2C_rear_right.jpg/960px-2013-2015_Daihatsu_Mira_eS_%28LA300S%29%2C_rear_right.jpg?utm_source=commons.wikimedia.org&utm_campaign=imageinfo&utm_content=thumbnail
Every,Suzuki,2009,213500,136000,Gasoline,Automatic,Wagon,foreign_used,5,White,ABS; Premium Audio; Heated Seats; Backup Camera; Immobilizer Key; Keyless Entry; Navigation; Power Locks; Power Mirrors; Power Steering; Power Windows,"2009 Suzuki Every (foreign used), a well-priced wagon well suited to family trips with plenty of cargo room — a good fit for family-oriented drivers. Comes with ABS.",https://upload.wikimedia.org/wikipedia/commons/thumb/8/89/Suzuki_Every_Wagon_PZ_Turbo.jpg/960px-Suzuki_Every_Wagon_PZ_Turbo.jpg?utm_source=commons.wikimedia.org&utm_campaign=imageinfo&utm_content=thumbnail
Terios Kid,Daihatsu,2009,250000,41000,Gasoline,Automatic,SUV,foreign_used,7,Orange,ABS; Air Bags; Premium Audio; Heated Seats; Backup Camera; Immobilizer Key; Navigation; Power Locks; Power Mirrors; Power Steering; Power Windows,"2009 Daihatsu Terios Kid (foreign used), a well-priced suv well suited to family trips and weekend getaways — a good fit for family-oriented drivers. Comes with ABS.",https://upload.wikimedia.org/wikipedia/commons/thumb/d/d3/Daihatsu_Terios_Kid_004.JPG/960px-Daihatsu_Terios_Kid_004.JPG?utm_source=commons.wikimedia.org&utm_campaign=imageinfo&utm_content=thumbnail
Yaris,Toyota,2022,183500,33000,Gasoline,Automatic,Sedan,foreign_used,5,Gray,ABS; Air Bags; Premium Audio; Heated Seats; Backup Camera; Immobilizer Key; Keyless Entry; Navigation; Power Locks; Power Mirrors; Power Steering; Power Windows,"2022 Toyota Yaris (foreign used), a well-priced sedan well suited to daily commuting and city driving — a good fit for urban professionals. Comes with ABS.",https://upload.wikimedia.org/wikipedia/commons/thumb/d/d0/Toyota_Yaris_L_sedan_Shishi_01_2022-05-25.jpg/960px-Toyota_Yaris_L_sedan_Shishi_01_2022-05-25.jpg?utm_source=commons.wikimedia.org&utm_campaign=imageinfo&utm_content=thumbnail
Move,Daihatsu,2015,77500,63900,Gasoline,Automatic,Hatchback,foreign_used,5,White,ABS; Air Bags; Premium Audio; Heated Seats; Backup Camera; Immobilizer Key; Keyless Entry; Navigation; Power Locks; Power Mirrors; Power Steering; Power Windows,"2015 Daihatsu Move (foreign used), a well-priced hatchback well suited to quick city runs and easy parking — a good fit for budget-conscious buyers. Comes with ABS.",https://upload.wikimedia.org/wikipedia/commons/thumb/3/3c/Daihatsu_MOVE_%28LA100S%29_front.JPG/960px-Daihatsu_MOVE_%28LA100S%29_front.JPG?utm_source=commons.wikimedia.org&utm_campaign=imageinfo&utm_content=thumbnail
City Aspire,Honda,2013,133000,116000,Gasoline,Manual,Sedan,foreign_used,5,White,ABS; Air Bags; Premium Audio; Heated Seats; Backup Camera; Immobilizer Key; Keyless Entry; Navigation; Power Locks; Power Mirrors; Power Steering; Power Windows,"2013 Honda City Aspire (foreign used), a well-priced sedan well suited to daily commuting and city driving — a good fit for urban professionals. Comes with ABS.",https://upload.wikimedia.org/wikipedia/commons/thumb/f/f4/HCA_interior.JPG/960px-HCA_interior.JPG?utm_source=commons.wikimedia.org&utm_campaign=imageinfo&utm_content=thumbnail
Civic Prosmetic,Honda,2010,118000,127000,Gasoline,Automatic,Sedan,foreign_used,5,Blue,ABS; Air Bags; Premium Audio; Heated Seats; Immobilizer Key; Keyless Entry; Navigation; Power Locks; Power Mirrors; Power Steering; Power Windows; Backup Camera,"2010 Honda Civic Prosmetic (foreign used), a well-priced sedan well suited to daily commuting and city driving — a good fit for urban professionals. Comes with ABS.",
Civic Oriel,Honda,2010,153500,110000,Gasoline,Automatic,Sedan,foreign_used,5,Gray,ABS; Air Bags; Premium Audio; Heated Seats; Backup Camera; Immobilizer Key; Keyless Entry; Navigation; Power Locks; Power Mirrors; Power Steering; Power Windows,"2010 Honda Civic Oriel (foreign used), a well-priced sedan well suited to daily commuting and city driving — a good fit for urban professionals. Comes with ABS.",
City Aspire,Honda,2017,164500,62000,Gasoline,Manual,Sedan,foreign_used,5,Gray,ABS; Premium Audio; Immobilizer Key; Keyless Entry; Navigation; Power Locks; Power Mirrors; Power Steering; Power Windows; Backup Camera,"2017 Honda City Aspire (foreign used), a well-priced sedan well suited to daily commuting and city driving — a good fit for urban professionals. Comes with ABS.",https://upload.wikimedia.org/wikipedia/commons/thumb/f/f4/HCA_interior.JPG/960px-HCA_interior.JPG?utm_source=commons.wikimedia.org&utm_campaign=imageinfo&utm_content=thumbnail
City IVTEC,Honda,2009,165500,85000,Gasoline,Manual,Sedan,foreign_used,5,Gray,ABS; Air Bags; Premium Audio; Heated Seats; Backup Camera; Immobilizer Key; Keyless Entry; Navigation; Power Locks; Power Steering; Power Windows,"2009 Honda City IVTEC (foreign used), a well-priced sedan well suited to daily commuting and city driving — a good fit for urban professionals. Comes with ABS.",https://upload.wikimedia.org/wikipedia/commons/thumb/0/02/Steering_Wheel_of_Honda_City_7th_Generation_%285th_Generation_Sedan%29_iVTEC_2022.jpg/960px-Steering_Wheel_of_Honda_City_7th_Generation_%285th_Generation_Sedan%29_iVTEC_2022.jpg?utm_source=commons.wikimedia.org&utm_campaign=imageinfo&utm_content=thumbnail
Mira,Daihatsu,2022,109000,8000,Gasoline,Automatic,Hatchback,foreign_used,5,White,ABS; Air Bags; Premium Audio; Heated Seats; Immobilizer Key; Navigation; Power Locks; Power Steering; Power Windows; Backup Camera,"2022 Daihatsu Mira (foreign used), a well-priced hatchback well suited to quick city runs and easy parking — a good fit for budget-conscious buyers. Comes with ABS.",https://upload.wikimedia.org/wikipedia/commons/thumb/9/96/Daihatsu_Mira_Gino_%28GH-L700S%29_%26_Mira_Gino_X_%28DBA-L650S%29_front.jpg/960px-Daihatsu_Mira_Gino_%28GH-L700S%29_%26_Mira_Gino_X_%28DBA-L650S%29_front.jpg?utm_source=commons.wikimedia.org&utm_campaign=imageinfo&utm_content=thumbnail
Civic Oriel,Honda,2013,145000,77000,Gasoline,Automatic,Sedan,foreign_used,5,Black,ABS; Air Bags; Premium Audio; Heated Seats; Backup Camera; Immobilizer Key; Keyless Entry; Navigation; Power Locks; Power Mirrors; Power Steering; Power Windows,"2013 Honda Civic Oriel (foreign used), a well-priced sedan well suited to daily commuting and city driving — a good fit for urban professionals. Comes with ABS.",
Sportage,KIA,2002,370500,12345,Gasoline,Manual,SUV,foreign_used,7,White,Premium Audio; Heated Seats; Backup Camera; Immobilizer Key; Navigation; Power Locks; Power Mirrors; Power Steering; Power Windows,"2002 KIA Sportage (foreign used), a premium suv well suited to family trips and weekend getaways — a good fit for family-oriented drivers. Comes with premium audio. A solid pick for luxury lovers who want a standout badge.",https://upload.wikimedia.org/wikipedia/commons/thumb/d/d1/2002_Kia_Sportage_4-Door%2C_front_right%2C_09-24-2022.jpg/960px-2002_Kia_Sportage_4-Door%2C_front_right%2C_09-24-2022.jpg?utm_source=commons.wikimedia.org&utm_campaign=imageinfo&utm_content=thumbnail
Corrolla Altis,Toyota,2014,147500,130000,Gasoline,Automatic,Sedan,foreign_used,5,Blue,ABS; Air Bags; Premium Audio; Backup Camera; Immobilizer Key; Keyless Entry; Navigation; Power Locks; Power Mirrors; Power Steering; Power Windows,"2014 Toyota Corrolla Altis (foreign used), a well-priced sedan well suited to daily commuting and city driving — a good fit for urban professionals. Comes with ABS.",
Civic Prosmetic,Honda,2000,137500,20000,Gasoline,Manual,Sedan,local_used,5,Silver,ABS; Air Bags; Premium Audio; Immobilizer Key; Navigation; Power Locks; Power Mirrors; Power Steering; Power Windows; Backup Camera,"2000 Honda Civic Prosmetic (locally used), a well-priced sedan well suited to daily commuting and city driving — a good fit for urban professionals. Comes with ABS.",
Every,Suzuki,2015,197500,196000,Gasoline,Manual,Wagon,foreign_used,5,Black,ABS; Air Bags; Premium Audio; Heated Seats; Backup Camera; Immobilizer Key; Keyless Entry; Navigation; Power Locks; Power Mirrors; Power Steering; Power Windows,"2015 Suzuki Every (foreign used), a budget-friendly wagon well suited to family trips with plenty of cargo room — a good fit for family-oriented drivers. Comes with ABS.",https://upload.wikimedia.org/wikipedia/commons/thumb/f/f3/Suzuki_Every_Wagon_JP_Turbo_%28DA17W%29.jpg/960px-Suzuki_Every_Wagon_JP_Turbo_%28DA17W%29.jpg?utm_source=commons.wikimedia.org&utm_campaign=imageinfo&utm_content=thumbnail
Corolla GLI,Toyota,2018,137000,180000,Gasoline,Automatic,Sedan,local_used,5,White,ABS; Air Bags; Premium Audio; Heated Seats; Backup Camera; Immobilizer Key; Keyless Entry; Navigation; Power Locks; Power Mirrors; Power Steering; Power Windows,"2018 Toyota Corolla GLI (locally used), a well-priced sedan well suited to daily commuting and city driving — a good fit for urban professionals. Comes with ABS.",https://upload.wikimedia.org/wikipedia/commons/thumb/b/be/1992-1993_Toyota_Corolla_%28AE101%29_1.6_GLi_Sedan_%2826-02-2018%29_06.jpg/960px-1992-1993_Toyota_Corolla_%28AE101%29_1.6_GLi_Sedan_%2826-02-2018%29_06.jpg?utm_source=commons.wikimedia.org&utm_campaign=imageinfo&utm_content=thumbnail
Civic Prosmetic,Honda,2017,126500,155000,Gasoline,Automatic,Sedan,foreign_used,5,Black,ABS; Air Bags; Premium Audio; Heated Seats; Backup Camera; Immobilizer Key; Keyless Entry; Navigation; Power Locks; Power Mirrors; Power Steering; Power Windows,"2017 Honda Civic Prosmetic (foreign used), a well-priced sedan well suited to daily commuting and city driving — a good fit for urban professionals. Comes with ABS.",
City IVTEC,Honda,2012,169500,100000,Gasoline,Automatic,Sedan,foreign_used,5,Black,ABS; Premium Audio; Backup Camera; Immobilizer Key; Keyless Entry; Navigation; Power Mirrors; Power Steering; Power Windows,"2012 Honda City IVTEC (foreign used), a well-priced sedan well suited to daily commuting and city driving — a good fit for urban professionals. Comes with ABS.",https://upload.wikimedia.org/wikipedia/commons/thumb/0/02/Steering_Wheel_of_Honda_City_7th_Generation_%285th_Generation_Sedan%29_iVTEC_2022.jpg/960px-Steering_Wheel_of_Honda_City_7th_Generation_%285th_Generation_Sedan%29_iVTEC_2022.jpg?utm_source=commons.wikimedia.org&utm_campaign=imageinfo&utm_content=thumbnail
Yaris,Toyota,2020,233000,31000,Gasoline,Automatic,Sedan,local_used,5,Gray,ABS; Air Bags; Premium Audio; Heated Seats; Backup Camera; Immobilizer Key; Keyless Entry; Navigation; Power Locks; Power Mirrors; Power Steering; Power Windows,"2020 Toyota Yaris (locally used), a premium sedan well suited to daily commuting and city driving — a good fit for urban professionals. Comes with ABS.",https://upload.wikimedia.org/wikipedia/commons/thumb/c/c9/2020_Toyota_Yaris_L_sedan%2C_rear_left%2C_05-04-2025.jpg/960px-2020_Toyota_Yaris_L_sedan%2C_rear_left%2C_05-04-2025.jpg?utm_source=commons.wikimedia.org&utm_campaign=imageinfo&utm_content=thumbnail
Move,Daihatsu,2020,112500,21995,Gasoline,Automatic,Hatchback,foreign_used,5,Silver,ABS; Air Bags; Premium Audio; Heated Seats; Backup Camera; Immobilizer Key; Keyless Entry; Navigation; Power Locks; Power Mirrors; Power Steering,"2020 Daihatsu Move (foreign used), a premium hatchback well suited to quick city runs and easy parking — a good fit for budget-conscious buyers. Comes with ABS.",https://upload.wikimedia.org/wikipedia/commons/thumb/c/c4/Daihatsu_Move_Latte_RS.jpg/960px-Daihatsu_Move_Latte_RS.jpg?utm_source=commons.wikimedia.org&utm_campaign=imageinfo&utm_content=thumbnail
City IVTEC,Honda,2019,172000,55000,Gasoline,Manual,Sedan,foreign_used,5,Red,ABS; Air Bags; Premium Audio; Heated Seats; Backup Camera; Immobilizer Key; Navigation; Power Locks; Power Mirrors; Power Steering; Power Windows,"2019 Honda City IVTEC (foreign used), a well-priced sedan well suited to daily commuting and city driving — a good fit for urban professionals. Comes with ABS.",https://upload.wikimedia.org/wikipedia/commons/thumb/0/02/Steering_Wheel_of_Honda_City_7th_Generation_%285th_Generation_Sedan%29_iVTEC_2022.jpg/960px-Steering_Wheel_of_Honda_City_7th_Generation_%285th_Generation_Sedan%29_iVTEC_2022.jpg?utm_source=commons.wikimedia.org&utm_campaign=imageinfo&utm_content=thumbnail
Corrolla Altis,Toyota,2002,83000,315000,Gasoline,Automatic,Sedan,foreign_used,5,Silver,ABS; Air Bags; Premium Audio; Backup Camera; Immobilizer Key; Keyless Entry; Power Locks; Power Mirrors; Power Steering; Power Windows,"2002 Toyota Corrolla Altis (foreign used), a budget-friendly sedan well suited to daily commuting and city driving — a good fit for urban professionals. Comes with ABS.",
Altis Grande,Toyota,2019,168000,47000,Gasoline,Automatic,Sedan,foreign_used,5,White,ABS; Air Bags; Premium Audio; Immobilizer Key; Keyless Entry; Power Locks; Power Mirrors; Power Steering; Power Windows; Backup Camera,"2019 Toyota Altis Grande (foreign used), a well-priced sedan well suited to daily commuting and city driving — a good fit for urban professionals. Comes with ABS.",https://upload.wikimedia.org/wikipedia/commons/thumb/f/f3/2015_Altis_Grande.jpg/960px-2015_Altis_Grande.jpg?utm_source=commons.wikimedia.org&utm_campaign=imageinfo&utm_content=thumbnail
Corolla GLI,Toyota,2015,142000,80000,Gasoline,Manual,Sedan,local_used,5,Gray,ABS; Air Bags; Premium Audio; Heated Seats; Backup Camera; Immobilizer Key; Keyless Entry; Navigation; Power Locks; Power Mirrors; Power Steering; Power Windows,"2015 Toyota Corolla GLI (locally used), a well-priced sedan well suited to daily commuting and city driving — a good fit for urban professionals. Comes with ABS.",https://upload.wikimedia.org/wikipedia/commons/thumb/7/79/Toyota_Corolla_1.6_GLi.jpg/960px-Toyota_Corolla_1.6_GLi.jpg?utm_source=commons.wikimedia.org&utm_campaign=imageinfo&utm_content=thumbnail
Passo,Toyota,2008,65500,98000,Gasoline,Automatic,Hatchback,local_used,5,Gray,Air Bags; Premium Audio; Heated Seats; Backup Camera; Keyless Entry; Navigation; Power Locks; Power Mirrors; Power Steering; Power Windows,"2008 Toyota Passo (locally used), a well-priced hatchback well suited to quick city runs and easy parking — a good fit for budget-conscious buyers. Comes with air bags.",https://upload.wikimedia.org/wikipedia/commons/thumb/4/42/2018-2023_Toyota_Passo_Moda.jpg/960px-2018-2023_Toyota_Passo_Moda.jpg?utm_source=commons.wikimedia.org&utm_campaign=imageinfo&utm_content=thumbnail
Swift,Suzuki,2016,91500,55000,Gasoline,Automatic,Hatchback,local_used,5,Silver,ABS; Air Bags; Premium Audio; Heated Seats; Backup Camera; Immobilizer Key; Keyless Entry; Navigation; Power Locks; Power Mirrors; Power Steering; Power Windows,"2016 Suzuki Swift (locally used), a well-priced hatchback well suited to quick city runs and easy parking — a good fit for budget-conscious buyers. Comes with ABS.",https://upload.wikimedia.org/wikipedia/commons/thumb/c/cc/2016_Suzuki_Swift_SZ3.jpg/960px-2016_Suzuki_Swift_SZ3.jpg?utm_source=commons.wikimedia.org&utm_campaign=imageinfo&utm_content=thumbnail
Civic Oriel,Honda,2007,134000,133980,Gasoline,Manual,Sedan,foreign_used,5,Gray,ABS; Premium Audio; Heated Seats; Immobilizer Key; Keyless Entry; Navigation; Power Locks; Power Mirrors; Power Steering; Power Windows; Backup Camera,"2007 Honda Civic Oriel (foreign used), a well-priced sedan well suited to daily commuting and city driving — a good fit for urban professionals. Comes with ABS.",
Corolla Axio,Toyota,2016,176500,86500,Hybrid,Automatic,Sedan,local_used,5,Silver,ABS; Air Bags; Premium Audio; Heated Seats; Keyless Entry; Navigation; Power Locks; Power Mirrors; Power Steering; Power Windows; Backup Camera,"2016 Toyota Corolla Axio (locally used), a well-priced sedan well suited to daily commuting and city driving — a good fit for urban professionals. Comes with ABS. A hybrid powertrain keeps running costs low for eco-conscious drivers.",https://upload.wikimedia.org/wikipedia/commons/thumb/c/c6/2016_Toyota_Corolla_Axio_Hybrid_sedan_rear.jpg/960px-2016_Toyota_Corolla_Axio_Hybrid_sedan_rear.jpg?utm_source=commons.wikimedia.org&utm_campaign=imageinfo&utm_content=thumbnail
Mira,Daihatsu,2019,110000,35000,Gasoline,Automatic,Hatchback,local_used,5,Silver,ABS; Air Bags; Premium Audio; Backup Camera; Keyless Entry; Navigation; Power Locks; Power Mirrors; Power Steering; Power Windows,"2019 Daihatsu Mira (locally used), a premium hatchback well suited to quick city runs and easy parking — a good fit for budget-conscious buyers. Comes with ABS.",https://upload.wikimedia.org/wikipedia/commons/thumb/5/52/Osaka_Auto_Messe_2019_%28173%29_-_Daihatsu_Mira_TOCOT_ELEGANT_Ver.jpg/960px-Osaka_Auto_Messe_2019_%28173%29_-_Daihatsu_Mira_TOCOT_ELEGANT_Ver.jpg?utm_source=commons.wikimedia.org&utm_campaign=imageinfo&utm_content=thumbnail
C Class,Mercedes,2007,139000,275000,Gasoline,Automatic,Sedan,foreign_used,5,Black,ABS; Air Bags; Premium Audio; Heated Seats; Immobilizer Key; Keyless Entry; Navigation; Power Locks; Power Mirrors; Power Steering; Power Windows; Backup Camera,"2007 Mercedes C Class (foreign used), a well-priced sedan well suited to daily commuting and city driving — a good fit for urban professionals. Comes with ABS.",https://upload.wikimedia.org/wikipedia/commons/thumb/5/58/Mercedes-Benz_C-Class_w204_amk.jpg/960px-Mercedes-Benz_C-Class_w204_amk.jpg?utm_source=commons.wikimedia.org&utm_campaign=imageinfo&utm_content=thumbnail
Cultus VXR,Suzuki,2017,92000,45160,Gasoline,Manual,Hatchback,foreign_used,5,White,Premium Audio; Heated Seats; Backup Camera; Immobilizer Key; Keyless Entry; Navigation; Power Locks; Power Mirrors; Power Steering; Power Windows,"2017 Suzuki Cultus VXR (foreign used), a well-priced hatchback well suited to quick city runs and easy parking — a good fit for budget-conscious buyers. Comes with premium audio.",
Swift,Suzuki,2011,70000,110000,Gasoline,Manual,Hatchback,local_used,5,White,ABS; Premium Audio; Heated Seats; Backup Camera; Immobilizer Key; Keyless Entry; Navigation; Power Locks; Power Mirrors; Power Steering; Power Windows,"2011 Suzuki Swift (locally used), a well-priced hatchback well suited to quick city runs and easy parking — a good fit for budget-conscious buyers. Comes with ABS.",https://upload.wikimedia.org/wikipedia/commons/thumb/2/2b/2011_Suzuki_Swift_%28FZ%29_GL_5-door_hatchback_%282012-10-26%29.jpg/960px-2011_Suzuki_Swift_%28FZ%29_GL_5-door_hatchback_%282012-10-26%29.jpg?utm_source=commons.wikimedia.org&utm_campaign=imageinfo&utm_content=thumbnail
Civic Prosmetic,Honda,2015,189500,80000,Gasoline,Automatic,Sedan,foreign_used,5,White,ABS; Air Bags; Premium Audio; Heated Seats; Backup Camera; Keyless Entry; Power Locks; Power Mirrors; Power Steering; Power Windows,"2015 Honda Civic Prosmetic (foreign used), a well-priced sedan well suited to daily commuting and city driving — a good fit for urban professionals. Comes with ABS.",
Civic Prosmetic,Honda,2006,90500,170000,Gasoline,Automatic,Sedan,local_used,5,Silver,ABS; Air Bags; Premium Audio; Heated Seats; Immobilizer Key; Keyless Entry; Navigation; Power Locks; Power Mirrors; Power Steering; Power Windows; Backup Camera,"2006 Honda Civic Prosmetic (locally used), a budget-friendly sedan well suited to daily commuting and city driving — a good fit for urban professionals. Comes with ABS.",
C Class,Mercedes,2004,221000,100000,Gasoline,Automatic,Sedan,foreign_used,5,Black,ABS; Air Bags; Premium Audio; Heated Seats; Backup Camera; Immobilizer Key; Keyless Entry; Power Locks; Power Mirrors; Power Steering; Power Windows,"2004 Mercedes C Class (foreign used), a premium sedan well suited to daily commuting and city driving — a good fit for urban professionals. Comes with ABS. A solid pick for luxury lovers who want a standout badge.",https://upload.wikimedia.org/wikipedia/commons/thumb/c/c4/2004-2007_Mercedes_Benz_C_230_%28W_203%29_Sport_sedan%2C_Silver_Bird_taxi_%282007-11-01%29.jpg/960px-2004-2007_Mercedes_Benz_C_230_%28W_203%29_Sport_sedan%2C_Silver_Bird_taxi_%282007-11-01%29.jpg?utm_source=commons.wikimedia.org&utm_campaign=imageinfo&utm_content=thumbnail
Corolla GLI,Toyota,2017,161500,110000,Gasoline,Manual,Sedan,local_used,5,Silver,ABS; Premium Audio; Immobilizer Key; Keyless Entry; Navigation; Power Locks; Power Mirrors; Power Steering; Power Windows; Backup Camera,"2017 Toyota Corolla GLI (locally used), a well-priced sedan well suited to daily commuting and city driving — a good fit for urban professionals. Comes with ABS.",https://upload.wikimedia.org/wikipedia/commons/thumb/5/59/Toyota_Corolla_1.6_GLi_1997_%2827700288257%29.jpg/960px-Toyota_Corolla_1.6_GLi_1997_%2827700288257%29.jpg?utm_source=commons.wikimedia.org&utm_campaign=imageinfo&utm_content=thumbnail
Mira,Daihatsu,2007,67500,100000,Gasoline,Automatic,Hatchback,foreign_used,5,Red,ABS; Air Bags; Premium Audio; Backup Camera; Immobilizer Key; Keyless Entry; Navigation; Power Locks; Power Mirrors; Power Steering; Power Windows,"2007 Daihatsu Mira (foreign used), a well-priced hatchback well suited to quick city runs and easy parking — a good fit for budget-conscious buyers. Comes with ABS.",https://upload.wikimedia.org/wikipedia/commons/thumb/5/5e/Daihatsu_Mira_Avy_%281%29.jpg/960px-Daihatsu_Mira_Avy_%281%29.jpg?utm_source=commons.wikimedia.org&utm_campaign=imageinfo&utm_content=thumbnail
City IVTEC,Honda,2016,194000,50000,Gasoline,Automatic,Sedan,foreign_used,5,Black,ABS; Air Bags; Premium Audio; Heated Seats; Backup Camera; Keyless Entry; Power Locks; Power Mirrors; Power Steering; Power Windows,"2016 Honda City IVTEC (foreign used), a premium sedan well suited to daily commuting and city driving — a good fit for urban professionals. Comes with ABS.",https://upload.wikimedia.org/wikipedia/commons/thumb/0/02/Steering_Wheel_of_Honda_City_7th_Generation_%285th_Generation_Sedan%29_iVTEC_2022.jpg/960px-Steering_Wheel_of_Honda_City_7th_Generation_%285th_Generation_Sedan%29_iVTEC_2022.jpg?utm_source=commons.wikimedia.org&utm_campaign=imageinfo&utm_content=thumbnail
Corrolla Altis,Toyota,2017,174500,72000,Gasoline,Automatic,Sedan,foreign_used,5,Black,ABS; Air Bags; Premium Audio; Heated Seats; Backup Camera; Immobilizer Key; Navigation; Power Locks; Power Mirrors; Power Steering; Power Windows,"2017 Toyota Corrolla Altis (foreign used), a well-priced sedan well suited to daily commuting and city driving — a good fit for urban professionals. Comes with ABS.",
City IVTEC,Honda,2010,169000,74500,Gasoline,Manual,Sedan,local_used,5,Gray,ABS; Premium Audio; Immobilizer Key; Keyless Entry; Navigation; Power Locks; Power Mirrors; Power Steering; Power Windows; Backup Camera,"2010 Honda City IVTEC (locally used), a well-priced sedan well suited to daily commuting and city driving — a good fit for urban professionals. Comes with ABS.",https://upload.wikimedia.org/wikipedia/commons/thumb/0/02/Steering_Wheel_of_Honda_City_7th_Generation_%285th_Generation_Sedan%29_iVTEC_2022.jpg/960px-Steering_Wheel_of_Honda_City_7th_Generation_%285th_Generation_Sedan%29_iVTEC_2022.jpg?utm_source=commons.wikimedia.org&utm_campaign=imageinfo&utm_content=thumbnail
Civic Oriel,Honda,2005,142500,100000,Gasoline,Manual,Sedan,foreign_used,5,White,ABS; Air Bags; Premium Audio; Heated Seats; Keyless Entry; Navigation; Power Locks; Power Mirrors; Power Steering; Power Windows,"2005 Honda Civic Oriel (foreign used), a well-priced sedan well suited to daily commuting and city driving — a good fit for urban professionals. Comes with ABS.",
Civic Prosmetic,Honda,2009,173000,1500,Gasoline,Automatic,Sedan,foreign_used,5,White,Air Bags; Premium Audio; Immobilizer Key; Navigation; Power Locks; Power Mirrors; Power Steering; Power Windows; Backup Camera,"2009 Honda Civic Prosmetic (foreign used), a well-priced sedan well suited to daily commuting and city driving — a good fit for urban professionals. Comes with air bags.",
City IVTEC,Honda,2013,141500,98000,Gasoline,Automatic,Sedan,foreign_used,5,Black,ABS; Air Bags; Premium Audio; Heated Seats; Backup Camera; Immobilizer Key; Keyless Entry; Navigation; Power Locks; Power Mirrors; Power Steering; Power Windows,"2013 Honda City IVTEC (foreign used), a well-priced sedan well suited to daily commuting and city driving — a good fit for urban professionals. Comes with ABS.",https://upload.wikimedia.org/wikipedia/commons/thumb/0/02/Steering_Wheel_of_Honda_City_7th_Generation_%285th_Generation_Sedan%29_iVTEC_2022.jpg/960px-Steering_Wheel_of_Honda_City_7th_Generation_%285th_Generation_Sedan%29_iVTEC_2022.jpg?utm_source=commons.wikimedia.org&utm_campaign=imageinfo&utm_content=thumbnail
Ek Wagon,Mitsubishi,2020,357000,28000,Gasoline,Automatic,Wagon,local_used,5,White,ABS; Air Bags; Premium Audio; Heated Seats; Backup Camera; Navigation; Power Locks; Power Mirrors; Power Steering; Power Windows,"2020 Mitsubishi Ek Wagon (locally used), a well-priced wagon well suited to family trips with plenty of cargo room — a good fit for family-oriented drivers. Comes with ABS.",https://upload.wikimedia.org/wikipedia/commons/thumb/2/20/2020_Mitsubishi_eK_Wagon_blue_grey_front.jpg/960px-2020_Mitsubishi_eK_Wagon_blue_grey_front.jpg?utm_source=commons.wikimedia.org&utm_campaign=imageinfo&utm_content=thumbnail
Wagon R,Suzuki,2017,97000,90000,Gasoline,Automatic,Hatchback,foreign_used,5,Red,ABS; Air Bags; Premium Audio; Heated Seats; Backup Camera; Immobilizer Key; Keyless Entry; Navigation; Power Locks; Power Mirrors; Power Steering; Power Windows,"2017 Suzuki Wagon R (foreign used), a well-priced hatchback well suited to quick city runs and easy parking — a good fit for budget-conscious buyers. Comes with ABS.",https://upload.wikimedia.org/wikipedia/commons/thumb/8/8b/2017_suzuki_wagon_r_hybrid_fz.jpg/960px-2017_suzuki_wagon_r_hybrid_fz.jpg?utm_source=commons.wikimedia.org&utm_campaign=imageinfo&utm_content=thumbnail
Move,Daihatsu,2014,90000,12345,Gasoline,Automatic,Hatchback,local_used,5,Blue,ABS; Air Bags; Premium Audio; Immobilizer Key; Keyless Entry; Navigation; Power Locks; Power Mirrors; Power Steering; Power Windows; Backup Camera,"2014 Daihatsu Move (locally used), a well-priced hatchback well suited to quick city runs and easy parking — a good fit for budget-conscious buyers. Comes with ABS.",https://upload.wikimedia.org/wikipedia/commons/thumb/3/3b/2012-2014_Daihatsu_Move_L.jpg/960px-2012-2014_Daihatsu_Move_L.jpg?utm_source=commons.wikimedia.org&utm_campaign=imageinfo&utm_content=thumbnail
Cultus VXR,Suzuki,2008,81500,57000,Gasoline,Manual,Hatchback,foreign_used,5,Silver,Premium Audio; Heated Seats; Immobilizer Key; Keyless Entry; Navigation; Power Locks; Power Mirrors; Power Steering,"2008 Suzuki Cultus VXR (foreign used), a well-priced hatchback well suited to quick city runs and easy parking — a good fit for budget-conscious buyers. Comes with premium audio.",
City Vario,Honda,2004,121000,123456,Gasoline,Automatic,Sedan,foreign_used,5,Blue,ABS; Air Bags; Premium Audio; Backup Camera; Navigation; Power Locks; Power Mirrors; Power Steering; Power Windows,"2004 Honda City Vario (foreign used), a well-priced sedan well suited to daily commuting and city driving — a good fit for urban professionals. Comes with ABS.",https://upload.wikimedia.org/wikipedia/commons/thumb/4/49/Honda_Scoopy_in_different_generations_-_Jambi_City%2C_JA_02.jpg/960px-Honda_Scoopy_in_different_generations_-_Jambi_City%2C_JA_02.jpg?utm_source=commons.wikimedia.org&utm_campaign=imageinfo&utm_content=thumbnail
Civic Oriel,Honda,2009,148500,100000,Gasoline,Automatic,Sedan,foreign_used,5,Blue,ABS; Air Bags; Premium Audio; Heated Seats; Backup Camera; Immobilizer Key; Keyless Entry; Navigation; Power Locks; Power Mirrors; Power Steering; Power Windows,"2009 Honda Civic Oriel (foreign used), a well-priced sedan well suited to daily commuting and city driving — a good fit for urban professionals. Comes with ABS.",
Mira,Daihatsu,2021,87500,67000,Gasoline,Automatic,Hatchback,foreign_used,5,White,ABS; Air Bags; Premium Audio; Heated Seats; Immobilizer Key; Keyless Entry; Navigation; Power Locks; Power Mirrors; Power Steering; Power Windows,"2021 Daihatsu Mira (foreign used), a well-priced hatchback well suited to quick city runs and easy parking — a good fit for budget-conscious buyers. Comes with ABS.",https://upload.wikimedia.org/wikipedia/commons/thumb/3/35/Daihatsu_Mira_X_L275S.jpg/960px-Daihatsu_Mira_X_L275S.jpg?utm_source=commons.wikimedia.org&utm_campaign=imageinfo&utm_content=thumbnail
Passo,Toyota,2016,95000,70000,Gasoline,Automatic,Hatchback,local_used,5,Red,ABS; Air Bags; Premium Audio; Backup Camera; Keyless Entry; Navigation; Power Locks; Power Mirrors; Power Steering; Power Windows,"2016 Toyota Passo (locally used), a well-priced hatchback well suited to quick city runs and easy parking — a good fit for budget-conscious buyers. Comes with ABS.",https://upload.wikimedia.org/wikipedia/commons/thumb/4/49/Toyota_Passo_Moda_%2716_%282%29.jpg/960px-Toyota_Passo_Moda_%2716_%282%29.jpg?utm_source=commons.wikimedia.org&utm_campaign=imageinfo&utm_content=thumbnail
Civic Prosmetic,Honda,2003,91000,225000,Gasoline,Automatic,Sedan,foreign_used,5,Silver,Air Bags; Premium Audio; Heated Seats; Backup Camera; Navigation; Power Locks; Power Mirrors; Power Steering; Power Windows,"2003 Honda Civic Prosmetic (foreign used), a budget-friendly sedan well suited to daily commuting and city driving — a good fit for urban professionals. Comes with air bags.",
City IVTEC,Honda,2006,91500,180000,Gasoline,Manual,Sedan,foreign_used,5,Blue,Premium Audio; Backup Camera; Immobilizer Key; Keyless Entry; Navigation; Power Locks; Power Steering; Power Windows,"2006 Honda City IVTEC (foreign used), a budget-friendly sedan well suited to daily commuting and city driving — a good fit for urban professionals. Comes with premium audio.",https://upload.wikimedia.org/wikipedia/commons/thumb/0/02/Steering_Wheel_of_Honda_City_7th_Generation_%285th_Generation_Sedan%29_iVTEC_2022.jpg/960px-Steering_Wheel_of_Honda_City_7th_Generation_%285th_Generation_Sedan%29_iVTEC_2022.jpg?utm_source=commons.wikimedia.org&utm_campaign=imageinfo&utm_content=thumbnail
City Aspire,Honda,2019,179500,43000,Gasoline,Automatic,Sedan,local_used,5,Red,Heated Seats; Premium Audio; Backup Camera; Immobilizer Key; Keyless Entry; Navigation; Power Locks; Power Mirrors; Power Steering; Power Windows,"2019 Honda City Aspire (locally used), a well-priced sedan well suited to daily commuting and city driving — a good fit for urban professionals. Comes with heated seats.",https://upload.wikimedia.org/wikipedia/commons/thumb/f/f4/HCA_interior.JPG/960px-HCA_interior.JPG?utm_source=commons.wikimedia.org&utm_campaign=imageinfo&utm_content=thumbnail
Corrolla Altis,Toyota,2016,199500,65500,Gasoline,Automatic,Sedan,foreign_used,5,Black,ABS; Air Bags; Premium Audio; Backup Camera; Immobilizer Key; Keyless Entry; Navigation; Power Locks; Power Mirrors; Power Steering; Power Windows,"2016 Toyota Corrolla Altis (foreign used), a premium sedan well suited to daily commuting and city driving — a good fit for urban professionals. Comes with ABS.",
E Class,Mercedes,2000,136000,159000,Gasoline,Automatic,Sedan,foreign_used,5,White,ABS; Air Bags; Premium Audio; Heated Seats; Immobilizer Key; Keyless Entry; Navigation; Power Locks; Power Mirrors; Power Steering; Power Windows,"2000 Mercedes E Class (foreign used), a well-priced sedan well suited to daily commuting and city driving — a good fit for urban professionals. Comes with ABS.",https://upload.wikimedia.org/wikipedia/commons/thumb/c/ce/%2700-%2702_Mercedes-Benz_E-Class_Sedan.JPG/960px-%2700-%2702_Mercedes-Benz_E-Class_Sedan.JPG?utm_source=commons.wikimedia.org&utm_campaign=imageinfo&utm_content=thumbnail
Ek Wagon,Mitsubishi,2016,318000,76400,Gasoline,Automatic,Wagon,local_used,5,White,ABS; Air Bags; Premium Audio; Heated Seats; Backup Camera; Immobilizer Key; Keyless Entry; Navigation; Power Locks; Power Mirrors; Power Steering; Power Windows,"2016 Mitsubishi Ek Wagon (locally used), a well-priced wagon well suited to family trips with plenty of cargo room — a good fit for family-oriented drivers. Comes with ABS.",https://upload.wikimedia.org/wikipedia/commons/thumb/d/d4/Mitsubishi_ek_%E3%83%BBWagon_-_ja-a.jpg/960px-Mitsubishi_ek_%E3%83%BBWagon_-_ja-a.jpg?utm_source=commons.wikimedia.org&utm_campaign=imageinfo&utm_content=thumbnail
Cuore,Daihatsu,2009,82500,45690,Gasoline,Manual,Hatchback,foreign_used,5,Black,ABS; Air Bags; Premium Audio; Heated Seats; Backup Camera; Immobilizer Key; Keyless Entry; Navigation; Power Locks; Power Mirrors; Power Steering; Power Windows,"2009 Daihatsu Cuore (foreign used), a well-priced hatchback well suited to quick city runs and easy parking — a good fit for budget-conscious buyers. Comes with ABS.",https://upload.wikimedia.org/wikipedia/commons/thumb/d/d4/Daihatsu_Cuore_sunflower_car_%2815129306364%29.jpg/960px-Daihatsu_Cuore_sunflower_car_%2815129306364%29.jpg?utm_source=commons.wikimedia.org&utm_campaign=imageinfo&utm_content=thumbnail
Passo,Toyota,2006,60000,112000,Gasoline,Automatic,Hatchback,foreign_used,5,Blue,ABS; Air Bags; Premium Audio; Heated Seats; Immobilizer Key; Navigation; Power Locks; Power Mirrors; Power Steering; Power Windows; Backup Camera,"2006 Toyota Passo (foreign used), a well-priced hatchback well suited to quick city runs and easy parking — a good fit for budget-conscious buyers. Comes with ABS.",https://upload.wikimedia.org/wikipedia/commons/thumb/b/b8/2006-2010_Toyota_Passo_X_rear.jpg/960px-2006-2010_Toyota_Passo_X_rear.jpg?utm_source=commons.wikimedia.org&utm_campaign=imageinfo&utm_content=thumbnail
Move,Daihatsu,2018,112000,35300,Gasoline,Automatic,Hatchback,local_used,5,Blue,ABS; Air Bags; Premium Audio; Heated Seats; Backup Camera; Navigation; Power Locks; Power Mirrors; Power Steering; Power Windows,"2018 Daihatsu Move (locally used), a premium hatchback well suited to quick city runs and easy parking — a good fit for budget-conscious buyers. Comes with ABS.",https://upload.wikimedia.org/wikipedia/commons/thumb/2/27/Daihatsu_MOVE_AERO_DOWN_CUSTOM%E3%83%BBS_%28GF-L900S%29_rear.jpg/960px-Daihatsu_MOVE_AERO_DOWN_CUSTOM%E3%83%BBS_%28GF-L900S%29_rear.jpg?utm_source=commons.wikimedia.org&utm_campaign=imageinfo&utm_content=thumbnail
E Class,Mercedes,2003,172500,135000,Gasoline,Automatic,Sedan,foreign_used,5,White,ABS; Air Bags; Premium Audio; Heated Seats; Immobilizer Key; Keyless Entry; Power Locks; Power Mirrors; Power Steering; Power Windows; Backup Camera,"2003 Mercedes E Class (foreign used), a well-priced sedan well suited to daily commuting and city driving — a good fit for urban professionals. Comes with ABS.",https://upload.wikimedia.org/wikipedia/commons/thumb/7/74/%2703-%2704_Mercedes-Benz_E-Class_Sedan_%28Orange_Julep%29.JPG/960px-%2703-%2704_Mercedes-Benz_E-Class_Sedan_%28Orange_Julep%29.JPG?utm_source=commons.wikimedia.org&utm_campaign=imageinfo&utm_content=thumbnail
Ek Wagon,Mitsubishi,2007,210500,125000,Gasoline,Automatic,Wagon,foreign_used,5,Silver,ABS; Air Bags; Premium Audio; Heated Seats; Backup Camera; Immobilizer Key; Keyless Entry; Navigation; Power Locks; Power Mirrors; Power Steering; Power Windows,"2007 Mitsubishi Ek Wagon (foreign used), a well-priced wagon well suited to family trips with plenty of cargo room — a good fit for family-oriented drivers. Comes with ABS.",https://upload.wikimedia.org/wikipedia/commons/thumb/d/d4/Mitsubishi_ek_%E3%83%BBWagon_-_ja-a.jpg/960px-Mitsubishi_ek_%E3%83%BBWagon_-_ja-a.jpg?utm_source=commons.wikimedia.org&utm_campaign=imageinfo&utm_content=thumbnail
City Aspire,Honda,2016,175000,47000,Gasoline,Manual,Sedan,foreign_used,5,Black,ABS; Air Bags; Premium Audio; Backup Camera; Immobilizer Key; Navigation; Power Locks; Power Mirrors; Power Steering; Power Windows,"2016 Honda City Aspire (foreign used), a well-priced sedan well suited to daily commuting and city driving — a good fit for urban professionals. Comes with ABS.",https://upload.wikimedia.org/wikipedia/commons/thumb/f/f4/HCA_interior.JPG/960px-HCA_interior.JPG?utm_source=commons.wikimedia.org&utm_campaign=imageinfo&utm_content=thumbnail
Ek Wagon,Mitsubishi,2015,306500,54800,Gasoline,Automatic,Wagon,local_used,5,White,ABS; Air Bags; Premium Audio; Heated Seats; Backup Camera; Immobilizer Key; Keyless Entry; Navigation; Power Locks; Power Mirrors; Power Steering; Power Windows,"2015 Mitsubishi Ek Wagon (locally used), a well-priced wagon well suited to family trips with plenty of cargo room — a good fit for family-oriented drivers. Comes with ABS.",https://upload.wikimedia.org/wikipedia/commons/thumb/c/c9/Osaka_Motor_Show_2015_%28300%29_-_Mitsubishi_eK_Wagon_T_%E3%80%90Safety_Package%E3%80%91_%28DBA-B11W%29.JPG/960px-Osaka_Motor_Show_2015_%28300%29_-_Mitsubishi_eK_Wagon_T_%E3%80%90Safety_Package%E3%80%91_%28DBA-B11W%29.JPG?utm_source=commons.wikimedia.org&utm_campaign=imageinfo&utm_content=thumbnail
City IVTEC,Honda,2021,187000,30000,Gasoline,Manual,Sedan,foreign_used,5,White,ABS; Air Bags; Premium Audio; Backup Camera; Immobilizer Key; Navigation; Power Locks; Power Mirrors; Power Steering; Power Windows,"2021 Honda City IVTEC (foreign used), a well-priced sedan well suited to daily commuting and city driving — a good fit for urban professionals. Comes with ABS.",https://upload.wikimedia.org/wikipedia/commons/thumb/0/02/Steering_Wheel_of_Honda_City_7th_Generation_%285th_Generation_Sedan%29_iVTEC_2022.jpg/960px-Steering_Wheel_of_Honda_City_7th_Generation_%285th_Generation_Sedan%29_iVTEC_2022.jpg?utm_source=commons.wikimedia.org&utm_campaign=imageinfo&utm_content=thumbnail
Lancer,Mitsubishi,2005,106000,150000,Gasoline,Automatic,Sedan,foreign_used,5,Black,ABS; Air Bags; Premium Audio; Immobilizer Key; Keyless Entry; Navigation; Power Locks; Power Mirrors; Power Steering; Power Windows; Backup Camera,"2005 Mitsubishi Lancer (foreign used), a well-priced sedan well suited to daily commuting and city driving — a good fit for urban professionals. Comes with ABS.",https://upload.wikimedia.org/wikipedia/commons/thumb/6/62/2003-2005_Mitsubishi_Lancer_%28CH%29_ES_sedan_01.jpg/960px-2003-2005_Mitsubishi_Lancer_%28CH%29_ES_sedan_01.jpg?utm_source=commons.wikimedia.org&utm_campaign=imageinfo&utm_content=thumbnail
Mira,Daihatsu,2017,105000,65000,Gasoline,Automatic,Hatchback,local_used,5,Red,ABS; Air Bags; Premium Audio; Heated Seats; Backup Camera; Immobilizer Key; Keyless Entry; Navigation; Power Locks; Power Mirrors; Power Steering; Power Windows,"2017 Daihatsu Mira (locally used), a well-priced hatchback well suited to quick city runs and easy parking — a good fit for budget-conscious buyers. Comes with ABS.",https://upload.wikimedia.org/wikipedia/commons/thumb/f/f8/Daihatsu_Mira_e-S_G%22SA_III%22_%2717_%282%29.jpg/960px-Daihatsu_Mira_e-S_G%22SA_III%22_%2717_%282%29.jpg?utm_source=commons.wikimedia.org&utm_campaign=imageinfo&utm_content=thumbnail
Swift,Suzuki,2017,73500,121000,Gasoline,Manual,Hatchback,local_used,5,Black,ABS; Premium Audio; Heated Seats; Immobilizer Key; Keyless Entry; Power Locks; Power Mirrors; Power Steering; Power Windows,"2017 Suzuki Swift (locally used), a well-priced hatchback well suited to quick city runs and easy parking — a good fit for budget-conscious buyers. Comes with ABS.",https://upload.wikimedia.org/wikipedia/commons/thumb/2/2c/2020_Suzuki_Swift_Facelift_IMG_1884.jpg/960px-2020_Suzuki_Swift_Facelift_IMG_1884.jpg?utm_source=commons.wikimedia.org&utm_campaign=imageinfo&utm_content=thumbnail
Civic Prosmetic,Honda,2011,156500,88000,Gasoline,Automatic,Sedan,foreign_used,5,Silver,ABS; Air Bags; Premium Audio; Heated Seats; Backup Camera; Immobilizer Key; Power Locks; Power Mirrors; Power Steering; Power Windows,"2011 Honda Civic Prosmetic (foreign used), a well-priced sedan well suited to daily commuting and city driving — a good fit for urban professionals. Comes with ABS.",
Civic Prosmetic,Honda,2016,155500,89957,Gasoline,Automatic,Sedan,foreign_used,5,Gray,ABS; Air Bags; Premium Audio; Backup Camera; Immobilizer Key; Keyless Entry; Navigation; Power Locks; Power Mirrors; Power Steering; Power Windows,"2016 Honda Civic Prosmetic (foreign used), a well-priced sedan well suited to daily commuting and city driving — a good fit for urban professionals. Comes with ABS.",
C Class,Mercedes,2003,152000,200000,Gasoline,Automatic,Sedan,foreign_used,5,Black,ABS; Air Bags; Premium Audio; Heated Seats; Immobilizer Key; Keyless Entry; Navigation; Power Locks; Power Mirrors; Power Steering; Power Windows; Backup Camera,"2003 Mercedes C Class (foreign used), a well-priced sedan well suited to daily commuting and city driving — a good fit for urban professionals. Comes with ABS.",https://upload.wikimedia.org/wikipedia/commons/thumb/6/66/2003_Mercedes_C_32_AMG.jpg/960px-2003_Mercedes_C_32_AMG.jpg?utm_source=commons.wikimedia.org&utm_campaign=imageinfo&utm_content=thumbnail
Terios Kid,Daihatsu,2011,168500,134000,Gasoline,Manual,SUV,local_used,7,Yellow,Air Bags; Premium Audio; Backup Camera; Immobilizer Key; Keyless Entry; Navigation; Power Locks; Power Mirrors; Power Steering; Power Windows,"2011 Daihatsu Terios Kid (locally used), a well-priced suv well suited to family trips and weekend getaways — a good fit for family-oriented drivers. Comes with air bags.",https://upload.wikimedia.org/wikipedia/commons/thumb/5/5c/Daihatsu_Terios_Kid.jpg/960px-Daihatsu_Terios_Kid.jpg?utm_source=commons.wikimedia.org&utm_campaign=imageinfo&utm_content=thumbnail
Civic Oriel,Honda,2003,138000,100800,Gasoline,Manual,Sedan,foreign_used,5,Yellow,ABS; Air Bags; Premium Audio; Backup Camera; Immobilizer Key; Keyless Entry; Navigation; Power Locks; Power Mirrors; Power Steering; Power Windows,"2003 Honda Civic Oriel (foreign used), a well-priced sedan well suited to daily commuting and city driving — a good fit for urban professionals. Comes with ABS.",
Hijet,Daihatsu,2011,208000,150000,Gasoline,Automatic,Truck,foreign_used,2,Black,ABS; Air Bags; Premium Audio; Heated Seats; Backup Camera; Immobilizer Key; Navigation; Power Locks; Power Mirrors; Power Steering; Power Windows,"2011 Daihatsu Hijet (foreign used), a well-priced truck well suited to hauling and rough roads — a good fit for adventure seekers. Comes with ABS.",https://upload.wikimedia.org/wikipedia/commons/thumb/b/b9/2007-2011_Daihatsu_Hijet_Truck_Extra_4WD.jpg/960px-2007-2011_Daihatsu_Hijet_Truck_Extra_4WD.jpg?utm_source=commons.wikimedia.org&utm_campaign=imageinfo&utm_content=thumbnail
Passo,Toyota,2020,103500,2390,Gasoline,Automatic,Hatchback,local_used,5,Silver,ABS; Air Bags; Premium Audio; Heated Seats; Immobilizer Key; Keyless Entry; Navigation; Power Locks; Power Mirrors; Power Steering; Power Windows,"2020 Toyota Passo (locally used), a well-priced hatchback well suited to quick city runs and easy parking — a good fit for budget-conscious buyers. Comes with ABS.",https://upload.wikimedia.org/wikipedia/commons/thumb/e/e0/2010_Toyota_Passo_%2849882868501%29.jpg/960px-2010_Toyota_Passo_%2849882868501%29.jpg?utm_source=commons.wikimedia.org&utm_campaign=imageinfo&utm_content=thumbnail
Mira,Daihatsu,2010,63000,105000,Gasoline,Automatic,Hatchback,local_used,5,Black,ABS; Air Bags; Heated Seats; Premium Audio; Backup Camera; Keyless Entry; Navigation; Power Locks; Power Steering; Power Windows,"2010 Daihatsu Mira (locally used), a well-priced hatchback well suited to quick city runs and easy parking — a good fit for budget-conscious buyers. Comes with ABS.",https://upload.wikimedia.org/wikipedia/commons/thumb/c/c6/Daihatsu_Mira_AVY.jpg/960px-Daihatsu_Mira_AVY.jpg?utm_source=commons.wikimedia.org&utm_campaign=imageinfo&utm_content=thumbnail
Wagon R,Suzuki,2021,99000,21000,Gasoline,Manual,Hatchback,foreign_used,5,Black,ABS; Air Bags; Premium Audio; Heated Seats; Keyless Entry; Navigation; Power Locks; Power Mirrors; Power Steering; Power Windows; Backup Camera,"2021 Suzuki Wagon R (foreign used), a well-priced hatchback well suited to quick city runs and easy parking — a good fit for budget-conscious buyers. Comes with ABS.",https://upload.wikimedia.org/wikipedia/commons/thumb/4/49/1998_Suzuki_Wagon_R%2B_%28Netherlands%29.jpg/960px-1998_Suzuki_Wagon_R%2B_%28Netherlands%29.jpg?utm_source=commons.wikimedia.org&utm_campaign=imageinfo&utm_content=thumbnail
Exclusive,Chevrolet,2005,78500,32000,Gasoline,Manual,Hatchback,local_used,5,White,ABS; Air Bags; Premium Audio; Heated Seats; Immobilizer Key; Keyless Entry; Power Locks; Power Steering; Power Windows,"2005 Chevrolet Exclusive (locally used), a well-priced hatchback well suited to quick city runs and easy parking — a good fit for budget-conscious buyers. Comes with ABS.",https://upload.wikimedia.org/wikipedia/commons/thumb/2/27/Chevrolet_Spark._Bukhara%2C_Uzbekistan.jpg/960px-Chevrolet_Spark._Bukhara%2C_Uzbekistan.jpg?utm_source=commons.wikimedia.org&utm_campaign=imageinfo&utm_content=thumbnail
Passo,Toyota,2018,63000,180000,Gasoline,Automatic,Hatchback,foreign_used,5,Silver,ABS; Air Bags; Premium Audio; Heated Seats; Backup Camera; Immobilizer Key; Keyless Entry; Navigation; Power Locks; Power Mirrors; Power Steering; Power Windows,"2018 Toyota Passo (foreign used), a well-priced hatchback well suited to quick city runs and easy parking — a good fit for budget-conscious buyers. Comes with ABS.",https://upload.wikimedia.org/wikipedia/commons/thumb/4/42/2018-2023_Toyota_Passo_Moda.jpg/960px-2018-2023_Toyota_Passo_Moda.jpg?utm_source=commons.wikimedia.org&utm_campaign=imageinfo&utm_content=thumbnail
Mira,Daihatsu,2016,62500,211000,Gasoline,Automatic,Hatchback,local_used,5,Silver,ABS; Air Bags; Premium Audio; Heated Seats; Backup Camera; Immobilizer Key; Navigation; Power Locks; Power Mirrors; Power Steering; Power Windows,"2016 Daihatsu Mira (locally used), a well-priced hatchback well suited to quick city runs and easy parking — a good fit for budget-conscious buyers. Comes with ABS.",https://upload.wikimedia.org/wikipedia/commons/thumb/6/6c/Osaka_Auto_Messe_2016_%28135%29_-_Daihatsu_Mira_%28L250%29_tuned_by_CLS.jpg/960px-Osaka_Auto_Messe_2016_%28135%29_-_Daihatsu_Mira_%28L250%29_tuned_by_CLS.jpg?utm_source=commons.wikimedia.org&utm_campaign=imageinfo&utm_content=thumbnail
City IVTEC,Honda,2022,207000,30000,Gasoline,Automatic,Sedan,foreign_used,5,White,ABS; Air Bags; Premium Audio; Backup Camera; Immobilizer Key; Navigation; Power Locks; Power Mirrors; Power Steering; Power Windows,"2022 Honda City IVTEC (foreign used), a premium sedan well suited to daily commuting and city driving — a good fit for urban professionals. Comes with ABS.",https://upload.wikimedia.org/wikipedia/commons/thumb/0/02/Steering_Wheel_of_Honda_City_7th_Generation_%285th_Generation_Sedan%29_iVTEC_2022.jpg/960px-Steering_Wheel_of_Honda_City_7th_Generation_%285th_Generation_Sedan%29_iVTEC_2022.jpg?utm_source=commons.wikimedia.org&utm_campaign=imageinfo&utm_content=thumbnail
Corolla GLI,Toyota,2019,173000,60000,Gasoline,Manual,Sedan,foreign_used,5,Black,ABS; Air Bags; Premium Audio; Immobilizer Key; Keyless Entry; Navigation; Power Locks; Power Mirrors; Power Steering; Power Windows; Backup Camera,"2019 Toyota Corolla GLI (foreign used), a well-priced sedan well suited to daily commuting and city driving — a good fit for urban professionals. Comes with ABS.",https://upload.wikimedia.org/wikipedia/commons/thumb/5/59/Toyota_Corolla_1.6_GLi_1997_%2827700288257%29.jpg/960px-Toyota_Corolla_1.6_GLi_1997_%2827700288257%29.jpg?utm_source=commons.wikimedia.org&utm_campaign=imageinfo&utm_content=thumbnail
Swift,Suzuki,2007,71500,98000,Gasoline,Automatic,Hatchback,local_used,5,Red,ABS; Air Bags; Premium Audio; Heated Seats; Backup Camera; Immobilizer Key; Keyless Entry; Power Locks; Power Mirrors; Power Steering; Power Windows,"2007 Suzuki Swift (locally used), a well-priced hatchback well suited to quick city runs and easy parking — a good fit for budget-conscious buyers. Comes with ABS.",https://upload.wikimedia.org/wikipedia/commons/thumb/b/b2/2007_Suzuki_Swift_Sport.jpg/960px-2007_Suzuki_Swift_Sport.jpg?utm_source=commons.wikimedia.org&utm_campaign=imageinfo&utm_content=thumbnail
Mehran VXR,Suzuki,2017,105500,34000,Gasoline,Manual,Hatchback,foreign_used,5,White,ABS; Air Bags; Premium Audio; Heated Seats; Backup Camera; Immobilizer Key; Keyless Entry; Navigation; Power Locks; Power Mirrors; Power Steering; Power Windows,"2017 Suzuki Mehran VXR (foreign used), a well-priced hatchback well suited to quick city runs and easy parking — a good fit for budget-conscious buyers. Comes with ABS.",
Corolla XLI,Toyota,2014,111500,170000,Gasoline,Manual,Sedan,foreign_used,5,White,ABS; Air Bags; Premium Audio; Immobilizer Key; Keyless Entry; Navigation; Power Locks; Power Mirrors; Power Steering; Power Windows,"2014 Toyota Corolla XLI (foreign used), a well-priced sedan well suited to daily commuting and city driving — a good fit for urban professionals. Comes with ABS.",https://upload.wikimedia.org/wikipedia/commons/thumb/0/0c/Toyota_Corolla_1.6_XLi_2006.jpg/960px-Toyota_Corolla_1.6_XLi_2006.jpg?utm_source=commons.wikimedia.org&utm_campaign=imageinfo&utm_content=thumbnail
Civic Oriel,Honda,2008,114500,124000,Gasoline,Manual,Sedan,local_used,5,Silver,ABS; Air Bags; Premium Audio; Backup Camera; Keyless Entry; Navigation; Power Locks; Power Mirrors; Power Steering; Power Windows,"2008 Honda Civic Oriel (locally used), a well-priced sedan well suited to daily commuting and city driving — a good fit for urban professionals. Comes with ABS.",
Corrolla Altis,Toyota,2013,129500,100000,Gasoline,Automatic,Sedan,local_used,5,Orange,ABS; Air Bags; Premium Audio; Heated Seats; Navigation; Power Locks; Power Mirrors; Power Steering; Power Windows; Backup Camera,"2013 Toyota Corrolla Altis (locally used), a well-priced sedan well suited to daily commuting and city driving — a good fit for urban professionals. Comes with ABS.",
Mira,Daihatsu,2015,104500,26000,Gasoline,Automatic,Hatchback,foreign_used,5,Black,ABS; Air Bags; Premium Audio; Heated Seats; Navigation; Power Locks; Power Mirrors; Power Steering; Power Windows; Backup Camera,"2015 Daihatsu Mira (foreign used), a well-priced hatchback well suited to quick city runs and easy parking — a good fit for budget-conscious buyers. Comes with ABS.",https://upload.wikimedia.org/wikipedia/commons/thumb/0/03/2013-2015_Daihatsu_Mira_eS_%28LA300S%29%2C_rear_right.jpg/960px-2013-2015_Daihatsu_Mira_eS_%28LA300S%29%2C_rear_right.jpg?utm_source=commons.wikimedia.org&utm_campaign=imageinfo&utm_content=thumbnail
Move,Daihatsu,2021,94500,100000,Gasoline,Automatic,Hatchback,foreign_used,5,Gray,ABS; Air Bags; Premium Audio; Backup Camera; Immobilizer Key; Navigation; Power Locks; Power Mirrors; Power Steering; Power Windows,"2021 Daihatsu Move (foreign used), a well-priced hatchback well suited to quick city runs and easy parking — a good fit for budget-conscious buyers. Comes with ABS.",https://upload.wikimedia.org/wikipedia/commons/thumb/2/2b/1997_Daihatsu_Move_850cc_Rear.jpg/960px-1997_Daihatsu_Move_850cc_Rear.jpg?utm_source=commons.wikimedia.org&utm_campaign=imageinfo&utm_content=thumbnail
Move,Daihatsu,2017,85500,90000,Gasoline,Automatic,Hatchback,foreign_used,5,Gray,ABS; Air Bags; Premium Audio; Heated Seats; Backup Camera; Immobilizer Key; Keyless Entry; Navigation; Power Locks; Power Mirrors; Power Steering; Power Windows,"2017 Daihatsu Move (foreign used), a well-priced hatchback well suited to quick city runs and easy parking — a good fit for budget-conscious buyers. Comes with ABS.",https://upload.wikimedia.org/wikipedia/commons/thumb/4/4e/2011-2017_Daihatsu_Move_Conte_Custom_RS.jpg/960px-2011-2017_Daihatsu_Move_Conte_Custom_RS.jpg?utm_source=commons.wikimedia.org&utm_campaign=imageinfo&utm_content=thumbnail
City IDSI,Honda,2006,139500,110000,Gasoline,Manual,Sedan,foreign_used,5,White,ABS; Premium Audio; Backup Camera; Immobilizer Key; Keyless Entry; Navigation; Power Locks; Power Mirrors; Power Steering; Power Windows,"2006 Honda City IDSI (foreign used), a well-priced sedan well suited to daily commuting and city driving — a good fit for urban professionals. Comes with ABS.",https://upload.wikimedia.org/wikipedia/commons/thumb/3/31/Honda_City_1.5_iDSI_2008.jpg/960px-Honda_City_1.5_iDSI_2008.jpg?utm_source=commons.wikimedia.org&utm_campaign=imageinfo&utm_content=thumbnail
Mira,Daihatsu,2018,98500,79000,Gasoline,Automatic,Hatchback,foreign_used,5,Gray,ABS; Air Bags; Premium Audio; Heated Seats; Immobilizer Key; Power Locks; Power Mirrors; Power Steering; Power Windows; Backup Camera,"2018 Daihatsu Mira (foreign used), a well-priced hatchback well suited to quick city runs and easy parking — a good fit for budget-conscious buyers. Comes with ABS.",https://upload.wikimedia.org/wikipedia/commons/thumb/f/f8/Daihatsu_Mira_Tocot_G%22SA_III%22_%2718_%281%29.jpg/960px-Daihatsu_Mira_Tocot_G%22SA_III%22_%2718_%281%29.jpg?utm_source=commons.wikimedia.org&utm_campaign=imageinfo&utm_content=thumbnail
Pajero Mini,Mitsubishi,2012,229000,84000,Gasoline,Automatic,SUV,foreign_used,7,Black,ABS; Air Bags; Premium Audio; Heated Seats; Backup Camera; Immobilizer Key; Keyless Entry; Navigation; Power Mirrors; Power Steering; Power Windows,"2012 Mitsubishi Pajero Mini (foreign used), a well-priced suv well suited to family trips and weekend getaways — a good fit for family-oriented drivers. Comes with ABS.",https://upload.wikimedia.org/wikipedia/commons/thumb/c/ce/Mitsubishi_Pajero_Mini_XR-I%2C_front_left.jpg/960px-Mitsubishi_Pajero_Mini_XR-I%2C_front_left.jpg?utm_source=commons.wikimedia.org&utm_campaign=imageinfo&utm_content=thumbnail
City Aspire,Honda,2015,161500,125035,Gasoline,Automatic,Sedan,local_used,5,Silver,ABS; Air Bags; Premium Audio; Backup Camera; Immobilizer Key; Keyless Entry; Navigation; Power Locks; Power Mirrors; Power Steering; Power Windows,"2015 Honda City Aspire (locally used), a well-priced sedan well suited to daily commuting and city driving — a good fit for urban professionals. Comes with ABS.",https://upload.wikimedia.org/wikipedia/commons/thumb/f/f4/HCA_interior.JPG/960px-HCA_interior.JPG?utm_source=commons.wikimedia.org&utm_campaign=imageinfo&utm_content=thumbnail
Wagon R,Suzuki,2014,78000,72148,Gasoline,Automatic,Hatchback,foreign_used,5,Silver,ABS; Air Bags; Premium Audio; Heated Seats; Backup Camera; Immobilizer Key; Keyless Entry; Power Locks; Power Mirrors; Power Steering; Power Windows,"2014 Suzuki Wagon R (foreign used), a well-priced hatchback well suited to quick city runs and easy parking — a good fit for budget-conscious buyers. Comes with ABS.",https://upload.wikimedia.org/wikipedia/commons/thumb/9/99/2012-2014_Suzuki_Wagon_R_FX_Limited_rear.jpg/960px-2012-2014_Suzuki_Wagon_R_FX_Limited_rear.jpg?utm_source=commons.wikimedia.org&utm_campaign=imageinfo&utm_content=thumbnail
Passo,Toyota,2014,72500,88000,Gasoline,Automatic,Hatchback,foreign_used,5,Silver,ABS; Air Bags; Premium Audio; Backup Camera; Immobilizer Key; Power Locks; Power Mirrors; Power Steering; Power Windows,"2014 Toyota Passo (foreign used), a well-priced hatchback well suited to quick city runs and easy parking — a good fit for budget-conscious buyers. Comes with ABS.",https://upload.wikimedia.org/wikipedia/commons/thumb/5/54/Toyota_Passo_1.0X_%2714_%281%29.jpg/960px-Toyota_Passo_1.0X_%2714_%281%29.jpg?utm_source=commons.wikimedia.org&utm_campaign=imageinfo&utm_content=thumbnail
Corolla GLI,Toyota,2008,109000,150000,Gasoline,Manual,Sedan,foreign_used,5,White,Premium Audio; Heated Seats; Immobilizer Key; Keyless Entry; Navigation; Power Locks; Power Steering; Power Windows; Backup Camera,"2008 Toyota Corolla GLI (foreign used), a well-priced sedan well suited to daily commuting and city driving — a good fit for urban professionals. Comes with premium audio.",https://upload.wikimedia.org/wikipedia/commons/a/af/1997_Toyota_Corolla_GLi_01.jpg?utm_source=commons.wikimedia.org&utm_campaign=imageinfo&utm_content=thumbnail_unscaled
Swift,Suzuki,2015,70000,102000,Gasoline,Automatic,Hatchback,local_used,5,Blue,ABS; Premium Audio; Heated Seats; Immobilizer Key; Keyless Entry; Navigation; Power Locks; Power Mirrors; Power Steering; Power Windows; Backup Camera,"2015 Suzuki Swift (locally used), a well-priced hatchback well suited to quick city runs and easy parking — a good fit for budget-conscious buyers. Comes with ABS.",https://upload.wikimedia.org/wikipedia/commons/thumb/c/ca/2015_Suzuki_swift_Sport.jpg/960px-2015_Suzuki_swift_Sport.jpg?utm_source=commons.wikimedia.org&utm_campaign=imageinfo&utm_content=thumbnail
Mira,Daihatsu,2008,71000,99000,Gasoline,Automatic,Hatchback,foreign_used,5,Black,ABS; Air Bags; Premium Audio; Heated Seats; Keyless Entry; Navigation; Power Locks; Power Mirrors; Power Steering; Power Windows,"2008 Daihatsu Mira (foreign used), a well-priced hatchback well suited to quick city runs and easy parking — a good fit for budget-conscious buyers. Comes with ABS.",https://upload.wikimedia.org/wikipedia/commons/thumb/1/1b/2008_Daihatsu_Mira-Custom_01.jpg/960px-2008_Daihatsu_Mira-Custom_01.jpg?utm_source=commons.wikimedia.org&utm_campaign=imageinfo&utm_content=thumbnail
Civic Oriel,Honda,2002,120500,136589,Gasoline,Manual,Sedan,foreign_used,5,White,ABS; Air Bags; Premium Audio; Immobilizer Key; Keyless Entry; Navigation; Power Locks; Power Mirrors; Power Steering; Power Windows; Backup Camera,"2002 Honda Civic Oriel (foreign used), a well-priced sedan well suited to daily commuting and city driving — a good fit for urban professionals. Comes with ABS.",
Move,Daihatsu,2007,46500,179000,Gasoline,Automatic,Hatchback,foreign_used,5,White,ABS; Air Bags; Premium Audio; Heated Seats; Immobilizer Key; Keyless Entry; Navigation; Power Locks; Power Mirrors; Power Steering; Power Windows; Backup Camera,"2007 Daihatsu Move (foreign used), a budget-friendly hatchback well suited to quick city runs and easy parking — a good fit for budget-conscious buyers. Comes with ABS.",https://upload.wikimedia.org/wikipedia/commons/thumb/9/93/1997_Daihatsu_Move_%28L601%29_hatchback_%282007-10-03%29.jpg/960px-1997_Daihatsu_Move_%28L601%29_hatchback_%282007-10-03%29.jpg?utm_source=commons.wikimedia.org&utm_campaign=imageinfo&utm_content=thumbnail
City IVTEC,Honda,2015,149500,72000,Gasoline,Manual,Sedan,foreign_used,5,Silver,Premium Audio; Immobilizer Key; Keyless Entry; Power Locks; Power Mirrors; Power Steering; Power Windows; Backup Camera,"2015 Honda City IVTEC (foreign used), a well-priced sedan well suited to daily commuting and city driving — a good fit for urban professionals. Comes with premium audio.",https://upload.wikimedia.org/wikipedia/commons/thumb/0/02/Steering_Wheel_of_Honda_City_7th_Generation_%285th_Generation_Sedan%29_iVTEC_2022.jpg/960px-Steering_Wheel_of_Honda_City_7th_Generation_%285th_Generation_Sedan%29_iVTEC_2022.jpg?utm_source=commons.wikimedia.org&utm_campaign=imageinfo&utm_content=thumbnail
Swift,Suzuki,2012,69000,130000,Gasoline,Manual,Hatchback,foreign_used,5,Gray,ABS; Premium Audio; Immobilizer Key; Keyless Entry; Navigation; Power Locks; Power Mirrors; Power Steering; Power Windows; Backup Camera,"2012 Suzuki Swift (foreign used), a well-priced hatchback well suited to quick city runs and easy parking — a good fit for budget-conscious buyers. Comes with ABS.",https://upload.wikimedia.org/wikipedia/commons/thumb/d/d6/2012_Suzuki_Swift_Sport_%2874480%29.jpg/960px-2012_Suzuki_Swift_Sport_%2874480%29.jpg?utm_source=commons.wikimedia.org&utm_campaign=imageinfo&utm_content=thumbnail
Corolla GLI,Toyota,2003,137000,100000,Gasoline,Automatic,Sedan,local_used,5,White,ABS; Air Bags; Premium Audio; Heated Seats; Immobilizer Key; Keyless Entry; Navigation; Power Locks; Power Mirrors; Power Windows,"2003 Toyota Corolla GLI (locally used), a well-priced sedan well suited to daily commuting and city driving — a good fit for urban professionals. Comes with ABS.",https://upload.wikimedia.org/wikipedia/commons/a/af/1997_Toyota_Corolla_GLi_01.jpg?utm_source=commons.wikimedia.org&utm_campaign=imageinfo&utm_content=thumbnail_unscaled
City IDSI,Honda,2016,150500,100000,Gasoline,Automatic,Sedan,local_used,5,Silver,ABS; Air Bags; Premium Audio; Heated Seats; Backup Camera; Immobilizer Key; Keyless Entry; Navigation; Power Locks; Power Mirrors; Power Steering; Power Windows,"2016 Honda City IDSI (locally used), a well-priced sedan well suited to daily commuting and city driving — a good fit for urban professionals. Comes with ABS.",https://upload.wikimedia.org/wikipedia/commons/thumb/3/31/Honda_City_1.5_iDSI_2008.jpg/960px-Honda_City_1.5_iDSI_2008.jpg?utm_source=commons.wikimedia.org&utm_campaign=imageinfo&utm_content=thumbnail
Civic Prosmetic,Honda,2014,162500,80000,Gasoline,Automatic,Sedan,foreign_used,5,White,ABS; Air Bags; Premium Audio; Heated Seats; Immobilizer Key; Navigation; Power Locks; Power Mirrors; Power Steering; Power Windows,"2014 Honda Civic Prosmetic (foreign used), a well-priced sedan well suited to daily commuting and city driving — a good fit for urban professionals. Comes with ABS.",
Yaris,Toyota,2007,95500,160000,Gasoline,Automatic,Sedan,foreign_used,5,Gray,ABS; Air Bags; Premium Audio; Backup Camera; Keyless Entry; Navigation; Power Locks; Power Mirrors; Power Steering,"2007 Toyota Yaris (foreign used), a budget-friendly sedan well suited to daily commuting and city driving — a good fit for urban professionals. Comes with ABS.",https://upload.wikimedia.org/wikipedia/commons/thumb/a/a1/2007_Toyota_Yaris_%28sedan%29.jpg/960px-2007_Toyota_Yaris_%28sedan%29.jpg?utm_source=commons.wikimedia.org&utm_campaign=imageinfo&utm_content=thumbnail
City IVTEC,Honda,2020,153500,99008,Gasoline,Automatic,Sedan,local_used,5,White,ABS; Air Bags; Premium Audio; Heated Seats; Immobilizer Key; Keyless Entry; Navigation; Power Locks; Power Steering; Power Windows,"2020 Honda City IVTEC (locally used), a well-priced sedan well suited to daily commuting and city driving — a good fit for urban professionals. Comes with ABS.",https://upload.wikimedia.org/wikipedia/commons/thumb/0/02/Steering_Wheel_of_Honda_City_7th_Generation_%285th_Generation_Sedan%29_iVTEC_2022.jpg/960px-Steering_Wheel_of_Honda_City_7th_Generation_%285th_Generation_Sedan%29_iVTEC_2022.jpg?utm_source=commons.wikimedia.org&utm_campaign=imageinfo&utm_content=thumbnail
Pajero Mini,Mitsubishi,2008,200500,140000,Gasoline,Automatic,SUV,local_used,7,Gray,ABS; Air Bags; Premium Audio; Backup Camera; Immobilizer Key; Keyless Entry; Navigation; Power Locks; Power Mirrors; Power Steering; Power Windows,"2008 Mitsubishi Pajero Mini (locally used), a well-priced suv well suited to family trips and weekend getaways — a good fit for family-oriented drivers. Comes with ABS.",https://upload.wikimedia.org/wikipedia/commons/thumb/0/0e/Mitsubishi_Pajero_Mini_251.JPG/960px-Mitsubishi_Pajero_Mini_251.JPG?utm_source=commons.wikimedia.org&utm_campaign=imageinfo&utm_content=thumbnail
Civic Prosmetic,Honda,2018,205000,68000,Gasoline,Automatic,Sedan,foreign_used,5,Black,ABS; Air Bags; Premium Audio; Backup Camera; Immobilizer Key; Navigation; Power Locks; Power Mirrors; Power Steering; Power Windows,"2018 Honda Civic Prosmetic (foreign used), a premium sedan well suited to daily commuting and city driving — a good fit for urban professionals. Comes with ABS.",
City IDSI,Honda,2008,108500,123000,Gasoline,Manual,Sedan,foreign_used,5,Red,ABS; Premium Audio; Backup Camera; Immobilizer Key; Keyless Entry; Navigation; Power Locks; Power Mirrors; Power Steering; Power Windows,"2008 Honda City IDSI (foreign used), a well-priced sedan well suited to daily commuting and city driving — a good fit for urban professionals. Comes with ABS.",https://upload.wikimedia.org/wikipedia/commons/thumb/3/31/Honda_City_1.5_iDSI_2008.jpg/960px-Honda_City_1.5_iDSI_2008.jpg?utm_source=commons.wikimedia.org&utm_campaign=imageinfo&utm_content=thumbnail
Alto,Suzuki,2019,114500,43000,Gasoline,Manual,Hatchback,foreign_used,5,White,ABS; Air Bags; Premium Audio; Immobilizer Key; Navigation; Power Locks; Power Mirrors; Power Steering; Power Windows; Backup Camera,"2019 Suzuki Alto (foreign used), a premium hatchback well suited to quick city runs and easy parking — a good fit for budget-conscious buyers. Comes with ABS.",https://upload.wikimedia.org/wikipedia/commons/thumb/a/a5/Osaka_Auto_Messe_2019_%28195%29_-_Suzuki_ALTO_%28DBA-HA36S%29_tuned_by_KLC.jpg/960px-Osaka_Auto_Messe_2019_%28195%29_-_Suzuki_ALTO_%28DBA-HA36S%29_tuned_by_KLC.jpg?utm_source=commons.wikimedia.org&utm_campaign=imageinfo&utm_content=thumbnail
Wagon R,Suzuki,2016,88000,90000,Gasoline,Manual,Hatchback,foreign_used,5,Black,ABS; Premium Audio; Heated Seats; Backup Camera; Immobilizer Key; Keyless Entry; Navigation; Power Locks; Power Mirrors; Power Steering; Power Windows,"2016 Suzuki Wagon R (foreign used), a well-priced hatchback well suited to quick city runs and easy parking — a good fit for budget-conscious buyers. Comes with ABS.",https://upload.wikimedia.org/wikipedia/commons/thumb/0/0a/2016_Suzuki_Karimun_Wagon_R_GS_1.0_MP31S_%2820200225%29.jpg/960px-2016_Suzuki_Karimun_Wagon_R_GS_1.0_MP31S_%2820200225%29.jpg?utm_source=commons.wikimedia.org&utm_campaign=imageinfo&utm_content=thumbnail
Every,Suzuki,2018,315500,94000,Gasoline,Manual,Wagon,local_used,5,White,ABS; Air Bags; Premium Audio; Backup Camera; Immobilizer Key; Keyless Entry; Power Locks; Power Mirrors; Power Steering; Power Windows,"2018 Suzuki Every (locally used), a well-priced wagon well suited to family trips with plenty of cargo room — a good fit for family-oriented drivers. Comes with ABS.",https://upload.wikimedia.org/wikipedia/commons/thumb/7/7e/Osaka_Auto_Messe_2018_%28202%29_-_HEARTILY_EVERY_WAGON_LS-LINE.jpg/960px-Osaka_Auto_Messe_2018_%28202%29_-_HEARTILY_EVERY_WAGON_LS-LINE.jpg?utm_source=commons.wikimedia.org&utm_campaign=imageinfo&utm_content=thumbnail
City IVTEC,Honda,2014,129500,152000,Gasoline,Manual,Sedan,local_used,5,Red,Premium Audio; Heated Seats; Backup Camera; Immobilizer Key; Navigation; Power Locks; Power Mirrors; Power Steering; Power Windows,"2014 Honda City IVTEC (locally used), a well-priced sedan well suited to daily commuting and city driving — a good fit for urban professionals. Comes with premium audio.",https://upload.wikimedia.org/wikipedia/commons/thumb/0/02/Steering_Wheel_of_Honda_City_7th_Generation_%285th_Generation_Sedan%29_iVTEC_2022.jpg/960px-Steering_Wheel_of_Honda_City_7th_Generation_%285th_Generation_Sedan%29_iVTEC_2022.jpg?utm_source=commons.wikimedia.org&utm_campaign=imageinfo&utm_content=thumbnail
Swift,Suzuki,2013,77500,102785,Gasoline,Manual,Hatchback,local_used,5,Blue,ABS; Air Bags; Premium Audio; Immobilizer Key; Navigation; Power Locks; Power Mirrors; Power Steering; Power Windows; Backup Camera,"2013 Suzuki Swift (locally used), a well-priced hatchback well suited to quick city runs and easy parking — a good fit for budget-conscious buyers. Comes with ABS.",https://upload.wikimedia.org/wikipedia/commons/4/4e/2013_Suzuki_Swift_%28FZ%29_Sport_5-door_hatchback_%2814188357293%29.jpg?utm_source=commons.wikimedia.org&utm_campaign=imageinfo&utm_content=thumbnail_unscaled
Lancer,Mitsubishi,2007,107500,168786,Gasoline,Manual,Sedan,foreign_used,5,Black,ABS; Premium Audio; Immobilizer Key; Keyless Entry; Navigation; Power Locks; Power Mirrors; Power Steering; Power Windows; Backup Camera,"2007 Mitsubishi Lancer (foreign used), a well-priced sedan well suited to daily commuting and city driving — a good fit for urban professionals. Comes with ABS.",https://upload.wikimedia.org/wikipedia/commons/thumb/e/ec/2007_Mitsubishi_Lancer_CH_4G69.jpg/960px-2007_Mitsubishi_Lancer_CH_4G69.jpg?utm_source=commons.wikimedia.org&utm_campaign=imageinfo&utm_content=thumbnail
Move,Daihatsu,2013,79000,112000,Gasoline,Automatic,Hatchback,foreign_used,5,Gray,ABS; Premium Audio; Heated Seats; Keyless Entry; Navigation; Power Locks; Power Mirrors; Power Steering; Power Windows; Backup Camera,"2013 Daihatsu Move (foreign used), a well-priced hatchback well suited to quick city runs and easy parking — a good fit for budget-conscious buyers. Comes with ABS.",https://upload.wikimedia.org/wikipedia/commons/thumb/e/e4/2011-2013_Daihatsu_Move_Conte_X.jpg/960px-2011-2013_Daihatsu_Move_Conte_X.jpg?utm_source=commons.wikimedia.org&utm_campaign=imageinfo&utm_content=thumbnail
Move,Daihatsu,2022,103000,5600,Gasoline,Automatic,Hatchback,local_used,5,Blue,ABS; Air Bags; Premium Audio; Backup Camera; Immobilizer Key; Keyless Entry; Navigation; Power Locks; Power Mirrors; Power Steering; Power Windows,"2022 Daihatsu Move (locally used), a well-priced hatchback well suited to quick city runs and easy parking — a good fit for budget-conscious buyers. Comes with ABS.",https://upload.wikimedia.org/wikipedia/commons/thumb/6/6c/1997_Daihatsu_Move_850.jpg/960px-1997_Daihatsu_Move_850.jpg?utm_source=commons.wikimedia.org&utm_campaign=imageinfo&utm_content=thumbnail
Alto,Suzuki,2009,76000,16000,Gasoline,Automatic,Hatchback,local_used,5,Silver,ABS; Premium Audio; Backup Camera; Immobilizer Key; Keyless Entry; Power Locks; Power Steering; Power Windows,"2009 Suzuki Alto (locally used), a well-priced hatchback well suited to quick city runs and easy parking — a good fit for budget-conscious buyers. Comes with ABS.",https://upload.wikimedia.org/wikipedia/commons/thumb/1/1b/Suzuki_Alto_Lapin_X_2009-2013_%281%29.jpg/960px-Suzuki_Alto_Lapin_X_2009-2013_%281%29.jpg?utm_source=commons.wikimedia.org&utm_campaign=imageinfo&utm_content=thumbnail
City IDSI,Honda,2003,92000,170000,Gasoline,Manual,Sedan,foreign_used,5,Silver,Premium Audio; Immobilizer Key; Keyless Entry; Power Locks; Power Mirrors; Power Steering; Power Windows; Backup Camera,"2003 Honda City IDSI (foreign used), a budget-friendly sedan well suited to daily commuting and city driving — a good fit for urban professionals. Comes with premium audio.",https://upload.wikimedia.org/wikipedia/commons/thumb/3/31/Honda_City_1.5_iDSI_2008.jpg/960px-Honda_City_1.5_iDSI_2008.jpg?utm_source=commons.wikimedia.org&utm_campaign=imageinfo&utm_content=thumbnail
Corolla GLI,Toyota,2013,137500,150000,Gasoline,Manual,Sedan,local_used,5,Black,ABS; Air Bags; Premium Audio; Heated Seats; Immobilizer Key; Keyless Entry; Navigation; Power Locks; Power Mirrors; Power Steering; Power Windows; Backup Camera,"2013 Toyota Corolla GLI (locally used), a well-priced sedan well suited to daily commuting and city driving — a good fit for urban professionals. Comes with ABS.",https://upload.wikimedia.org/wikipedia/commons/thumb/5/55/Toyota_Corolla_1.6_GLi_1998_%289416960147%29.jpg/960px-Toyota_Corolla_1.6_GLi_1998_%289416960147%29.jpg?utm_source=commons.wikimedia.org&utm_campaign=imageinfo&utm_content=thumbnail
Corrolla Altis,Toyota,2020,174000,58000,Gasoline,Automatic,Sedan,local_used,5,White,ABS; Air Bags; Premium Audio; Keyless Entry; Navigation; Power Locks; Power Mirrors; Power Steering; Power Windows; Backup Camera,"2020 Toyota Corrolla Altis (locally used), a well-priced sedan well suited to daily commuting and city driving — a good fit for urban professionals. Comes with ABS.",
Mira,Daihatsu,2014,78500,121000,Gasoline,Automatic,Hatchback,foreign_used,5,Red,ABS; Air Bags; Heated Seats; Premium Audio; Immobilizer Key; Navigation; Power Locks; Power Mirrors; Power Steering; Power Windows,"2014 Daihatsu Mira (foreign used), a well-priced hatchback well suited to quick city runs and easy parking — a good fit for budget-conscious buyers. Comes with ABS.",https://upload.wikimedia.org/wikipedia/commons/thumb/3/3b/Daihatsu_Mira_Gino_L_%28L660S%29_%26_Mira_Cocoa_L_%28L675S%29_rear.jpg/960px-Daihatsu_Mira_Gino_L_%28L660S%29_%26_Mira_Cocoa_L_%28L675S%29_rear.jpg?utm_source=commons.wikimedia.org&utm_campaign=imageinfo&utm_content=thumbnail
City Aspire,Honda,2020,204000,83900,Gasoline,Automatic,Sedan,foreign_used,5,Red,ABS; Air Bags; Premium Audio; Backup Camera; Immobilizer Key; Navigation; Power Locks; Power Steering; Power Windows,"2020 Honda City Aspire (foreign used), a premium sedan well suited to daily commuting and city driving — a good fit for urban professionals. Comes with ABS.",https://upload.wikimedia.org/wikipedia/commons/thumb/f/f4/HCA_interior.JPG/960px-HCA_interior.JPG?utm_source=commons.wikimedia.org&utm_campaign=imageinfo&utm_content=thumbnail
Corolla GLI,Toyota,2016,114000,167000,Gasoline,Automatic,Sedan,foreign_used,5,Silver,ABS; Premium Audio; Keyless Entry; Navigation; Power Locks; Power Mirrors; Power Steering; Power Windows; Backup Camera,"2016 Toyota Corolla GLI (foreign used), a well-priced sedan well suited to daily commuting and city driving — a good fit for urban professionals. Comes with ABS.",https://upload.wikimedia.org/wikipedia/commons/thumb/8/8f/1992-1993_Toyota_Corolla_%28AE101%29_1.6_GLi_4-Auto_in_Bang_Pli_Samutprakarn_%2819-12-2016%29_06.jpg/960px-1992-1993_Toyota_Corolla_%28AE101%29_1.6_GLi_4-Auto_in_Bang_Pli_Samutprakarn_%2819-12-2016%29_06.jpg?utm_source=commons.wikimedia.org&utm_campaign=imageinfo&utm_content=thumbnail
Swift,Suzuki,2018,99000,63000,Gasoline,Automatic,Hatchback,foreign_used,5,Black,ABS; Air Bags; Premium Audio; Heated Seats; Immobilizer Key; Keyless Entry; Navigation; Power Locks; Power Mirrors; Power Steering; Power Windows; Backup Camera,"2018 Suzuki Swift (foreign used), a well-priced hatchback well suited to quick city runs and easy parking — a good fit for budget-conscious buyers. Comes with ABS.",https://upload.wikimedia.org/wikipedia/commons/thumb/9/9a/2018_Suzuki_Swift_SZ5_Boosterjet_SHVS_1.0_Front.jpg/960px-2018_Suzuki_Swift_SZ5_Boosterjet_SHVS_1.0_Front.jpg?utm_source=commons.wikimedia.org&utm_campaign=imageinfo&utm_content=thumbnail
Terios Kid,Daihatsu,2015,276500,12345,Gasoline,Automatic,SUV,foreign_used,7,Black,Air Bags; Premium Audio; Heated Seats; Navigation; Power Locks; Power Mirrors; Power Steering; Power Windows; Backup Camera,"2015 Daihatsu Terios Kid (foreign used), a well-priced suv well suited to family trips and weekend getaways — a good fit for family-oriented drivers. Comes with air bags.",https://upload.wikimedia.org/wikipedia/commons/thumb/5/5c/Daihatsu_Terios_Kid.jpg/960px-Daihatsu_Terios_Kid.jpg?utm_source=commons.wikimedia.org&utm_campaign=imageinfo&utm_content=thumbnail
City IVTEC,Honda,2008,123500,166000,Gasoline,Automatic,Sedan,local_used,5,Gray,ABS; Air Bags; Premium Audio; Heated Seats; Immobilizer Key; Power Locks; Power Mirrors; Power Steering; Power Windows; Backup Camera,"2008 Honda City IVTEC (locally used), a well-priced sedan well suited to daily commuting and city driving — a good fit for urban professionals. Comes with ABS.",https://upload.wikimedia.org/wikipedia/commons/thumb/0/02/Steering_Wheel_of_Honda_City_7th_Generation_%285th_Generation_Sedan%29_iVTEC_2022.jpg/960px-Steering_Wheel_of_Honda_City_7th_Generation_%285th_Generation_Sedan%29_iVTEC_2022.jpg?utm_source=commons.wikimedia.org&utm_campaign=imageinfo&utm_content=thumbnail
Bolan,Suzuki,2015,305000,1234,Gasoline,Manual,Wagon,foreign_used,5,Red,ABS; Air Bags; Premium Audio; Heated Seats; Backup Camera; Immobilizer Key; Keyless Entry; Navigation; Power Locks; Power Mirrors; Power Steering; Power Windows,"2015 Suzuki Bolan (foreign used), a well-priced wagon well suited to family trips with plenty of cargo room — a good fit for family-oriented drivers. Comes with ABS.",https://upload.wikimedia.org/wikipedia/commons/thumb/6/6a/2009-2012_Suzuki_Carry_DA63T.jpg/960px-2009-2012_Suzuki_Carry_DA63T.jpg?utm_source=commons.wikimedia.org&utm_campaign=imageinfo&utm_content=thumbnail
Wagon R,Suzuki,2015,88000,89000,Gasoline,Automatic,Hatchback,foreign_used,5,Red,ABS; Air Bags; Premium Audio; Heated Seats; Immobilizer Key; Keyless Entry; Navigation; Power Locks; Power Mirrors; Power Steering; Power Windows; Backup Camera,"2015 Suzuki Wagon R (foreign used), a well-priced hatchback well suited to quick city runs and easy parking — a good fit for budget-conscious buyers. Comes with ABS.",https://upload.wikimedia.org/wikipedia/commons/thumb/8/83/2015_Suzuki_Karimun_Wagon_R_GL_1.0_MP31S_%2820190623%29.jpg/960px-2015_Suzuki_Karimun_Wagon_R_GL_1.0_MP31S_%2820190623%29.jpg?utm_source=commons.wikimedia.org&utm_campaign=imageinfo&utm_content=thumbnail
Corolla XLI,Toyota,2008,191000,1234,Gasoline,Manual,Sedan,foreign_used,5,Gray,ABS; Premium Audio; Heated Seats; Backup Camera; Immobilizer Key; Keyless Entry; Navigation; Power Locks; Power Mirrors; Power Steering,"2008 Toyota Corolla XLI (foreign used), a well-priced sedan well suited to daily commuting and city driving — a good fit for urban professionals. Comes with ABS.",https://upload.wikimedia.org/wikipedia/commons/thumb/b/b2/Toyota_Corolla_1.6_XLi_2008.jpg/960px-Toyota_Corolla_1.6_XLi_2008.jpg?utm_source=commons.wikimedia.org&utm_campaign=imageinfo&utm_content=thumbnail
Alto,Suzuki,2021,120500,34000,Gasoline,Automatic,Hatchback,foreign_used,5,Gray,ABS; Air Bags; Premium Audio; Heated Seats; Immobilizer Key; Keyless Entry; Navigation; Power Locks; Power Mirrors; Power Steering; Power Windows,"2021 Suzuki Alto (foreign used), a premium hatchback well suited to quick city runs and easy parking — a good fit for budget-conscious buyers. Comes with ABS.",https://upload.wikimedia.org/wikipedia/commons/thumb/9/97/2021-2025_Suzuki_Alto_L.jpg/960px-2021-2025_Suzuki_Alto_L.jpg?utm_source=commons.wikimedia.org&utm_campaign=imageinfo&utm_content=thumbnail
City IDSI,Honda,2004,120000,130000,Gasoline,Manual,Sedan,local_used,5,White,ABS; Premium Audio; Keyless Entry; Navigation; Power Locks; Power Mirrors; Power Steering; Power Windows; Backup Camera,"2004 Honda City IDSI (locally used), a well-priced sedan well suited to daily commuting and city driving — a good fit for urban professionals. Comes with ABS.",https://upload.wikimedia.org/wikipedia/commons/thumb/3/31/Honda_City_1.5_iDSI_2008.jpg/960px-Honda_City_1.5_iDSI_2008.jpg?utm_source=commons.wikimedia.org&utm_campaign=imageinfo&utm_content=thumbnail
City Vario,Honda,2005,127000,100000,Gasoline,Manual,Sedan,foreign_used,5,White,Air Bags; Premium Audio; Immobilizer Key; Keyless Entry; Navigation; Power Locks; Power Mirrors; Power Steering; Power Windows; Backup Camera,"2005 Honda City Vario (foreign used), a well-priced sedan well suited to daily commuting and city driving — a good fit for urban professionals. Comes with air bags.",https://upload.wikimedia.org/wikipedia/commons/thumb/4/49/Honda_Scoopy_in_different_generations_-_Jambi_City%2C_JA_02.jpg/960px-Honda_Scoopy_in_different_generations_-_Jambi_City%2C_JA_02.jpg?utm_source=commons.wikimedia.org&utm_campaign=imageinfo&utm_content=thumbnail
Swift,Suzuki,2021,111500,30000,Gasoline,Manual,Hatchback,foreign_used,5,Red,ABS; Air Bags; Premium Audio; Immobilizer Key; Keyless Entry; Navigation; Power Locks; Power Steering; Power Windows; Backup Camera,"2021 Suzuki Swift (foreign used), a premium hatchback well suited to quick city runs and easy parking — a good fit for budget-conscious buyers. Comes with ABS.",https://upload.wikimedia.org/wikipedia/commons/thumb/7/74/2021_Suzuki_Swift_GLX.jpg/960px-2021_Suzuki_Swift_GLX.jpg?utm_source=commons.wikimedia.org&utm_campaign=imageinfo&utm_content=thumbnail
Alto,Suzuki,2022,121500,29000,Gasoline,Manual,Hatchback,local_used,5,Silver,Air Bags; Premium Audio; Immobilizer Key; Keyless Entry; Navigation; Power Locks; Power Steering; Backup Camera,"2022 Suzuki Alto (locally used), a premium hatchback well suited to quick city runs and easy parking — a good fit for budget-conscious buyers. Comes with air bags.",https://upload.wikimedia.org/wikipedia/commons/thumb/e/ee/Suzuki_Alto_CN_facelift_Shishi_01_2022-05-18.jpg/960px-Suzuki_Alto_CN_facelift_Shishi_01_2022-05-18.jpg?utm_source=commons.wikimedia.org&utm_campaign=imageinfo&utm_content=thumbnail
C Class,Mercedes,2006,153500,200000,Gasoline,Automatic,Sedan,foreign_used,5,White,ABS; Air Bags; Premium Audio; Immobilizer Key; Keyless Entry; Navigation; Power Locks; Power Mirrors; Power Steering; Power Windows; Backup Camera,"2006 Mercedes C Class (foreign used), a well-priced sedan well suited to daily commuting and city driving — a good fit for urban professionals. Comes with ABS.",https://upload.wikimedia.org/wikipedia/commons/thumb/f/f1/2006_Mercedes_C_55_AMG_Auto.jpg/960px-2006_Mercedes_C_55_AMG_Auto.jpg?utm_source=commons.wikimedia.org&utm_campaign=imageinfo&utm_content=thumbnail
City Vario,Honda,2008,91000,180000,Gasoline,Automatic,Sedan,foreign_used,5,White,Premium Audio; Backup Camera; Immobilizer Key; Keyless Entry; Navigation; Power Locks; Power Mirrors; Power Steering; Power Windows,"2008 Honda City Vario (foreign used), a budget-friendly sedan well suited to daily commuting and city driving — a good fit for urban professionals. Comes with premium audio.",https://upload.wikimedia.org/wikipedia/commons/thumb/4/49/Honda_Scoopy_in_different_generations_-_Jambi_City%2C_JA_02.jpg/960px-Honda_Scoopy_in_different_generations_-_Jambi_City%2C_JA_02.jpg?utm_source=commons.wikimedia.org&utm_campaign=imageinfo&utm_content=thumbnail
Wagon R,Suzuki,2011,61000,200000,Gasoline,Automatic,Hatchback,foreign_used,5,Gray,ABS; Air Bags; Premium Audio; Backup Camera; Immobilizer Key; Keyless Entry; Power Locks; Power Mirrors; Power Steering; Power Windows,"2011 Suzuki Wagon R (foreign used), a well-priced hatchback well suited to quick city runs and easy parking — a good fit for budget-conscious buyers. Comes with ABS.",https://upload.wikimedia.org/wikipedia/commons/thumb/f/f8/2012_Suzuki_Equator_Pick-Up_%2834840906874%29.jpg/960px-2012_Suzuki_Equator_Pick-Up_%2834840906874%29.jpg?utm_source=commons.wikimedia.org&utm_campaign=imageinfo&utm_content=thumbnail
City Vario,Honda,2006,164500,30000,Gasoline,Automatic,Sedan,foreign_used,5,White,Premium Audio; Keyless Entry; Navigation; Power Locks; Power Mirrors; Power Steering; Backup Camera,"2006 Honda City Vario (foreign used), a well-priced sedan well suited to daily commuting and city driving — a good fit for urban professionals. Comes with premium audio.",https://upload.wikimedia.org/wikipedia/commons/thumb/4/49/Honda_Scoopy_in_different_generations_-_Jambi_City%2C_JA_02.jpg/960px-Honda_Scoopy_in_different_generations_-_Jambi_City%2C_JA_02.jpg?utm_source=commons.wikimedia.org&utm_campaign=imageinfo&utm_content=thumbnail
Swift,Suzuki,2019,102000,58000,Gasoline,Automatic,Hatchback,foreign_used,5,White,ABS; Air Bags; Premium Audio; Immobilizer Key; Keyless Entry; Navigation; Power Locks; Power Mirrors; Power Steering; Power Windows,"2019 Suzuki Swift (foreign used), a well-priced hatchback well suited to quick city runs and easy parking — a good fit for budget-conscious buyers. Comes with ABS.",https://upload.wikimedia.org/wikipedia/commons/thumb/0/08/2019_Suzuki_Swift_GL_hatchback.jpg/960px-2019_Suzuki_Swift_GL_hatchback.jpg?utm_source=commons.wikimedia.org&utm_campaign=imageinfo&utm_content=thumbnail
Ek Wagon,Mitsubishi,2014,173000,198000,Gasoline,Automatic,Wagon,foreign_used,5,Silver,ABS; Air Bags; Premium Audio; Heated Seats; Immobilizer Key; Keyless Entry; Power Locks; Power Mirrors; Power Steering; Power Windows,"2014 Mitsubishi Ek Wagon (foreign used), a budget-friendly wagon well suited to family trips with plenty of cargo room — a good fit for family-oriented drivers. Comes with ABS.",https://upload.wikimedia.org/wikipedia/commons/thumb/7/70/Mitsubishi_eK_WAGON_M_%28H81W%29_rear.JPG/960px-Mitsubishi_eK_WAGON_M_%28H81W%29_rear.JPG?utm_source=commons.wikimedia.org&utm_campaign=imageinfo&utm_content=thumbnail
City Aspire,Honda,2014,147500,130000,Gasoline,Manual,Sedan,foreign_used,5,Gray,ABS; Air Bags; Premium Audio; Immobilizer Key; Navigation; Power Locks; Power Mirrors; Power Steering; Power Windows; Backup Camera,"2014 Honda City Aspire (foreign used), a well-priced sedan well suited to daily commuting and city driving — a good fit for urban professionals. Comes with ABS.",https://upload.wikimedia.org/wikipedia/commons/thumb/f/f4/HCA_interior.JPG/960px-HCA_interior.JPG?utm_source=commons.wikimedia.org&utm_campaign=imageinfo&utm_content=thumbnail
Hijet,Daihatsu,2023,343000,41345,Gasoline,Automatic,Truck,local_used,2,Gray,ABS; Air Bags; Premium Audio; Backup Camera; Immobilizer Key; Keyless Entry; Navigation; Power Locks; Power Mirrors; Power Steering; Power Windows,"2023 Daihatsu Hijet (locally used), a well-priced truck well suited to hauling and rough roads — a good fit for adventure seekers. Comes with ABS.",https://upload.wikimedia.org/wikipedia/commons/thumb/c/cb/Osaka_Auto_Messe_2023_%28114%29_-_Daihatsu_HIJET_TRUCK_JUMBO_EXTEND.jpg/960px-Osaka_Auto_Messe_2023_%28114%29_-_Daihatsu_HIJET_TRUCK_JUMBO_EXTEND.jpg?utm_source=commons.wikimedia.org&utm_campaign=imageinfo&utm_content=thumbnail
Alto,Suzuki,2023,122000,8400,Gasoline,Automatic,Hatchback,foreign_used,5,White,ABS; Air Bags; Premium Audio; Heated Seats; Immobilizer Key; Keyless Entry; Navigation; Power Locks; Power Mirrors; Power Steering; Power Windows; Backup Camera,"2023 Suzuki Alto (foreign used), a premium hatchback well suited to quick city runs and easy parking — a good fit for budget-conscious buyers. Comes with ABS.",https://upload.wikimedia.org/wikipedia/commons/thumb/e/ef/Suzuki_Alto_L_2023_JAPAN_Rear.jpg/960px-Suzuki_Alto_L_2023_JAPAN_Rear.jpg?utm_source=commons.wikimedia.org&utm_campaign=imageinfo&utm_content=thumbnail
Baleno,Suzuki,2004,50500,140000,Gasoline,Manual,Hatchback,foreign_used,5,Gray,ABS; Premium Audio; Immobilizer Key; Keyless Entry; Navigation; Power Locks; Power Mirrors; Power Steering; Power Windows; Backup Camera,"2004 Suzuki Baleno (foreign used), a budget-friendly hatchback well suited to quick city runs and easy parking — a good fit for budget-conscious buyers. Comes with ABS.",https://upload.wikimedia.org/wikipedia/commons/thumb/7/7e/Suzuki_Baleno%2C_Satoru_Gojo_Jujutsu_Kaisen.jpg/960px-Suzuki_Baleno%2C_Satoru_Gojo_Jujutsu_Kaisen.jpg?utm_source=commons.wikimedia.org&utm_campaign=imageinfo&utm_content=thumbnail
Lancer,Mitsubishi,2004,120000,128000,Gasoline,Automatic,Sedan,foreign_used,5,White,ABS; Air Bags; Premium Audio; Immobilizer Key; Keyless Entry; Navigation; Power Locks; Power Mirrors; Power Steering; Power Windows; Backup Camera,"2004 Mitsubishi Lancer (foreign used), a well-priced sedan well suited to daily commuting and city driving — a good fit for urban professionals. Comes with ABS.",https://upload.wikimedia.org/wikipedia/commons/thumb/9/91/2004_Mitsubishi_Lancer_Evolution_VIII_MR_FQ-320.jpg/960px-2004_Mitsubishi_Lancer_Evolution_VIII_MR_FQ-320.jpg?utm_source=commons.wikimedia.org&utm_campaign=imageinfo&utm_content=thumbnail
Hijet,Daihatsu,2013,252500,150000,Gasoline,Automatic,Truck,foreign_used,2,Black,Air Bags; Premium Audio; Navigation; Power Locks; Power Mirrors; Power Steering; Power Windows; Backup Camera,"2013 Daihatsu Hijet (foreign used), a well-priced truck well suited to hauling and rough roads — a good fit for adventure seekers. Comes with air bags.",https://upload.wikimedia.org/wikipedia/commons/thumb/e/e6/Daihatsu_Hijet_Truck_210P_330.jpg/960px-Daihatsu_Hijet_Truck_210P_330.jpg?utm_source=commons.wikimedia.org&utm_campaign=imageinfo&utm_content=thumbnail
Altis Grande,Toyota,2009,112000,125000,Gasoline,Automatic,Sedan,foreign_used,5,Gray,ABS; Air Bags; Premium Audio; Immobilizer Key; Keyless Entry; Navigation; Power Locks; Power Mirrors; Power Steering; Power Windows; Backup Camera,"2009 Toyota Altis Grande (foreign used), a well-priced sedan well suited to daily commuting and city driving — a good fit for urban professionals. Comes with ABS.",https://upload.wikimedia.org/wikipedia/commons/thumb/f/f3/2015_Altis_Grande.jpg/960px-2015_Altis_Grande.jpg?utm_source=commons.wikimedia.org&utm_campaign=imageinfo&utm_content=thumbnail
Civic Oriel,Honda,2011,166000,98500,Gasoline,Manual,Sedan,foreign_used,5,Gray,ABS; Air Bags; Premium Audio; Heated Seats; Backup Camera; Immobilizer Key; Keyless Entry; Navigation; Power Locks; Power Mirrors; Power Steering; Power Windows,"2011 Honda Civic Oriel (foreign used), a well-priced sedan well suited to daily commuting and city driving — a good fit for urban professionals. Comes with ABS.",
Swift,Suzuki,2014,80500,85000,Gasoline,Manual,Hatchback,local_used,5,Blue,ABS; Premium Audio; Immobilizer Key; Keyless Entry; Navigation; Power Locks; Power Mirrors; Power Steering; Power Windows,"2014 Suzuki Swift (locally used), a well-priced hatchback well suited to quick city runs and easy parking — a good fit for budget-conscious buyers. Comes with ABS.",https://upload.wikimedia.org/wikipedia/commons/thumb/3/39/2014_Suzuki_Swift_Sport_1.jpg/960px-2014_Suzuki_Swift_Sport_1.jpg?utm_source=commons.wikimedia.org&utm_campaign=imageinfo&utm_content=thumbnail
V2,FAW,2018,106500,55600,Gasoline,Manual,Hatchback,foreign_used,5,Gray,ABS; Air Bags; Premium Audio; Immobilizer Key; Navigation; Power Locks; Power Mirrors; Power Steering; Power Windows; Backup Camera,"2018 FAW V2 (foreign used), a well-priced hatchback well suited to quick city runs and easy parking — a good fit for budget-conscious buyers. Comes with ABS.",https://upload.wikimedia.org/wikipedia/commons/thumb/4/47/2012_FAW-Tianjin_Weizhi_V2%2C_rear_8.4.18.jpg/960px-2012_FAW-Tianjin_Weizhi_V2%2C_rear_8.4.18.jpg?utm_source=commons.wikimedia.org&utm_campaign=imageinfo&utm_content=thumbnail
Corrolla Altis,Toyota,2021,223500,34000,Gasoline,Manual,Sedan,foreign_used,5,Silver,ABS; Air Bags; Premium Audio; Keyless Entry; Navigation; Power Locks; Power Mirrors; Power Steering,"2021 Toyota Corrolla Altis (foreign used), a premium sedan well suited to daily commuting and city driving — a good fit for urban professionals. Comes with ABS.",
ISIS,Toyota,2011,243000,110000,Gasoline,Automatic,Wagon,foreign_used,5,White,ABS; Air Bags; Premium Audio; Heated Seats; Immobilizer Key; Keyless Entry; Navigation; Power Locks; Power Mirrors; Power Steering; Power Windows; Backup Camera,"2011 Toyota ISIS (foreign used), a well-priced wagon well suited to family trips with plenty of cargo room — a good fit for family-oriented drivers. Comes with ABS.",https://upload.wikimedia.org/wikipedia/commons/thumb/e/e0/Toyota_DBA-NXP12X_Ractis_-_Mazda_GF-FD3S_RX-7_-_Dodge_LD_Charger_R-T_-_Toyota_XBA-XNM1XW_Isis_Platana_%2822051418334%29.jpg/960px-Toyota_DBA-NXP12X_Ractis_-_Mazda_GF-FD3S_RX-7_-_Dodge_LD_Charger_R-T_-_Toyota_XBA-XNM1XW_Isis_Platana_%2822051418334%29.jpg?utm_source=commons.wikimedia.org&utm_campaign=imageinfo&utm_content=thumbnail
Alto,Suzuki,2018,101500,60000,Gasoline,Automatic,Hatchback,local_used,5,Black,ABS; Air Bags; Premium Audio; Backup Camera; Immobilizer Key; Keyless Entry; Navigation; Power Locks; Power Mirrors; Power Steering; Power Windows,"2018 Suzuki Alto (locally used), a well-priced hatchback well suited to quick city runs and easy parking — a good fit for budget-conscious buyers. Comes with ABS.",https://upload.wikimedia.org/wikipedia/commons/thumb/a/aa/Osaka_Auto_Messe_2018_%28352%29_-_Suzuki_ALTO_WORKS_%28DBA-HA36S%29_tuned_by_Lck_619.jpg/960px-Osaka_Auto_Messe_2018_%28352%29_-_Suzuki_ALTO_WORKS_%28DBA-HA36S%29_tuned_by_Lck_619.jpg?utm_source=commons.wikimedia.org&utm_campaign=imageinfo&utm_content=thumbnail
Corolla XLI,Toyota,2018,191500,85000,Gasoline,Manual,Sedan,foreign_used,5,Black,ABS; Air Bags; Premium Audio; Immobilizer Key; Navigation; Power Locks; Power Mirrors; Power Steering; Power Windows; Backup Camera,"2018 Toyota Corolla XLI (foreign used), a well-priced sedan well suited to daily commuting and city driving — a good fit for urban professionals. Comes with ABS.",https://upload.wikimedia.org/wikipedia/commons/thumb/d/dd/Toyota_Corolla_1.8_XLi_2018_%2843382098154%29.jpg/960px-Toyota_Corolla_1.8_XLi_2018_%2843382098154%29.jpg?utm_source=commons.wikimedia.org&utm_campaign=imageinfo&utm_content=thumbnail
Corolla GLI,Toyota,2005,115500,123456,Gasoline,Manual,Sedan,foreign_used,5,Black,ABS; Air Bags; Premium Audio; Keyless Entry; Power Locks; Power Steering; Power Windows; Backup Camera,"2005 Toyota Corolla GLI (foreign used), a well-priced sedan well suited to daily commuting and city driving — a good fit for urban professionals. Comes with ABS.",https://upload.wikimedia.org/wikipedia/commons/a/af/1997_Toyota_Corolla_GLi_01.jpg?utm_source=commons.wikimedia.org&utm_campaign=imageinfo&utm_content=thumbnail_unscaled
Karvaan,Changan,2021,340500,21000,Gasoline,Manual,Wagon,foreign_used,5,Yellow,ABS; Air Bags; Premium Audio; Immobilizer Key; Keyless Entry; Navigation; Power Locks; Power Steering; Power Windows; Backup Camera,"2021 Changan Karvaan (foreign used), a well-priced wagon well suited to family trips with plenty of cargo room — a good fit for family-oriented drivers. Comes with ABS.",
Civic Oriel,Honda,2018,193000,60000,Gasoline,Automatic,Sedan,local_used,5,Black,ABS; Air Bags; Premium Audio; Immobilizer Key; Keyless Entry; Navigation; Power Locks; Power Mirrors; Power Steering; Power Windows; Backup Camera,"2018 Honda Civic Oriel (locally used), a well-priced sedan well suited to daily commuting and city driving — a good fit for urban professionals. Comes with ABS.",
Swift,Suzuki,2020,108500,56000,Gasoline,Manual,Hatchback,foreign_used,5,Red,ABS; Air Bags; Premium Audio; Immobilizer Key; Navigation; Power Locks; Power Mirrors; Power Steering; Power Windows; Backup Camera,"2020 Suzuki Swift (foreign used), a well-priced hatchback well suited to quick city runs and easy parking — a good fit for budget-conscious buyers. Comes with ABS.",https://upload.wikimedia.org/wikipedia/commons/thumb/2/2c/2020_Suzuki_Swift_Facelift_IMG_1884.jpg/960px-2020_Suzuki_Swift_Facelift_IMG_1884.jpg?utm_source=commons.wikimedia.org&utm_campaign=imageinfo&utm_content=thumbnail
Corrolla Altis,Toyota,2000,96000,175000,Gasoline,Automatic,Sedan,local_used,5,Silver,ABS; Air Bags; Premium Audio; Heated Seats; Immobilizer Key; Power Locks; Power Mirrors; Power Steering; Power Windows; Backup Camera,"2000 Toyota Corrolla Altis (locally used), a budget-friendly sedan well suited to daily commuting and city driving — a good fit for urban professionals. Comes with ABS.",
Terios Kid,Daihatsu,2002,238000,1234,Gasoline,Automatic,SUV,foreign_used,7,Blue,ABS; Air Bags; Premium Audio; Keyless Entry; Navigation; Power Locks; Power Mirrors; Power Steering; Power Windows; Backup Camera,"2002 Daihatsu Terios Kid (foreign used), a well-priced suv well suited to family trips and weekend getaways — a good fit for family-oriented drivers. Comes with ABS.",https://upload.wikimedia.org/wikipedia/commons/thumb/5/5e/2002_Daihatsu_Terios_Kid_Custom_Star_Edition_in_Silver_Metallic%2C_front_left.jpg/960px-2002_Daihatsu_Terios_Kid_Custom_Star_Edition_in_Silver_Metallic%2C_front_left.jpg?utm_source=commons.wikimedia.org&utm_campaign=imageinfo&utm_content=thumbnail
Passo,Toyota,2012,70500,120000,Gasoline,Automatic,Hatchback,foreign_used,5,Silver,ABS; Air Bags; Heated Seats; Backup Camera; Immobilizer Key; Keyless Entry; Navigation; Power Locks; Power Mirrors; Power Steering; Power Windows,"2012 Toyota Passo (foreign used), a well-priced hatchback well suited to quick city runs and easy parking — a good fit for budget-conscious buyers. Comes with ABS.",https://upload.wikimedia.org/wikipedia/commons/thumb/4/42/2018-2023_Toyota_Passo_Moda.jpg/960px-2018-2023_Toyota_Passo_Moda.jpg?utm_source=commons.wikimedia.org&utm_campaign=imageinfo&utm_content=thumbnail
Spectra,KIA,2002,258000,12345,Gasoline,Manual,Sedan,foreign_used,5,Silver,Premium Audio; Heated Seats; Immobilizer Key; Keyless Entry; Power Locks; Power Mirrors; Power Steering; Power Windows,"2002 KIA Spectra (foreign used), a premium sedan well suited to daily commuting and city driving — a good fit for urban professionals. Comes with premium audio. A solid pick for luxury lovers who want a standout badge.",https://upload.wikimedia.org/wikipedia/commons/thumb/1/1d/0_Kia_Spectra_%28S-II%29_1.jpg/960px-0_Kia_Spectra_%28S-II%29_1.jpg?utm_source=commons.wikimedia.org&utm_campaign=imageinfo&utm_content=thumbnail
Wagon R,Suzuki,2022,102000,7500,Gasoline,Manual,Hatchback,foreign_used,5,Silver,ABS; Air Bags; Premium Audio; Backup Camera; Immobilizer Key; Keyless Entry; Navigation; Power Locks; Power Mirrors; Power Steering; Power Windows,"2022 Suzuki Wagon R (foreign used), a well-priced hatchback well suited to quick city runs and easy parking — a good fit for budget-conscious buyers. Comes with ABS.",https://upload.wikimedia.org/wikipedia/commons/thumb/7/7e/1999_Suzuki_Wagon_R%2B.jpg/960px-1999_Suzuki_Wagon_R%2B.jpg?utm_source=commons.wikimedia.org&utm_campaign=imageinfo&utm_content=thumbnail
Corolla XLI,Toyota,2016,133500,163000,Gasoline,Manual,Sedan,foreign_used,5,White,ABS; Air Bags; Premium Audio; Backup Camera; Immobilizer Key; Keyless Entry; Navigation; Power Locks; Power Mirrors; Power Steering,"2016 Toyota Corolla XLI (foreign used), a well-priced sedan well suited to daily commuting and city driving — a good fit for urban professionals. Comes with ABS.",https://upload.wikimedia.org/wikipedia/commons/thumb/5/54/Toyota_Corolla_1.6_XLi_2000_%2850099136556%29.jpg/960px-Toyota_Corolla_1.6_XLi_2000_%2850099136556%29.jpg?utm_source=commons.wikimedia.org&utm_campaign=imageinfo&utm_content=thumbnail
V2,FAW,2015,64000,125000,Gasoline,Manual,Hatchback,foreign_used,5,Gray,ABS; Premium Audio; Heated Seats; Immobilizer Key; Navigation; Power Locks; Power Mirrors; Power Steering; Power Windows; Backup Camera,"2015 FAW V2 (foreign used), a well-priced hatchback well suited to quick city runs and easy parking — a good fit for budget-conscious buyers. Comes with ABS.",https://upload.wikimedia.org/wikipedia/commons/thumb/b/ba/FAW_V2_hatch_-_2012_Montevideo_Motor_Show.jpg/960px-FAW_V2_hatch_-_2012_Montevideo_Motor_Show.jpg?utm_source=commons.wikimedia.org&utm_campaign=imageinfo&utm_content=thumbnail
Corolla XLI,Toyota,2003,146500,1000,Gasoline,Manual,Sedan,local_used,5,Black,ABS; Premium Audio; Immobilizer Key; Navigation; Power Locks; Power Mirrors; Power Steering; Power Windows; Backup Camera,"2003 Toyota Corolla XLI (locally used), a well-priced sedan well suited to daily commuting and city driving — a good fit for urban professionals. Comes with ABS.",https://upload.wikimedia.org/wikipedia/commons/thumb/5/55/Toyota_Corolla_XLi_%2853508504755%29.jpg/960px-Toyota_Corolla_XLi_%2853508504755%29.jpg?utm_source=commons.wikimedia.org&utm_campaign=imageinfo&utm_content=thumbnail
Corolla GLI,Toyota,2012,122000,150000,Gasoline,Automatic,Sedan,foreign_used,5,White,ABS; Premium Audio; Immobilizer Key; Keyless Entry; Navigation; Power Locks; Power Mirrors; Power Steering; Power Windows,"2012 Toyota Corolla GLI (foreign used), a well-priced sedan well suited to daily commuting and city driving — a good fit for urban professionals. Comes with ABS.",https://upload.wikimedia.org/wikipedia/commons/a/af/1997_Toyota_Corolla_GLi_01.jpg?utm_source=commons.wikimedia.org&utm_campaign=imageinfo&utm_content=thumbnail_unscaled
Mira,Daihatsu,2011,69500,115000,Gasoline,Automatic,Hatchback,foreign_used,5,Gray,ABS; Air Bags; Premium Audio; Backup Camera; Immobilizer Key; Navigation; Power Locks; Power Mirrors; Power Steering; Power Windows,"2011 Daihatsu Mira (foreign used), a well-priced hatchback well suited to quick city runs and easy parking — a good fit for budget-conscious buyers. Comes with ABS.",https://upload.wikimedia.org/wikipedia/commons/thumb/c/c8/2013-2015_Daihatsu_Mira_eS_%28LA300S%29_front_right.jpg/960px-2013-2015_Daihatsu_Mira_eS_%28LA300S%29_front_right.jpg?utm_source=commons.wikimedia.org&utm_campaign=imageinfo&utm_content=thumbnail
Picanto,KIA,2020,181500,24000,Gasoline,Automatic,Hatchback,foreign_used,5,White,ABS; Air Bags; Premium Audio; Immobilizer Key; Keyless Entry; Navigation; Power Locks; Power Mirrors; Power Steering; Power Windows; Backup Camera,"2020 KIA Picanto (foreign used), a premium hatchback well suited to quick city runs and easy parking — a good fit for budget-conscious buyers. Comes with ABS. A solid pick for luxury lovers who want a standout badge.",https://upload.wikimedia.org/wikipedia/commons/thumb/0/07/2018_Kia_Picanto_X-Line_1.0_T-GDi.jpg/960px-2018_Kia_Picanto_X-Line_1.0_T-GDi.jpg?utm_source=commons.wikimedia.org&utm_campaign=imageinfo&utm_content=thumbnail
City IVTEC,Honda,2011,122000,146000,Gasoline,Manual,Sedan,foreign_used,5,Red,ABS; Premium Audio; Keyless Entry; Navigation; Power Locks; Power Mirrors; Power Steering; Power Windows; Backup Camera,"2011 Honda City IVTEC (foreign used), a well-priced sedan well suited to daily commuting and city driving — a good fit for urban professionals. Comes with ABS.",https://upload.wikimedia.org/wikipedia/commons/thumb/0/02/Steering_Wheel_of_Honda_City_7th_Generation_%285th_Generation_Sedan%29_iVTEC_2022.jpg/960px-Steering_Wheel_of_Honda_City_7th_Generation_%285th_Generation_Sedan%29_iVTEC_2022.jpg?utm_source=commons.wikimedia.org&utm_campaign=imageinfo&utm_content=thumbnail
Lancer,Mitsubishi,2006,85500,251000,Gasoline,Manual,Sedan,foreign_used,5,Red,Air Bags; Premium Audio; Backup Camera; Immobilizer Key; Keyless Entry; Navigation; Power Locks; Power Mirrors; Power Steering; Power Windows,"2006 Mitsubishi Lancer (foreign used), a budget-friendly sedan well suited to daily commuting and city driving — a good fit for urban professionals. Comes with air bags.",https://upload.wikimedia.org/wikipedia/commons/thumb/b/b0/Mitsubishi_Lancer_2006.png/960px-Mitsubishi_Lancer_2006.png?utm_source=commons.wikimedia.org&utm_campaign=imageinfo&utm_content=thumbnail
Wagon R,Suzuki,2018,86000,66000,Gasoline,Manual,Hatchback,foreign_used,5,Red,ABS; Air Bags; Premium Audio; Keyless Entry; Power Locks; Power Steering; Power Windows,"2018 Suzuki Wagon R (foreign used), a well-priced hatchback well suited to quick city runs and easy parking — a good fit for budget-conscious buyers. Comes with ABS.",https://upload.wikimedia.org/wikipedia/commons/thumb/d/d7/2018_Suzuki_Karimun_Wagon_R_GL_%28front%29.jpg/960px-2018_Suzuki_Karimun_Wagon_R_GL_%28front%29.jpg?utm_source=commons.wikimedia.org&utm_campaign=imageinfo&utm_content=thumbnail
City Aspire,Honda,2018,132500,160000,Gasoline,Manual,Sedan,foreign_used,5,Black,ABS; Premium Audio; Immobilizer Key; Navigation; Power Locks; Power Mirrors; Power Steering; Power Windows; Backup Camera,"2018 Honda City Aspire (foreign used), a well-priced sedan well suited to daily commuting and city driving — a good fit for urban professionals. Comes with ABS.",https://upload.wikimedia.org/wikipedia/commons/thumb/f/f4/HCA_interior.JPG/960px-HCA_interior.JPG?utm_source=commons.wikimedia.org&utm_campaign=imageinfo&utm_content=thumbnail
Ek Wagon,Mitsubishi,2008,182000,150000,Gasoline,Manual,Wagon,local_used,5,White,ABS; Air Bags; Premium Audio; Immobilizer Key; Keyless Entry; Power Locks; Power Mirrors; Power Steering; Power Windows; Backup Camera,"2008 Mitsubishi Ek Wagon (locally used), a budget-friendly wagon well suited to family trips with plenty of cargo room — a good fit for family-oriented drivers. Comes with ABS.",https://upload.wikimedia.org/wikipedia/commons/thumb/6/64/2008%E2%80%932012_Mitsubishi_eK_Wagon_in_White_Pearl%2C_front_right.jpg/960px-2008%E2%80%932012_Mitsubishi_eK_Wagon_in_White_Pearl%2C_front_right.jpg?utm_source=commons.wikimedia.org&utm_campaign=imageinfo&utm_content=thumbnail
Passo,Toyota,2021,88500,54000,Gasoline,Automatic,Hatchback,local_used,5,Red,ABS; Air Bags; Premium Audio; Heated Seats; Backup Camera; Immobilizer Key; Keyless Entry; Navigation; Power Locks; Power Mirrors; Power Steering; Power Windows,"2021 Toyota Passo (locally used), a well-priced hatchback well suited to quick city runs and easy parking — a good fit for budget-conscious buyers. Comes with ABS.",https://upload.wikimedia.org/wikipedia/commons/thumb/d/d6/Toyota_PASSO_X%22G_package%222WD_%285BA-M700A-GBNE%28G%29%29_front.jpg/960px-Toyota_PASSO_X%22G_package%222WD_%285BA-M700A-GBNE%28G%29%29_front.jpg?utm_source=commons.wikimedia.org&utm_campaign=imageinfo&utm_content=thumbnail
Joy,Chevrolet,2009,72500,107000,Gasoline,Manual,Hatchback,foreign_used,5,Black,ABS; Premium Audio; Immobilizer Key; Keyless Entry; Navigation; Power Locks; Power Mirrors; Power Steering; Power Windows,"2009 Chevrolet Joy (foreign used), a well-priced hatchback well suited to quick city runs and easy parking — a good fit for budget-conscious buyers. Comes with ABS.",https://upload.wikimedia.org/wikipedia/commons/thumb/6/64/Chevrolet_Joy_2018.png/960px-Chevrolet_Joy_2018.png?utm_source=commons.wikimedia.org&utm_campaign=imageinfo&utm_content=thumbnail
Alto,Suzuki,2007,59500,163000,Gasoline,Automatic,Hatchback,foreign_used,5,Yellow,Air Bags; Premium Audio; Immobilizer Key; Keyless Entry; Navigation; Power Locks; Power Mirrors; Power Steering; Power Windows,"2007 Suzuki Alto (foreign used), a well-priced hatchback well suited to quick city runs and easy parking — a good fit for budget-conscious buyers. Comes with air bags.",https://upload.wikimedia.org/wikipedia/commons/thumb/6/6c/2006-2007_Suzuki_Alto_Lapin_L.jpg/960px-2006-2007_Suzuki_Alto_Lapin_L.jpg?utm_source=commons.wikimedia.org&utm_campaign=imageinfo&utm_content=thumbnail
Passo,Toyota,2005,49000,200000,Gasoline,Automatic,Hatchback,foreign_used,5,Yellow,ABS; Air Bags; Premium Audio; Immobilizer Key; Keyless Entry; Navigation; Power Locks; Power Mirrors; Power Steering; Power Windows,"2005 Toyota Passo (foreign used), a budget-friendly hatchback well suited to quick city runs and easy parking — a good fit for budget-conscious buyers. Comes with ABS.",https://upload.wikimedia.org/wikipedia/commons/thumb/4/42/2018-2023_Toyota_Passo_Moda.jpg/960px-2018-2023_Toyota_Passo_Moda.jpg?utm_source=commons.wikimedia.org&utm_campaign=imageinfo&utm_content=thumbnail
Passo,Toyota,2010,60500,160000,Gasoline,Automatic,Hatchback,foreign_used,5,Blue,ABS; Air Bags; Premium Audio; Heated Seats; Immobilizer Key; Navigation; Power Locks; Power Mirrors; Power Steering; Power Windows,"2010 Toyota Passo (foreign used), a well-priced hatchback well suited to quick city runs and easy parking — a good fit for budget-conscious buyers. Comes with ABS.",https://upload.wikimedia.org/wikipedia/commons/thumb/e/e0/2010_Toyota_Passo_%2849882868501%29.jpg/960px-2010_Toyota_Passo_%2849882868501%29.jpg?utm_source=commons.wikimedia.org&utm_campaign=imageinfo&utm_content=thumbnail
Terios Kid,Daihatsu,2006,190000,83000,Gasoline,Automatic,SUV,foreign_used,7,Black,ABS; Air Bags; Premium Audio; Immobilizer Key; Keyless Entry; Power Locks; Power Mirrors; Power Steering; Power Windows; Backup Camera,"2006 Daihatsu Terios Kid (foreign used), a well-priced suv well suited to family trips and weekend getaways — a good fit for family-oriented drivers. Comes with ABS.",https://upload.wikimedia.org/wikipedia/commons/thumb/f/f9/2006%E2%80%932012_Daihatsu_Terios_Kid_Custom_X_in_White%2C_front_right.jpg/960px-2006%E2%80%932012_Daihatsu_Terios_Kid_Custom_X_in_White%2C_front_right.jpg?utm_source=commons.wikimedia.org&utm_campaign=imageinfo&utm_content=thumbnail
Yaris,Toyota,2023,253500,2950,Gasoline,Automatic,Sedan,foreign_used,5,Black,ABS; Air Bags; Premium Audio; Immobilizer Key; Keyless Entry; Navigation; Power Locks; Power Mirrors; Power Steering; Power Windows,"2023 Toyota Yaris (foreign used), a premium sedan well suited to daily commuting and city driving — a good fit for urban professionals. Comes with ABS.",https://upload.wikimedia.org/wikipedia/commons/thumb/3/3e/2023_Toyota_Yaris_Sedan_XLS_1.5.jpg/960px-2023_Toyota_Yaris_Sedan_XLS_1.5.jpg?utm_source=commons.wikimedia.org&utm_campaign=imageinfo&utm_content=thumbnail
V2,FAW,2017,85500,95000,Gasoline,Manual,Hatchback,local_used,5,Blue,ABS; Air Bags; Immobilizer Key; Keyless Entry; Navigation; Power Locks; Power Mirrors; Power Steering; Power Windows; Backup Camera,"2017 FAW V2 (locally used), a well-priced hatchback well suited to quick city runs and easy parking — a good fit for budget-conscious buyers. Comes with ABS.",https://upload.wikimedia.org/wikipedia/commons/thumb/b/ba/FAW_V2_hatch_-_2012_Montevideo_Motor_Show.jpg/960px-FAW_V2_hatch_-_2012_Montevideo_Motor_Show.jpg?utm_source=commons.wikimedia.org&utm_campaign=imageinfo&utm_content=thumbnail
Alto,Suzuki,2014,89000,54000,Gasoline,Automatic,Hatchback,foreign_used,5,Black,ABS; Air Bags; Premium Audio; Immobilizer Key; Power Locks; Power Mirrors; Power Steering; Power Windows,"2014 Suzuki Alto (foreign used), a well-priced hatchback well suited to quick city runs and easy parking — a good fit for budget-conscious buyers. Comes with ABS.",https://upload.wikimedia.org/wikipedia/commons/thumb/e/e2/Suzuki_Alto_L_%2715_%284%29.png/960px-Suzuki_Alto_L_%2715_%284%29.png?utm_source=commons.wikimedia.org&utm_campaign=imageinfo&utm_content=thumbnail
Terios Kid,Daihatsu,2010,133000,187905,Gasoline,Manual,SUV,foreign_used,7,White,ABS; Air Bags; Premium Audio; Heated Seats; Navigation; Power Locks; Power Mirrors; Power Steering; Power Windows,"2010 Daihatsu Terios Kid (foreign used), a budget-friendly suv well suited to family trips and weekend getaways — a good fit for family-oriented drivers. Comes with ABS.",https://upload.wikimedia.org/wikipedia/commons/thumb/1/14/Terios_Kid.jpg/960px-Terios_Kid.jpg?utm_source=commons.wikimedia.org&utm_campaign=imageinfo&utm_content=thumbnail
Corolla Assista,Toyota,2004,96500,166000,Gasoline,Manual,Sedan,foreign_used,5,Silver,ABS; Air Bags; Premium Audio; Immobilizer Key; Keyless Entry; Navigation; Power Locks; Power Mirrors; Power Steering; Power Windows; Backup Camera,"2004 Toyota Corolla Assista (foreign used), a budget-friendly sedan well suited to daily commuting and city driving — a good fit for urban professionals. Comes with ABS.",
City IVTEC,Honda,2002,98500,150000,Gasoline,Manual,Sedan,foreign_used,5,Red,Air Bags; Premium Audio; Keyless Entry; Power Locks; Power Mirrors; Power Steering; Power Windows; Backup Camera,"2002 Honda City IVTEC (foreign used), a budget-friendly sedan well suited to daily commuting and city driving — a good fit for urban professionals. Comes with air bags.",https://upload.wikimedia.org/wikipedia/commons/thumb/0/02/Steering_Wheel_of_Honda_City_7th_Generation_%285th_Generation_Sedan%29_iVTEC_2022.jpg/960px-Steering_Wheel_of_Honda_City_7th_Generation_%285th_Generation_Sedan%29_iVTEC_2022.jpg?utm_source=commons.wikimedia.org&utm_campaign=imageinfo&utm_content=thumbnail
Cultus VXR,Suzuki,2020,101000,37000,Gasoline,Manual,Hatchback,foreign_used,5,Gray,Air Bags; Premium Audio; Immobilizer Key; Keyless Entry; Navigation; Power Locks; Power Mirrors; Power Steering; Power Windows; Backup Camera,"2020 Suzuki Cultus VXR (foreign used), a well-priced hatchback well suited to quick city runs and easy parking — a good fit for budget-conscious buyers. Comes with air bags.",
Classic,KIA,2000,229500,12345,Gasoline,Manual,Sedan,foreign_used,5,Silver,ABS; Air Bags; Premium Audio; Backup Camera; Immobilizer Key; Keyless Entry; Navigation; Power Locks; Power Mirrors,"2000 KIA Classic (foreign used), a premium sedan well suited to daily commuting and city driving — a good fit for urban professionals. Comes with ABS. A solid pick for luxury lovers who want a standout badge.",https://upload.wikimedia.org/wikipedia/commons/thumb/b/bb/%2705-%2708_Kia_Sportage_LX_4WD_%28Byward_Auto_Classic%29.jpg/960px-%2705-%2708_Kia_Sportage_LX_4WD_%28Byward_Auto_Classic%29.jpg?utm_source=commons.wikimedia.org&utm_campaign=imageinfo&utm_content=thumbnail
Corolla XLI,Toyota,2013,130500,150950,Gasoline,Manual,Sedan,foreign_used,5,White,ABS; Premium Audio; Backup Camera; Keyless Entry; Navigation; Power Locks; Power Mirrors; Power Steering; Power Windows,"2013 Toyota Corolla XLI (foreign used), a well-priced sedan well suited to daily commuting and city driving — a good fit for urban professionals. Comes with ABS.",https://upload.wikimedia.org/wikipedia/commons/thumb/a/a2/Toyota_Corolla_1.6_XLi_2012_%2814046234503%29.jpg/960px-Toyota_Corolla_1.6_XLi_2012_%2814046234503%29.jpg?utm_source=commons.wikimedia.org&utm_campaign=imageinfo&utm_content=thumbnail
Corolla XLI,Toyota,2006,134500,100000,Gasoline,Manual,Sedan,local_used,5,Silver,Air Bags; Premium Audio; Backup Camera; Immobilizer Key; Power Locks; Power Mirrors; Power Steering,"2006 Toyota Corolla XLI (locally used), a well-priced sedan well suited to daily commuting and city driving — a good fit for urban professionals. Comes with air bags.",https://upload.wikimedia.org/wikipedia/commons/thumb/0/0c/Toyota_Corolla_1.6_XLi_2006.jpg/960px-Toyota_Corolla_1.6_XLi_2006.jpg?utm_source=commons.wikimedia.org&utm_campaign=imageinfo&utm_content=thumbnail
Corolla XLI,Toyota,2007,96000,220000,Gasoline,Manual,Sedan,foreign_used,5,Orange,Premium Audio; Keyless Entry; Navigation; Power Locks; Power Mirrors; Power Steering; Power Windows; Backup Camera,"2007 Toyota Corolla XLI (foreign used), a budget-friendly sedan well suited to daily commuting and city driving — a good fit for urban professionals. Comes with premium audio.",https://upload.wikimedia.org/wikipedia/commons/thumb/b/bf/Toyota_Corolla_1.6_XLi_1999_%2846103378402%29.jpg/960px-Toyota_Corolla_1.6_XLi_1999_%2846103378402%29.jpg?utm_source=commons.wikimedia.org&utm_campaign=imageinfo&utm_content=thumbnail
City Vario,Honda,2003,92000,210000,Gasoline,Automatic,Sedan,foreign_used,5,White,ABS; Air Bags; Premium Audio; Keyless Entry; Power Locks; Power Mirrors; Power Steering; Power Windows,"2003 Honda City Vario (foreign used), a budget-friendly sedan well suited to daily commuting and city driving — a good fit for urban professionals. Comes with ABS.",https://upload.wikimedia.org/wikipedia/commons/thumb/4/49/Honda_Scoopy_in_different_generations_-_Jambi_City%2C_JA_02.jpg/960px-Honda_Scoopy_in_different_generations_-_Jambi_City%2C_JA_02.jpg?utm_source=commons.wikimedia.org&utm_campaign=imageinfo&utm_content=thumbnail
City IDSI,Honda,2005,172500,2500,Gasoline,Manual,Sedan,foreign_used,5,Silver,Premium Audio; Keyless Entry; Navigation; Power Locks; Power Mirrors; Power Steering; Power Windows; Backup Camera,"2005 Honda City IDSI (foreign used), a well-priced sedan well suited to daily commuting and city driving — a good fit for urban professionals. Comes with premium audio.",https://upload.wikimedia.org/wikipedia/commons/thumb/3/31/Honda_City_1.5_iDSI_2008.jpg/960px-Honda_City_1.5_iDSI_2008.jpg?utm_source=commons.wikimedia.org&utm_campaign=imageinfo&utm_content=thumbnail
City Aspire,Honda,2012,128500,185000,Gasoline,Manual,Sedan,foreign_used,5,Blue,ABS; Air Bags; Premium Audio; Immobilizer Key; Navigation; Power Locks; Power Mirrors; Power Steering; Power Windows; Backup Camera,"2012 Honda City Aspire (foreign used), a well-priced sedan well suited to daily commuting and city driving — a good fit for urban professionals. Comes with ABS.",https://upload.wikimedia.org/wikipedia/commons/thumb/f/f4/HCA_interior.JPG/960px-HCA_interior.JPG?utm_source=commons.wikimedia.org&utm_campaign=imageinfo&utm_content=thumbnail
Passo,Toyota,2007,50500,150000,Gasoline,Automatic,Hatchback,foreign_used,5,Gray,ABS; Air Bags; Premium Audio; Immobilizer Key; Keyless Entry; Navigation; Power Locks; Power Mirrors; Power Steering; Power Windows; Backup Camera,"2007 Toyota Passo (foreign used), a budget-friendly hatchback well suited to quick city runs and easy parking — a good fit for budget-conscious buyers. Comes with ABS.",https://upload.wikimedia.org/wikipedia/commons/thumb/e/ec/2006_Toyota_Passo_02.jpg/960px-2006_Toyota_Passo_02.jpg?utm_source=commons.wikimedia.org&utm_campaign=imageinfo&utm_content=thumbnail
Ek Wagon,Mitsubishi,2019,237000,130000,Gasoline,Automatic,Wagon,local_used,5,Gray,ABS; Air Bags; Premium Audio; Heated Seats; Navigation; Power Locks; Power Mirrors; Power Steering; Power Windows,"2019 Mitsubishi Ek Wagon (locally used), a well-priced wagon well suited to family trips with plenty of cargo room — a good fit for family-oriented drivers. Comes with ABS.",https://upload.wikimedia.org/wikipedia/commons/thumb/c/c0/Mitsubishi_eK_WAGON_MS_%28DBA-H82W%29_rear.jpg/960px-Mitsubishi_eK_WAGON_MS_%28DBA-H82W%29_rear.jpg?utm_source=commons.wikimedia.org&utm_campaign=imageinfo&utm_content=thumbnail
Corolla GLI,Toyota,2011,89000,200000,Gasoline,Manual,Sedan,local_used,5,Gray,ABS; Air Bags; Premium Audio; Navigation; Power Locks; Power Mirrors; Power Steering; Power Windows; Backup Camera,"2011 Toyota Corolla GLI (locally used), a budget-friendly sedan well suited to daily commuting and city driving — a good fit for urban professionals. Comes with ABS.",https://upload.wikimedia.org/wikipedia/commons/thumb/f/f8/Toyota_Corolla_1.6_GLi_1998_%2815412939111%29.jpg/960px-Toyota_Corolla_1.6_GLi_1998_%2815412939111%29.jpg?utm_source=commons.wikimedia.org&utm_campaign=imageinfo&utm_content=thumbnail
Corrolla Altis,Toyota,2006,136000,100000,Gasoline,Manual,Sedan,local_used,5,Black,ABS; Air Bags; Heated Seats; Keyless Entry; Navigation; Power Locks; Power Mirrors; Power Steering; Power Windows; Backup Camera,"2006 Toyota Corrolla Altis (locally used), a well-priced sedan well suited to daily commuting and city driving — a good fit for urban professionals. Comes with ABS.",
Move,Daihatsu,2011,84000,99000,Gasoline,Automatic,Hatchback,foreign_used,5,Black,ABS; Air Bags; Heated Seats; Immobilizer Key; Keyless Entry; Navigation; Power Locks; Power Mirrors; Power Steering; Power Windows; Backup Camera,"2011 Daihatsu Move (foreign used), a well-priced hatchback well suited to quick city runs and easy parking — a good fit for budget-conscious buyers. Comes with ABS.",https://upload.wikimedia.org/wikipedia/commons/thumb/4/4e/2011-2017_Daihatsu_Move_Conte_Custom_RS.jpg/960px-2011-2017_Daihatsu_Move_Conte_Custom_RS.jpg?utm_source=commons.wikimedia.org&utm_campaign=imageinfo&utm_content=thumbnail
Corolla XLI,Toyota,2012,140500,89000,Gasoline,Manual,Sedan,foreign_used,5,Blue,Premium Audio; Backup Camera; Keyless Entry; Navigation; Power Mirrors; Power Steering; Power Windows,"2012 Toyota Corolla XLI (foreign used), a well-priced sedan well suited to daily commuting and city driving — a good fit for urban professionals. Comes with premium audio.",https://upload.wikimedia.org/wikipedia/commons/thumb/4/4f/Toyota_Corolla_1.6_XLi_2012_%2829901347515%29.jpg/960px-Toyota_Corolla_1.6_XLi_2012_%2829901347515%29.jpg?utm_source=commons.wikimedia.org&utm_campaign=imageinfo&utm_content=thumbnail
Every,Suzuki,2010,248500,130000,Gasoline,Automatic,Wagon,foreign_used,5,Blue,ABS; Air Bags; Premium Audio; Heated Seats; Power Locks; Power Mirrors; Power Steering; Power Windows; Backup Camera,"2010 Suzuki Every (foreign used), a well-priced wagon well suited to family trips with plenty of cargo room — a good fit for family-oriented drivers. Comes with ABS.",https://upload.wikimedia.org/wikipedia/commons/thumb/6/6c/2010_Suzuki_Every_Wagon_JP_Turbo_interior.jpg/960px-2010_Suzuki_Every_Wagon_JP_Turbo_interior.jpg?utm_source=commons.wikimedia.org&utm_campaign=imageinfo&utm_content=thumbnail
City IDSI,Honda,2007,101500,143000,Gasoline,Manual,Sedan,foreign_used,5,Blue,ABS; Premium Audio; Heated Seats; Immobilizer Key; Keyless Entry; Power Locks; Power Mirrors; Power Steering; Power Windows; Backup Camera,"2007 Honda City IDSI (foreign used), a budget-friendly sedan well suited to daily commuting and city driving — a good fit for urban professionals. Comes with ABS.",https://upload.wikimedia.org/wikipedia/commons/thumb/3/31/Honda_City_1.5_iDSI_2008.jpg/960px-Honda_City_1.5_iDSI_2008.jpg?utm_source=commons.wikimedia.org&utm_campaign=imageinfo&utm_content=thumbnail
City IVTEC,Honda,2007,121000,170000,Gasoline,Manual,Sedan,local_used,5,Red,ABS; Premium Audio; Immobilizer Key; Keyless Entry; Navigation; Power Locks; Power Mirrors; Power Steering; Power Windows,"2007 Honda City IVTEC (locally used), a well-priced sedan well suited to daily commuting and city driving — a good fit for urban professionals. Comes with ABS.",https://upload.wikimedia.org/wikipedia/commons/thumb/0/02/Steering_Wheel_of_Honda_City_7th_Generation_%285th_Generation_Sedan%29_iVTEC_2022.jpg/960px-Steering_Wheel_of_Honda_City_7th_Generation_%285th_Generation_Sedan%29_iVTEC_2022.jpg?utm_source=commons.wikimedia.org&utm_campaign=imageinfo&utm_content=thumbnail
Cuore,Daihatsu,2010,57500,164000,Gasoline,Manual,Hatchback,foreign_used,5,Silver,Premium Audio; Keyless Entry; Power Locks; Power Steering; Backup Camera,"2010 Daihatsu Cuore (foreign used), a budget-friendly hatchback well suited to quick city runs and easy parking — a good fit for budget-conscious buyers. Comes with premium audio.",https://upload.wikimedia.org/wikipedia/commons/thumb/b/ba/Daihatsu_Cuore_1000_2001.jpg/960px-Daihatsu_Cuore_1000_2001.jpg?utm_source=commons.wikimedia.org&utm_campaign=imageinfo&utm_content=thumbnail
Alto,Suzuki,2012,70500,83000,Gasoline,Automatic,Hatchback,foreign_used,5,Silver,ABS; Air Bags; Premium Audio; Heated Seats; Immobilizer Key; Keyless Entry; Power Locks; Power Mirrors; Power Steering; Power Windows,"2012 Suzuki Alto (foreign used), a well-priced hatchback well suited to quick city runs and easy parking — a good fit for budget-conscious buyers. Comes with ABS.",https://upload.wikimedia.org/wikipedia/commons/thumb/f/f5/Chang%27an_Suzuki_Alto_China_2012-08-04.JPG/960px-Chang%27an_Suzuki_Alto_China_2012-08-04.JPG?utm_source=commons.wikimedia.org&utm_campaign=imageinfo&utm_content=thumbnail
Baleno,Suzuki,2005,82000,10000,Gasoline,Manual,Hatchback,foreign_used,5,Blue,ABS; Premium Audio; Navigation; Power Locks; Power Mirrors; Power Steering; Power Windows; Backup Camera,"2005 Suzuki Baleno (foreign used), a well-priced hatchback well suited to quick city runs and easy parking — a good fit for budget-conscious buyers. Comes with ABS.",https://upload.wikimedia.org/wikipedia/commons/thumb/7/7e/Suzuki_Baleno%2C_Satoru_Gojo_Jujutsu_Kaisen.jpg/960px-Suzuki_Baleno%2C_Satoru_Gojo_Jujutsu_Kaisen.jpg?utm_source=commons.wikimedia.org&utm_campaign=imageinfo&utm_content=thumbnail
Move,Daihatsu,2012,69000,108000,Gasoline,Automatic,Hatchback,foreign_used,5,Gray,ABS; Air Bags; Premium Audio; Heated Seats; Immobilizer Key; Keyless Entry; Power Locks; Power Mirrors; Power Steering; Power Windows; Backup Camera,"2012 Daihatsu Move (foreign used), a well-priced hatchback well suited to quick city runs and easy parking — a good fit for budget-conscious buyers. Comes with ABS.",https://upload.wikimedia.org/wikipedia/commons/thumb/3/3b/2012-2014_Daihatsu_Move_L.jpg/960px-2012-2014_Daihatsu_Move_L.jpg?utm_source=commons.wikimedia.org&utm_campaign=imageinfo&utm_content=thumbnail
Wagon R,Suzuki,2020,83500,96000,Gasoline,Manual,Hatchback,foreign_used,5,Gray,Premium Audio; Immobilizer Key; Keyless Entry; Navigation; Power Locks; Power Steering; Power Windows,"2020 Suzuki Wagon R (foreign used), a well-priced hatchback well suited to quick city runs and easy parking — a good fit for budget-conscious buyers. Comes with premium audio.",https://upload.wikimedia.org/wikipedia/commons/thumb/f/f3/2020_Maruti_Suzuki_Wagon_R_VXi_%28O%29_%28India%29_front_view.png/960px-2020_Maruti_Suzuki_Wagon_R_VXi_%28O%29_%28India%29_front_view.png?utm_source=commons.wikimedia.org&utm_campaign=imageinfo&utm_content=thumbnail
Civic Prosmetic,Honda,2002,96000,150000,Gasoline,Automatic,Sedan,foreign_used,5,Blue,ABS; Air Bags; Premium Audio; Keyless Entry; Power Locks; Power Mirrors; Power Steering; Power Windows,"2002 Honda Civic Prosmetic (foreign used), a budget-friendly sedan well suited to daily commuting and city driving — a good fit for urban professionals. Comes with ABS.",
Santro,Hyundai,2007,64500,150000,Gasoline,Manual,Hatchback,foreign_used,5,Red,ABS; Air Bags; Premium Audio; Backup Camera; Immobilizer Key; Keyless Entry; Power Steering,"2007 Hyundai Santro (foreign used), a well-priced hatchback well suited to quick city runs and easy parking — a good fit for budget-conscious buyers. Comes with ABS.",https://upload.wikimedia.org/wikipedia/commons/thumb/3/3f/Hyundai_Santro_Xing_2011.jpg/960px-Hyundai_Santro_Xing_2011.jpg?utm_source=commons.wikimedia.org&utm_campaign=imageinfo&utm_content=thumbnail
Ek Wagon,Mitsubishi,2006,223000,100000,Gasoline,Automatic,Wagon,local_used,5,Black,ABS; Air Bags; Premium Audio; Heated Seats; Keyless Entry; Navigation; Power Locks; Power Mirrors; Power Steering; Power Windows; Backup Camera,"2006 Mitsubishi Ek Wagon (locally used), a well-priced wagon well suited to family trips with plenty of cargo room — a good fit for family-oriented drivers. Comes with ABS.",https://upload.wikimedia.org/wikipedia/commons/8/87/Ekwagon.jpg?utm_source=commons.wikimedia.org&utm_campaign=imageinfo&utm_content=thumbnail_unscaled
E Class,Mercedes,2007,144000,201747,Gasoline,Automatic,Sedan,local_used,5,Black,ABS; Air Bags; Premium Audio; Heated Seats; Immobilizer Key; Power Locks; Power Mirrors; Power Steering; Power Windows; Backup Camera,"2007 Mercedes E Class (locally used), a well-priced sedan well suited to daily commuting and city driving — a good fit for urban professionals. Comes with ABS.",https://upload.wikimedia.org/wikipedia/commons/thumb/d/d4/2007_Mercedes-Benz_E_500_%28W_211_MY08%29_sedan_%282008-10-12%29.jpg/960px-2007_Mercedes-Benz_E_500_%28W_211_MY08%29_sedan_%282008-10-12%29.jpg?utm_source=commons.wikimedia.org&utm_campaign=imageinfo&utm_content=thumbnail
Corolla GLI,Toyota,2004,120000,123456,Gasoline,Manual,Sedan,foreign_used,5,White,ABS; Air Bags; Premium Audio; Backup Camera; Immobilizer Key; Keyless Entry; Power Locks; Power Steering; Power Windows,"2004 Toyota Corolla GLI (foreign used), a well-priced sedan well suited to daily commuting and city driving — a good fit for urban professionals. Comes with ABS.",https://upload.wikimedia.org/wikipedia/commons/a/af/1997_Toyota_Corolla_GLi_01.jpg?utm_source=commons.wikimedia.org&utm_campaign=imageinfo&utm_content=thumbnail_unscaled
Passo,Toyota,2011,74000,126000,Gasoline,Automatic,Hatchback,foreign_used,5,Silver,ABS; Air Bags; Premium Audio; Heated Seats; Immobilizer Key; Keyless Entry; Power Locks; Power Mirrors; Power Steering; Power Windows; Backup Camera,"2011 Toyota Passo (foreign used), a well-priced hatchback well suited to quick city runs and easy parking — a good fit for budget-conscious buyers. Comes with ABS.",https://upload.wikimedia.org/wikipedia/commons/thumb/4/42/2018-2023_Toyota_Passo_Moda.jpg/960px-2018-2023_Toyota_Passo_Moda.jpg?utm_source=commons.wikimedia.org&utm_campaign=imageinfo&utm_content=thumbnail
Altis Grande,Toyota,2010,128000,112000,Gasoline,Automatic,Sedan,foreign_used,5,White,ABS; Air Bags; Premium Audio; Power Locks; Power Mirrors; Power Steering; Power Windows; Backup Camera,"2010 Toyota Altis Grande (foreign used), a well-priced sedan well suited to daily commuting and city driving — a good fit for urban professionals. Comes with ABS.",https://upload.wikimedia.org/wikipedia/commons/thumb/f/f3/2015_Altis_Grande.jpg/960px-2015_Altis_Grande.jpg?utm_source=commons.wikimedia.org&utm_campaign=imageinfo&utm_content=thumbnail
Terios Kid,Daihatsu,2008,198000,88000,Gasoline,Automatic,SUV,foreign_used,7,Silver,ABS; Air Bags; Premium Audio; Backup Camera; Keyless Entry; Navigation; Power Locks; Power Mirrors; Power Steering; Power Windows,"2008 Daihatsu Terios Kid (foreign used), a well-priced suv well suited to family trips and weekend getaways — a good fit for family-oriented drivers. Comes with ABS.",https://upload.wikimedia.org/wikipedia/commons/thumb/1/18/Daihatsu_Terios_Kid_001.JPG/960px-Daihatsu_Terios_Kid_001.JPG?utm_source=commons.wikimedia.org&utm_campaign=imageinfo&utm_content=thumbnail
Karvaan,Changan,2023,336500,11000,Gasoline,Manual,Wagon,foreign_used,5,Silver,Air Bags; Premium Audio; Power Locks; Power Mirrors; Power Steering; Power Windows; Backup Camera,"2023 Changan Karvaan (foreign used), a well-priced wagon well suited to family trips with plenty of cargo room — a good fit for family-oriented drivers. Comes with air bags.",
Baleno,Suzuki,2022,77000,125000,Gasoline,Automatic,Hatchback,foreign_used,5,Black,ABS; Air Bags; Premium Audio; Navigation; Power Locks; Power Mirrors; Power Steering; Power Windows; Backup Camera,"2022 Suzuki Baleno (foreign used), a well-priced hatchback well suited to quick city runs and easy parking — a good fit for budget-conscious buyers. Comes with ABS.",https://upload.wikimedia.org/wikipedia/commons/thumb/1/15/1996_Suzuki_Baleno_hatchback_1.6_GS_Dynamic_Automatic.jpg/960px-1996_Suzuki_Baleno_hatchback_1.6_GS_Dynamic_Automatic.jpg?utm_source=commons.wikimedia.org&utm_campaign=imageinfo&utm_content=thumbnail
Corolla XLI,Toyota,2009,97500,250000,Gasoline,Manual,Sedan,foreign_used,5,Silver,Premium Audio; Keyless Entry; Power Locks; Power Mirrors; Power Steering; Power Windows; Backup Camera,"2009 Toyota Corolla XLI (foreign used), a budget-friendly sedan well suited to daily commuting and city driving — a good fit for urban professionals. Comes with premium audio.",https://upload.wikimedia.org/wikipedia/commons/thumb/6/60/Toyota_Corolla_1.6_XLi_2009_%2848971521857%29.jpg/960px-Toyota_Corolla_1.6_XLi_2009_%2848971521857%29.jpg?utm_source=commons.wikimedia.org&utm_campaign=imageinfo&utm_content=thumbnail
Santro,Hyundai,2004,42000,200000,Gasoline,Manual,Hatchback,foreign_used,5,White,Premium Audio; Backup Camera; Immobilizer Key; Power Locks; Power Steering; Power Windows,"2004 Hyundai Santro (foreign used), a budget-friendly hatchback well suited to quick city runs and easy parking — a good fit for budget-conscious buyers. Comes with premium audio.",https://upload.wikimedia.org/wikipedia/commons/thumb/3/3f/Hyundai_Santro_Xing_2011.jpg/960px-Hyundai_Santro_Xing_2011.jpg?utm_source=commons.wikimedia.org&utm_campaign=imageinfo&utm_content=thumbnail
Corrolla Altis,Toyota,2003,98500,170000,Gasoline,Manual,Sedan,foreign_used,5,White,ABS; Air Bags; Premium Audio; Power Locks; Power Mirrors; Power Steering; Power Windows,"2003 Toyota Corrolla Altis (foreign used), a budget-friendly sedan well suited to daily commuting and city driving — a good fit for urban professionals. Comes with ABS.",
Every,Suzuki,2013,271000,99885,Gasoline,Automatic,Wagon,foreign_used,5,Blue,ABS; Air Bags; Premium Audio; Keyless Entry; Power Locks; Power Mirrors; Power Steering; Power Windows; Backup Camera,"2013 Suzuki Every (foreign used), a well-priced wagon well suited to family trips with plenty of cargo room — a good fit for family-oriented drivers. Comes with ABS.",https://upload.wikimedia.org/wikipedia/commons/thumb/2/2e/5th_generation_Suzuki_EVERY_WAGON_front_%28cropped%29.JPG/960px-5th_generation_Suzuki_EVERY_WAGON_front_%28cropped%29.JPG?utm_source=commons.wikimedia.org&utm_campaign=imageinfo&utm_content=thumbnail
Every,Suzuki,2021,286500,63000,Gasoline,Automatic,Wagon,local_used,5,Black,Air Bags; Premium Audio; Immobilizer Key; Keyless Entry; Navigation; Power Locks; Power Mirrors; Power Steering; Power Windows,"2021 Suzuki Every (locally used), a well-priced wagon well suited to family trips with plenty of cargo room — a good fit for family-oriented drivers. Comes with air bags.",https://upload.wikimedia.org/wikipedia/commons/thumb/6/62/1988_Suzuki_Every_Wagon_Turbo_EX_in_Polar_White%2C_front_right.jpg/960px-1988_Suzuki_Every_Wagon_Turbo_EX_in_Polar_White%2C_front_right.jpg?utm_source=commons.wikimedia.org&utm_campaign=imageinfo&utm_content=thumbnail
Terios Kid,Daihatsu,2007,149500,186000,Gasoline,Automatic,SUV,local_used,7,White,ABS; Air Bags; Premium Audio; Power Locks; Power Mirrors; Power Steering; Power Windows,"2007 Daihatsu Terios Kid (locally used), a budget-friendly suv well suited to family trips and weekend getaways — a good fit for family-oriented drivers. Comes with ABS.",https://upload.wikimedia.org/wikipedia/commons/thumb/3/30/2007_Daihatsu_Terios_Kid_red.jpg/960px-2007_Daihatsu_Terios_Kid_red.jpg?utm_source=commons.wikimedia.org&utm_campaign=imageinfo&utm_content=thumbnail
E Class,Mercedes,2002,185500,80000,Gasoline,Automatic,Sedan,foreign_used,5,Silver,ABS; Air Bags; Premium Audio; Heated Seats; Power Mirrors; Power Steering; Power Windows; Backup Camera,"2002 Mercedes E Class (foreign used), a well-priced sedan well suited to daily commuting and city driving — a good fit for urban professionals. Comes with ABS.",https://upload.wikimedia.org/wikipedia/commons/thumb/3/3b/2002-2006_Mercedes-Benz_E-Class_%28W211%29_Elegance_sedan_01.jpg/960px-2002-2006_Mercedes-Benz_E-Class_%28W211%29_Elegance_sedan_01.jpg?utm_source=commons.wikimedia.org&utm_campaign=imageinfo&utm_content=thumbnail
Mira,Daihatsu,2009,73500,136000,Gasoline,Automatic,Hatchback,local_used,5,Gray,ABS; Air Bags; Premium Audio; Immobilizer Key; Keyless Entry; Navigation; Power Locks; Power Mirrors; Power Steering; Power Windows; Backup Camera,"2009 Daihatsu Mira (locally used), a well-priced hatchback well suited to quick city runs and easy parking — a good fit for budget-conscious buyers. Comes with ABS.",https://upload.wikimedia.org/wikipedia/commons/thumb/6/65/Daihatsu_Mira_Avy.jpg/960px-Daihatsu_Mira_Avy.jpg?utm_source=commons.wikimedia.org&utm_campaign=imageinfo&utm_content=thumbnail
Civic Prosmetic,Honda,2004,89500,200000,Gasoline,Automatic,Sedan,foreign_used,5,White,ABS; Heated Seats; Immobilizer Key; Navigation; Power Locks; Power Mirrors; Power Steering; Power Windows; Backup Camera,"2004 Honda Civic Prosmetic (foreign used), a budget-friendly sedan well suited to daily commuting and city driving — a good fit for urban professionals. Comes with ABS.",
Swift,Suzuki,2009,80500,90000,Gasoline,Automatic,Hatchback,local_used,5,Silver,ABS; Air Bags; Premium Audio; Immobilizer Key; Keyless Entry; Power Locks; Power Mirrors; Power Steering; Power Windows,"2009 Suzuki Swift (locally used), a well-priced hatchback well suited to quick city runs and easy parking — a good fit for budget-conscious buyers. Comes with ABS.",https://upload.wikimedia.org/wikipedia/commons/thumb/1/10/Suzuki_Swift_IV_Facelift_rear_20091206.jpg/960px-Suzuki_Swift_IV_Facelift_rear_20091206.jpg?utm_source=commons.wikimedia.org&utm_campaign=imageinfo&utm_content=thumbnail
Mehran VXR,Suzuki,2007,66000,120000,Gasoline,Manual,Hatchback,local_used,5,White,Air Bags; Premium Audio; Power Locks; Power Steering,"2007 Suzuki Mehran VXR (locally used), a well-priced hatchback well suited to quick city runs and easy parking — a good fit for budget-conscious buyers. Comes with air bags.",
Passo,Toyota,2015,79500,49000,Gasoline,Automatic,Hatchback,foreign_used,5,White,ABS; Air Bags; Premium Audio; Backup Camera; Navigation; Power Locks; Power Mirrors; Power Steering; Power Windows,"2015 Toyota Passo (foreign used), a well-priced hatchback well suited to quick city runs and easy parking — a good fit for budget-conscious buyers. Comes with ABS.",https://upload.wikimedia.org/wikipedia/commons/thumb/0/01/Toyota_Passo_1.0_%2BHana_2WD_%28KGC30%29_rear.JPG/960px-Toyota_Passo_1.0_%2BHana_2WD_%28KGC30%29_rear.JPG?utm_source=commons.wikimedia.org&utm_campaign=imageinfo&utm_content=thumbnail
Santro,Hyundai,2005,78000,50000,Gasoline,Manual,Hatchback,foreign_used,5,Silver,ABS; Premium Audio; Keyless Entry; Navigation; Power Locks; Power Mirrors; Power Steering; Power Windows; Backup Camera,"2005 Hyundai Santro (foreign used), a well-priced hatchback well suited to quick city runs and easy parking — a good fit for budget-conscious buyers. Comes with ABS.",https://upload.wikimedia.org/wikipedia/commons/thumb/3/3f/Hyundai_Santro_Xing_2011.jpg/960px-Hyundai_Santro_Xing_2011.jpg?utm_source=commons.wikimedia.org&utm_campaign=imageinfo&utm_content=thumbnail
Move,Daihatsu,2009,84500,86200,Gasoline,Automatic,Hatchback,foreign_used,5,Silver,ABS; Air Bags; Premium Audio; Keyless Entry; Power Locks; Power Mirrors; Power Steering; Power Windows; Backup Camera,"2009 Daihatsu Move (foreign used), a well-priced hatchback well suited to quick city runs and easy parking — a good fit for budget-conscious buyers. Comes with ABS.",https://upload.wikimedia.org/wikipedia/commons/thumb/5/5d/2009_Daihatsu_Move_Conte_Custom_X_in_Pearl_White_III%2C_front_left.jpg/960px-2009_Daihatsu_Move_Conte_Custom_X_in_Pearl_White_III%2C_front_left.jpg?utm_source=commons.wikimedia.org&utm_campaign=imageinfo&utm_content=thumbnail
Corolla GLI,Toyota,2020,180500,91500,Gasoline,Manual,Sedan,foreign_used,5,Silver,ABS; Air Bags; Premium Audio; Immobilizer Key; Keyless Entry; Navigation; Power Locks; Power Mirrors; Power Steering; Power Windows,"2020 Toyota Corolla GLI (foreign used), a well-priced sedan well suited to daily commuting and city driving — a good fit for urban professionals. Comes with ABS.",https://upload.wikimedia.org/wikipedia/commons/thumb/4/42/Toyota_Corolla_GLi_hatchback_%28rear%29.jpg/960px-Toyota_Corolla_GLi_hatchback_%28rear%29.jpg?utm_source=commons.wikimedia.org&utm_campaign=imageinfo&utm_content=thumbnail
Civic Oriel,Honda,2004,91000,245804,Gasoline,Manual,Sedan,foreign_used,5,Gray,ABS; Premium Audio; Immobilizer Key; Navigation; Power Locks; Power Mirrors; Power Steering; Power Windows; Backup Camera,"2004 Honda Civic Oriel (foreign used), a budget-friendly sedan well suited to daily commuting and city driving — a good fit for urban professionals. Comes with ABS.",
Santro,Hyundai,2009,73500,130000,Gasoline,Manual,Hatchback,foreign_used,5,Yellow,Air Bags; Premium Audio; Immobilizer Key; Power Locks; Power Steering; Power Windows; Backup Camera,"2009 Hyundai Santro (foreign used), a well-priced hatchback well suited to quick city runs and easy parking — a good fit for budget-conscious buyers. Comes with air bags.",https://upload.wikimedia.org/wikipedia/commons/thumb/3/3f/Hyundai_Santro_Xing_2011.jpg/960px-Hyundai_Santro_Xing_2011.jpg?utm_source=commons.wikimedia.org&utm_campaign=imageinfo&utm_content=thumbnail
Hijet,Daihatsu,2012,233500,94000,Gasoline,Automatic,Truck,foreign_used,2,Silver,ABS; Air Bags; Premium Audio; Immobilizer Key; Navigation; Power Locks; Power Mirrors; Power Steering; Power Windows; Backup Camera,"2012 Daihatsu Hijet (foreign used), a well-priced truck well suited to hauling and rough roads — a good fit for adventure seekers. Comes with ABS.",https://upload.wikimedia.org/wikipedia/commons/thumb/3/3d/Daihatsu_Hijet_Truck_S211P_Rear_0411.JPG/960px-Daihatsu_Hijet_Truck_S211P_Rear_0411.JPG?utm_source=commons.wikimedia.org&utm_campaign=imageinfo&utm_content=thumbnail
Corrolla Altis,Toyota,2011,95500,200000,Gasoline,Manual,Sedan,local_used,5,Black,ABS; Air Bags; Premium Audio; Immobilizer Key; Navigation; Power Locks; Power Mirrors; Power Steering; Power Windows; Backup Camera,"2011 Toyota Corrolla Altis (locally used), a budget-friendly sedan well suited to daily commuting and city driving — a good fit for urban professionals. Comes with ABS.",
Every,Suzuki,2014,299000,59000,Gasoline,Automatic,Wagon,local_used,5,Blue,ABS; Air Bags; Premium Audio; Immobilizer Key; Keyless Entry; Navigation; Power Locks; Power Mirrors; Power Steering; Power Windows; Backup Camera,"2014 Suzuki Every (locally used), a well-priced wagon well suited to family trips with plenty of cargo room — a good fit for family-oriented drivers. Comes with ABS.",https://upload.wikimedia.org/wikipedia/commons/thumb/3/35/Small_team_gets_BLM_firetrucks_to_America%E2%80%99s_wildfires_%2822442333819%29.jpg/960px-Small_team_gets_BLM_firetrucks_to_America%E2%80%99s_wildfires_%2822442333819%29.jpg?utm_source=commons.wikimedia.org&utm_campaign=imageinfo&utm_content=thumbnail
Minicab Bravo,Mitsubishi,2012,300500,15000,Gasoline,Automatic,Truck,foreign_used,2,Black,ABS; Air Bags; Premium Audio; Immobilizer Key; Navigation; Power Locks; Power Mirrors; Power Steering; Power Windows; Backup Camera,"2012 Mitsubishi Minicab Bravo (foreign used), a well-priced truck well suited to hauling and rough roads — a good fit for adventure seekers. Comes with ABS.",https://upload.wikimedia.org/wikipedia/commons/thumb/2/22/Mitsubishi_Minicab_Bravo_002.JPG/960px-Mitsubishi_Minicab_Bravo_002.JPG?utm_source=commons.wikimedia.org&utm_campaign=imageinfo&utm_content=thumbnail
Hijet,Daihatsu,2015,294500,97000,Gasoline,Automatic,Truck,foreign_used,2,Black,ABS; Air Bags; Premium Audio; Immobilizer Key; Navigation; Power Locks; Power Mirrors; Power Steering; Power Windows; Backup Camera,"2015 Daihatsu Hijet (foreign used), a well-priced truck well suited to hauling and rough roads — a good fit for adventure seekers. Comes with ABS.",https://upload.wikimedia.org/wikipedia/commons/thumb/0/0f/Daihatsu_Hijet_602.jpg/960px-Daihatsu_Hijet_602.jpg?utm_source=commons.wikimedia.org&utm_campaign=imageinfo&utm_content=thumbnail
Corolla XLI,Toyota,2017,203500,57000,Gasoline,Manual,Sedan,foreign_used,5,White,Air Bags; Premium Audio; Heated Seats; Immobilizer Key; Keyless Entry; Navigation; Power Locks; Power Mirrors; Power Steering; Power Windows; Backup Camera,"2017 Toyota Corolla XLI (foreign used), a premium sedan well suited to daily commuting and city driving — a good fit for urban professionals. Comes with air bags.",https://upload.wikimedia.org/wikipedia/commons/thumb/5/55/Toyota_Corolla_XLi_%2853508504755%29.jpg/960px-Toyota_Corolla_XLi_%2853508504755%29.jpg?utm_source=commons.wikimedia.org&utm_campaign=imageinfo&utm_content=thumbnail
Civic EXi,Honda,2004,79000,266000,Gasoline,Automatic,Sedan,foreign_used,5,White,Premium Audio; Backup Camera; Immobilizer Key; Keyless Entry; Power Locks; Power Mirrors; Power Steering; Power Windows,"2004 Honda Civic EXi (foreign used), a budget-friendly sedan well suited to daily commuting and city driving — a good fit for urban professionals. Comes with premium audio.",https://upload.wikimedia.org/wikipedia/commons/thumb/8/86/Honda_Civic_EXI_1994.jpg/960px-Honda_Civic_EXI_1994.jpg?utm_source=commons.wikimedia.org&utm_campaign=imageinfo&utm_content=thumbnail
Ek Wagon,Mitsubishi,2012,240000,85000,Gasoline,Automatic,Wagon,local_used,5,Yellow,ABS; Air Bags; Premium Audio; Backup Camera; Immobilizer Key; Keyless Entry; Navigation; Power Mirrors; Power Steering; Power Windows,"2012 Mitsubishi Ek Wagon (locally used), a well-priced wagon well suited to family trips with plenty of cargo room — a good fit for family-oriented drivers. Comes with ABS.",https://upload.wikimedia.org/wikipedia/commons/thumb/6/64/2008%E2%80%932012_Mitsubishi_eK_Wagon_in_White_Pearl%2C_front_right.jpg/960px-2008%E2%80%932012_Mitsubishi_eK_Wagon_in_White_Pearl%2C_front_right.jpg?utm_source=commons.wikimedia.org&utm_campaign=imageinfo&utm_content=thumbnail
Ek Wagon,Mitsubishi,2017,323500,69000,Gasoline,Automatic,Wagon,foreign_used,5,Blue,ABS; Air Bags; Premium Audio; Immobilizer Key; Power Locks; Power Mirrors; Power Steering; Power Windows,"2017 Mitsubishi Ek Wagon (foreign used), a well-priced wagon well suited to family trips with plenty of cargo room — a good fit for family-oriented drivers. Comes with ABS.",https://upload.wikimedia.org/wikipedia/commons/thumb/3/3a/Mitsubishi_eK_Wagon%2C_Shimokitazawa%2C_Setagaya%2C_Tokyo%2C_Japan.jpg/960px-Mitsubishi_eK_Wagon%2C_Shimokitazawa%2C_Setagaya%2C_Tokyo%2C_Japan.jpg?utm_source=commons.wikimedia.org&utm_campaign=imageinfo&utm_content=thumbnail
Hijet,Daihatsu,2007,221500,80000,Gasoline,Automatic,Truck,foreign_used,2,Gray,ABS; Air Bags; Premium Audio; Navigation; Power Locks; Power Mirrors; Power Steering; Power Windows,"2007 Daihatsu Hijet (foreign used), a well-priced truck well suited to hauling and rough roads — a good fit for adventure seekers. Comes with ABS.",https://upload.wikimedia.org/wikipedia/commons/thumb/b/b9/2007-2011_Daihatsu_Hijet_Truck_Extra_4WD.jpg/960px-2007-2011_Daihatsu_Hijet_Truck_Extra_4WD.jpg?utm_source=commons.wikimedia.org&utm_campaign=imageinfo&utm_content=thumbnail
V2,FAW,2019,114000,30500,Gasoline,Manual,Hatchback,foreign_used,5,Black,ABS; Air Bags; Premium Audio; Backup Camera; Immobilizer Key; Navigation; Power Locks; Power Mirrors; Power Steering; Power Windows,"2019 FAW V2 (foreign used), a premium hatchback well suited to quick city runs and easy parking — a good fit for budget-conscious buyers. Comes with ABS.",https://upload.wikimedia.org/wikipedia/commons/thumb/b/ba/FAW_V2_hatch_-_2012_Montevideo_Motor_Show.jpg/960px-FAW_V2_hatch_-_2012_Montevideo_Motor_Show.jpg?utm_source=commons.wikimedia.org&utm_campaign=imageinfo&utm_content=thumbnail
Terios Kid,Daihatsu,2003,128500,190000,Gasoline,Automatic,SUV,foreign_used,7,White,ABS; Air Bags; Premium Audio; Heated Seats; Navigation; Power Locks; Power Mirrors; Power Steering; Power Windows; Backup Camera,"2003 Daihatsu Terios Kid (foreign used), a budget-friendly suv well suited to family trips and weekend getaways — a good fit for family-oriented drivers. Comes with ABS.",https://upload.wikimedia.org/wikipedia/commons/thumb/5/5c/Daihatsu_Terios_Kid.jpg/960px-Daihatsu_Terios_Kid.jpg?utm_source=commons.wikimedia.org&utm_campaign=imageinfo&utm_content=thumbnail
Ek Wagon,Mitsubishi,2013,294000,65000,Gasoline,Automatic,Wagon,foreign_used,5,White,ABS; Air Bags; Immobilizer Key; Keyless Entry; Navigation; Power Locks; Power Mirrors; Power Steering; Power Windows; Backup Camera,"2013 Mitsubishi Ek Wagon (foreign used), a well-priced wagon well suited to family trips with plenty of cargo room — a good fit for family-oriented drivers. Comes with ABS.",https://upload.wikimedia.org/wikipedia/commons/thumb/8/83/Mitsubishi_eK_Wagon_B11W.JPG/960px-Mitsubishi_eK_Wagon_B11W.JPG?utm_source=commons.wikimedia.org&utm_campaign=imageinfo&utm_content=thumbnail
Hijet,Daihatsu,2017,280500,42000,Gasoline,Automatic,Truck,local_used,2,Black,ABS; Air Bags; Premium Audio; Heated Seats; Backup Camera; Power Locks; Power Steering,"2017 Daihatsu Hijet (locally used), a well-priced truck well suited to hauling and rough roads — a good fit for adventure seekers. Comes with ABS.",https://upload.wikimedia.org/wikipedia/commons/thumb/2/23/Daihatsu_HIJET_TRUCK_High-Roof_%28EBD-S500P%29_rear.jpg/960px-Daihatsu_HIJET_TRUCK_High-Roof_%28EBD-S500P%29_rear.jpg?utm_source=commons.wikimedia.org&utm_campaign=imageinfo&utm_content=thumbnail
Santro,Hyundai,2014,71500,148000,Gasoline,Manual,Hatchback,foreign_used,5,Silver,Premium Audio; Keyless Entry; Power Locks; Power Steering; Power Windows; Backup Camera,"2014 Hyundai Santro (foreign used), a well-priced hatchback well suited to quick city runs and easy parking — a good fit for budget-conscious buyers. Comes with premium audio.",https://upload.wikimedia.org/wikipedia/commons/thumb/3/3f/Hyundai_Santro_Xing_2011.jpg/960px-Hyundai_Santro_Xing_2011.jpg?utm_source=commons.wikimedia.org&utm_campaign=imageinfo&utm_content=thumbnail
Santro,Hyundai,2006,71000,75500,Gasoline,Manual,Hatchback,foreign_used,5,Gray,Premium Audio; Immobilizer Key; Keyless Entry; Navigation; Power Locks; Power Steering,"2006 Hyundai Santro (foreign used), a well-priced hatchback well suited to quick city runs and easy parking — a good fit for budget-conscious buyers. Comes with premium audio.",https://upload.wikimedia.org/wikipedia/commons/thumb/3/3f/Hyundai_Santro_Xing_2011.jpg/960px-Hyundai_Santro_Xing_2011.jpg?utm_source=commons.wikimedia.org&utm_campaign=imageinfo&utm_content=thumbnail
Santro,Hyundai,2002,72500,45086,Gasoline,Manual,Hatchback,foreign_used,5,Gray,Air Bags; Premium Audio; Power Locks; Power Mirrors; Power Steering; Power Windows,"2002 Hyundai Santro (foreign used), a well-priced hatchback well suited to quick city runs and easy parking — a good fit for budget-conscious buyers. Comes with air bags.",https://upload.wikimedia.org/wikipedia/commons/thumb/3/3f/Hyundai_Santro_Xing_2011.jpg/960px-Hyundai_Santro_Xing_2011.jpg?utm_source=commons.wikimedia.org&utm_campaign=imageinfo&utm_content=thumbnail
Bolan,Suzuki,2007,155000,185000,Gasoline,Manual,Wagon,local_used,5,Black,Premium Audio; Immobilizer Key; Navigation; Power Locks; Power Mirrors,"2007 Suzuki Bolan (locally used), a budget-friendly wagon well suited to family trips with plenty of cargo room — a good fit for family-oriented drivers. Comes with premium audio.",https://upload.wikimedia.org/wikipedia/commons/thumb/6/6a/2009-2012_Suzuki_Carry_DA63T.jpg/960px-2009-2012_Suzuki_Carry_DA63T.jpg?utm_source=commons.wikimedia.org&utm_campaign=imageinfo&utm_content=thumbnail
Cultus VXR,Suzuki,2018,101000,63000,Gasoline,Manual,Hatchback,local_used,5,Red,ABS; Premium Audio; Power Locks; Power Mirrors; Power Steering; Power Windows; Backup Camera,"2018 Suzuki Cultus VXR (locally used), a well-priced hatchback well suited to quick city runs and easy parking — a good fit for budget-conscious buyers. Comes with ABS.",
Minica,Mitsubishi,2014,76000,150000,Gasoline,Automatic,Hatchback,foreign_used,5,Gray,ABS; Air Bags; Premium Audio; Immobilizer Key; Navigation; Power Locks; Power Steering; Backup Camera,"2014 Mitsubishi Minica (foreign used), a well-priced hatchback well suited to quick city runs and easy parking — a good fit for budget-conscious buyers. Comes with ABS.",https://upload.wikimedia.org/wikipedia/commons/thumb/2/2f/Mitsubishi_MINICA_TownBee_II_%28E-H31A%29_rear.jpg/960px-Mitsubishi_MINICA_TownBee_II_%28E-H31A%29_rear.jpg?utm_source=commons.wikimedia.org&utm_campaign=imageinfo&utm_content=thumbnail
Corolla GLI,Toyota,2002,108500,99999,Gasoline,Manual,Sedan,foreign_used,5,Silver,ABS; Premium Audio; Immobilizer Key; Keyless Entry; Navigation; Power Locks; Power Mirrors; Power Steering; Power Windows,"2002 Toyota Corolla GLI (foreign used), a well-priced sedan well suited to daily commuting and city driving — a good fit for urban professionals. Comes with ABS.",https://upload.wikimedia.org/wikipedia/commons/thumb/4/42/Toyota_Corolla_GLi_hatchback_%28rear%29.jpg/960px-Toyota_Corolla_GLi_hatchback_%28rear%29.jpg?utm_source=commons.wikimedia.org&utm_campaign=imageinfo&utm_content=thumbnail
Civic Oriel,Honda,2019,148000,100000,Gasoline,Automatic,Sedan,foreign_used,5,Silver,ABS; Air Bags; Premium Audio; Backup Camera; Immobilizer Key; Keyless Entry; Power Locks; Power Mirrors; Power Steering; Power Windows,"2019 Honda Civic Oriel (foreign used), a well-priced sedan well suited to daily commuting and city driving — a good fit for urban professionals. Comes with ABS.",
Minica,Mitsubishi,2007,55500,120000,Gasoline,Automatic,Hatchback,foreign_used,5,Black,Air Bags; Premium Audio; Immobilizer Key; Keyless Entry; Navigation; Power Locks; Power Steering; Backup Camera,"2007 Mitsubishi Minica (foreign used), a budget-friendly hatchback well suited to quick city runs and easy parking — a good fit for budget-conscious buyers. Comes with air bags.",https://upload.wikimedia.org/wikipedia/commons/thumb/6/61/1967_Mitsubishi_Minica_LT23.jpg/960px-1967_Mitsubishi_Minica_LT23.jpg?utm_source=commons.wikimedia.org&utm_campaign=imageinfo&utm_content=thumbnail
Civic Oriel,Honda,2001,120500,100000,Gasoline,Manual,Sedan,local_used,5,Black,ABS; Air Bags; Premium Audio; Immobilizer Key; Power Locks; Power Mirrors; Power Steering; Power Windows; Backup Camera,"2001 Honda Civic Oriel (locally used), a well-priced sedan well suited to daily commuting and city driving — a good fit for urban professionals. Comes with ABS.",
E Class,Mercedes,2001,127000,270000,Gasoline,Automatic,Sedan,foreign_used,5,Black,ABS; Air Bags; Premium Audio; Immobilizer Key; Navigation; Power Locks; Power Mirrors; Power Steering; Power Windows; Backup Camera,"2001 Mercedes E Class (foreign used), a well-priced sedan well suited to daily commuting and city driving — a good fit for urban professionals. Comes with ABS.",https://upload.wikimedia.org/wikipedia/commons/thumb/e/e2/Police_E-Class%2C_Friedrichshafen_%28P1130450%29.jpg/960px-Police_E-Class%2C_Friedrichshafen_%28P1130450%29.jpg?utm_source=commons.wikimedia.org&utm_campaign=imageinfo&utm_content=thumbnail
Baleno,Suzuki,2003,61000,114000,Gasoline,Manual,Hatchback,foreign_used,5,Gray,Premium Audio; Heated Seats; Immobilizer Key; Power Locks; Power Mirrors; Power Steering; Power Windows,"2003 Suzuki Baleno (foreign used), a well-priced hatchback well suited to quick city runs and easy parking — a good fit for budget-conscious buyers. Comes with premium audio.",https://upload.wikimedia.org/wikipedia/commons/thumb/7/7e/Suzuki_Baleno%2C_Satoru_Gojo_Jujutsu_Kaisen.jpg/960px-Suzuki_Baleno%2C_Satoru_Gojo_Jujutsu_Kaisen.jpg?utm_source=commons.wikimedia.org&utm_campaign=imageinfo&utm_content=thumbnail
Corolla XLI,Toyota,2005,109500,123456,Gasoline,Manual,Sedan,foreign_used,5,White,Premium Audio; Power Locks; Power Mirrors; Power Steering; Power Windows; Backup Camera,"2005 Toyota Corolla XLI (foreign used), a well-priced sedan well suited to daily commuting and city driving — a good fit for urban professionals. Comes with premium audio.",https://upload.wikimedia.org/wikipedia/commons/thumb/5/55/Toyota_Corolla_XLi_%2853508504755%29.jpg/960px-Toyota_Corolla_XLi_%2853508504755%29.jpg?utm_source=commons.wikimedia.org&utm_campaign=imageinfo&utm_content=thumbnail
City IVTEC,Honda,2023,168000,112076,Gasoline,Manual,Sedan,foreign_used,5,White,Air Bags; Premium Audio; Backup Camera; Power Locks; Power Steering; Power Windows,"2023 Honda City IVTEC (foreign used), a well-priced sedan well suited to daily commuting and city driving — a good fit for urban professionals. Comes with air bags.",https://upload.wikimedia.org/wikipedia/commons/thumb/0/02/Steering_Wheel_of_Honda_City_7th_Generation_%285th_Generation_Sedan%29_iVTEC_2022.jpg/960px-Steering_Wheel_of_Honda_City_7th_Generation_%285th_Generation_Sedan%29_iVTEC_2022.jpg?utm_source=commons.wikimedia.org&utm_campaign=imageinfo&utm_content=thumbnail
Corolla GLI,Toyota,2006,115500,150000,Gasoline,Manual,Sedan,foreign_used,5,White,ABS; Air Bags; Premium Audio; Power Locks; Power Steering; Power Windows; Backup Camera,"2006 Toyota Corolla GLI (foreign used), a well-priced sedan well suited to daily commuting and city driving — a good fit for urban professionals. Comes with ABS.",https://upload.wikimedia.org/wikipedia/commons/a/af/1997_Toyota_Corolla_GLi_01.jpg?utm_source=commons.wikimedia.org&utm_campaign=imageinfo&utm_content=thumbnail_unscaled
Every Wagon,Suzuki,2018,309000,62000,Gasoline,Automatic,Wagon,local_used,5,White,ABS; Air Bags; Premium Audio; Navigation; Power Locks; Power Mirrors; Power Steering; Power Windows; Backup Camera,"2018 Suzuki Every Wagon (locally used), a well-priced wagon well suited to family trips with plenty of cargo room — a good fit for family-oriented drivers. Comes with ABS.",https://upload.wikimedia.org/wikipedia/commons/thumb/0/09/Osaka_Auto_Messe_2018_%28203%29_-_HEARTILY_EVERY_WAGON_LS-LINE.jpg/960px-Osaka_Auto_Messe_2018_%28203%29_-_HEARTILY_EVERY_WAGON_LS-LINE.jpg?utm_source=commons.wikimedia.org&utm_campaign=imageinfo&utm_content=thumbnail
V2,FAW,2016,86500,129480,Gasoline,Manual,Hatchback,foreign_used,5,Blue,ABS; Air Bags; Premium Audio; Power Locks; Power Mirrors; Power Steering; Power Windows; Backup Camera,"2016 FAW V2 (foreign used), a well-priced hatchback well suited to quick city runs and easy parking — a good fit for budget-conscious buyers. Comes with ABS.",https://upload.wikimedia.org/wikipedia/commons/thumb/b/ba/FAW_V2_hatch_-_2012_Montevideo_Motor_Show.jpg/960px-FAW_V2_hatch_-_2012_Montevideo_Motor_Show.jpg?utm_source=commons.wikimedia.org&utm_campaign=imageinfo&utm_content=thumbnail
Civic Prosmetic,Honda,2001,86000,160000,Gasoline,Automatic,Sedan,foreign_used,5,Gray,ABS; Premium Audio; Keyless Entry; Navigation; Power Locks; Power Mirrors; Power Steering; Power Windows,"2001 Honda Civic Prosmetic (foreign used), a budget-friendly sedan well suited to daily commuting and city driving — a good fit for urban professionals. Comes with ABS.",
Corrolla Altis,Toyota,2004,101500,182000,Gasoline,Manual,Sedan,foreign_used,5,Silver,ABS; Air Bags; Premium Audio; Keyless Entry; Navigation; Power Locks; Power Mirrors; Power Steering; Power Windows; Backup Camera,"2004 Toyota Corrolla Altis (foreign used), a budget-friendly sedan well suited to daily commuting and city driving — a good fit for urban professionals. Comes with ABS.",
City Aspire,Honda,2003,86500,196500,Gasoline,Manual,Sedan,foreign_used,5,White,Premium Audio; Backup Camera; Power Locks; Power Steering; Power Windows,"2003 Honda City Aspire (foreign used), a budget-friendly sedan well suited to daily commuting and city driving — a good fit for urban professionals. Comes with premium audio.",https://upload.wikimedia.org/wikipedia/commons/thumb/f/f4/HCA_interior.JPG/960px-HCA_interior.JPG?utm_source=commons.wikimedia.org&utm_campaign=imageinfo&utm_content=thumbnail
Alto,Suzuki,2004,65500,85000,Gasoline,Manual,Hatchback,foreign_used,5,Silver,Air Bags; Premium Audio; Heated Seats; Backup Camera; Power Locks,"2004 Suzuki Alto (foreign used), a well-priced hatchback well suited to quick city runs and easy parking — a good fit for budget-conscious buyers. Comes with air bags.",https://upload.wikimedia.org/wikipedia/commons/thumb/1/1d/2004_Suzuki_Alto_GL_in_Blue%2C_Front_Left%2C_15-06-24.jpg/960px-2004_Suzuki_Alto_GL_in_Blue%2C_Front_Left%2C_15-06-24.jpg?utm_source=commons.wikimedia.org&utm_campaign=imageinfo&utm_content=thumbnail
Mira,Daihatsu,2006,71500,100000,Gasoline,Automatic,Hatchback,foreign_used,5,Silver,ABS; Air Bags; Premium Audio; Keyless Entry; Navigation; Power Locks; Power Mirrors; Power Steering; Power Windows; Backup Camera,"2006 Daihatsu Mira (foreign used), a well-priced hatchback well suited to quick city runs and easy parking — a good fit for budget-conscious buyers. Comes with ABS.",https://upload.wikimedia.org/wikipedia/commons/7/72/Daihatsu-Mira-7th_2006-rear.jpg?utm_source=commons.wikimedia.org&utm_campaign=imageinfo&utm_content=thumbnail_unscaled
Spectra,KIA,2005,179500,160000,Gasoline,Manual,Sedan,local_used,5,White,Air Bags; Premium Audio; Power Locks; Power Mirrors; Power Steering; Power Windows; Backup Camera,"2005 KIA Spectra (locally used), a well-priced sedan well suited to daily commuting and city driving — a good fit for urban professionals. Comes with air bags.",https://upload.wikimedia.org/wikipedia/commons/thumb/1/1d/0_Kia_Spectra_%28S-II%29_1.jpg/960px-0_Kia_Spectra_%28S-II%29_1.jpg?utm_source=commons.wikimedia.org&utm_campaign=imageinfo&utm_content=thumbnail
Hijet,Daihatsu,2010,279500,95000,Gasoline,Automatic,Truck,foreign_used,2,Black,ABS; Air Bags; Premium Audio; Heated Seats; Power Locks; Power Mirrors; Power Steering; Power Windows; Backup Camera,"2010 Daihatsu Hijet (foreign used), a well-priced truck well suited to hauling and rough roads — a good fit for adventure seekers. Comes with ABS.",https://upload.wikimedia.org/wikipedia/commons/thumb/d/d5/Daihatsu_Hijet_%285141229385%29.jpg/960px-Daihatsu_Hijet_%285141229385%29.jpg?utm_source=commons.wikimedia.org&utm_campaign=imageinfo&utm_content=thumbnail
Lancer,Mitsubishi,2009,82500,296000,Gasoline,Manual,Sedan,foreign_used,5,Black,ABS; Air Bags; Premium Audio; Power Locks; Power Mirrors; Power Steering; Power Windows; Backup Camera,"2009 Mitsubishi Lancer (foreign used), a budget-friendly sedan well suited to daily commuting and city driving — a good fit for urban professionals. Comes with ABS.",https://upload.wikimedia.org/wikipedia/commons/thumb/c/c5/2001_Mitsubishi_Lancer_%28CE2%29_GLXi_sedan_%282009-09-17%29_01.jpg/960px-2001_Mitsubishi_Lancer_%28CE2%29_GLXi_sedan_%282009-09-17%29_01.jpg?utm_source=commons.wikimedia.org&utm_campaign=imageinfo&utm_content=thumbnail
Cultus VXR,Suzuki,2015,87000,20000,Gasoline,Manual,Hatchback,foreign_used,5,Silver,Premium Audio; Keyless Entry; Power Locks; Power Steering,"2015 Suzuki Cultus VXR (foreign used), a well-priced hatchback well suited to quick city runs and easy parking — a good fit for budget-conscious buyers. Comes with premium audio.",
Joy,Chevrolet,2006,91500,1234,Gasoline,Manual,Hatchback,foreign_used,5,Silver,ABS; Air Bags; Premium Audio; Immobilizer Key; Power Locks; Power Steering; Power Windows,"2006 Chevrolet Joy (foreign used), a well-priced hatchback well suited to quick city runs and easy parking — a good fit for budget-conscious buyers. Comes with ABS.",https://upload.wikimedia.org/wikipedia/commons/thumb/6/64/Chevrolet_Joy_2018.png/960px-Chevrolet_Joy_2018.png?utm_source=commons.wikimedia.org&utm_campaign=imageinfo&utm_content=thumbnail
Karvaan,Changan,2022,389500,2400,Gasoline,Manual,Wagon,local_used,5,White,Air Bags; Premium Audio; Navigation; Power Locks; Power Mirrors; Power Steering; Power Windows; Backup Camera,"2022 Changan Karvaan (locally used), a well-priced wagon well suited to family trips with plenty of cargo room — a good fit for family-oriented drivers. Comes with air bags.",
Corrolla Altis,Toyota,2007,123000,103588,Gasoline,Automatic,Sedan,local_used,5,Black,ABS; Air Bags; Premium Audio; Immobilizer Key; Power Locks; Power Mirrors; Power Steering; Power Windows; Backup Camera,"2007 Toyota Corrolla Altis (locally used), a well-priced sedan well suited to daily commuting and city driving — a good fit for urban professionals. Comes with ABS.",
Alto,Suzuki,2005,41500,198500,Gasoline,Automatic,Hatchback,foreign_used,5,Silver,ABS; Air Bags; Premium Audio; Heated Seats; Power Locks; Power Steering; Power Windows,"2005 Suzuki Alto (foreign used), a budget-friendly hatchback well suited to quick city runs and easy parking — a good fit for budget-conscious buyers. Comes with ABS.",https://upload.wikimedia.org/wikipedia/commons/thumb/3/3e/Suzuki_Alto_GL_2005_5th_Generation_HA24_-_Flickr_-_mick_-_Lumix.jpg/960px-Suzuki_Alto_GL_2005_5th_Generation_HA24_-_Flickr_-_mick_-_Lumix.jpg?utm_source=commons.wikimedia.org&utm_campaign=imageinfo&utm_content=thumbnail
Corolla XLI,Toyota,2019,170500,43000,Gasoline,Manual,Sedan,foreign_used,5,Silver,ABS; Air Bags; Premium Audio; Power Locks; Power Mirrors; Power Steering; Power Windows; Backup Camera,"2019 Toyota Corolla XLI (foreign used), a well-priced sedan well suited to daily commuting and city driving — a good fit for urban professionals. Comes with ABS.",https://upload.wikimedia.org/wikipedia/commons/thumb/6/60/Toyota_Corolla_1.6_XLi_2009_%2848971521857%29.jpg/960px-Toyota_Corolla_1.6_XLi_2009_%2848971521857%29.jpg?utm_source=commons.wikimedia.org&utm_campaign=imageinfo&utm_content=thumbnail
Santro,Hyundai,2001,57500,150000,Gasoline,Automatic,Hatchback,foreign_used,5,Blue,Air Bags; Premium Audio; Immobilizer Key; Power Locks; Power Mirrors; Power Steering; Power Windows,"2001 Hyundai Santro (foreign used), a budget-friendly hatchback well suited to quick city runs and easy parking — a good fit for budget-conscious buyers. Comes with air bags.",https://upload.wikimedia.org/wikipedia/commons/9/98/2001_Hyundai_Santro.jpg?utm_source=commons.wikimedia.org&utm_campaign=imageinfo&utm_content=thumbnail_unscaled
Hijet,Daihatsu,2016,236000,113000,Gasoline,Manual,Truck,foreign_used,2,Gray,Air Bags; Premium Audio; Immobilizer Key; Keyless Entry; Navigation; Power Locks; Power Steering; Backup Camera,"2016 Daihatsu Hijet (foreign used), a well-priced truck well suited to hauling and rough roads — a good fit for adventure seekers. Comes with air bags.",https://upload.wikimedia.org/wikipedia/commons/thumb/7/76/Daihatsu_Hijet_is_811.jpg/960px-Daihatsu_Hijet_is_811.jpg?utm_source=commons.wikimedia.org&utm_campaign=imageinfo&utm_content=thumbnail
Pajero Mini,Mitsubishi,2011,210500,78000,Gasoline,Automatic,SUV,foreign_used,7,White,Air Bags; Premium Audio; Immobilizer Key; Keyless Entry; Navigation; Power Locks; Power Mirrors; Power Steering; Power Windows; Backup Camera,"2011 Mitsubishi Pajero Mini (foreign used), a well-priced suv well suited to family trips and weekend getaways — a good fit for family-oriented drivers. Comes with air bags.",https://upload.wikimedia.org/wikipedia/commons/thumb/c/ce/Mitsubishi_Pajero_Mini_XR-I%2C_front_left.jpg/960px-Mitsubishi_Pajero_Mini_XR-I%2C_front_left.jpg?utm_source=commons.wikimedia.org&utm_campaign=imageinfo&utm_content=thumbnail
Santro,Hyundai,2008,46000,203014,Gasoline,Manual,Hatchback,foreign_used,5,White,Premium Audio; Immobilizer Key; Power Locks; Power Mirrors; Power Steering; Power Windows,"2008 Hyundai Santro (foreign used), a budget-friendly hatchback well suited to quick city runs and easy parking — a good fit for budget-conscious buyers. Comes with premium audio.",https://upload.wikimedia.org/wikipedia/commons/9/98/2001_Hyundai_Santro.jpg?utm_source=commons.wikimedia.org&utm_campaign=imageinfo&utm_content=thumbnail_unscaled
City Vario,Honda,2007,116500,131000,Gasoline,Automatic,Sedan,foreign_used,5,Gray,ABS; Premium Audio; Keyless Entry; Power Locks; Power Mirrors; Power Steering; Power Windows; Backup Camera,"2007 Honda City Vario (foreign used), a well-priced sedan well suited to daily commuting and city driving — a good fit for urban professionals. Comes with ABS.",https://upload.wikimedia.org/wikipedia/commons/thumb/4/49/Honda_Scoopy_in_different_generations_-_Jambi_City%2C_JA_02.jpg/960px-Honda_Scoopy_in_different_generations_-_Jambi_City%2C_JA_02.jpg?utm_source=commons.wikimedia.org&utm_campaign=imageinfo&utm_content=thumbnail
Cultus VXR,Suzuki,2022,91000,49000,Gasoline,Manual,Hatchback,foreign_used,5,White,Air Bags; Premium Audio; Immobilizer Key; Power Locks; Power Mirrors; Power Steering; Power Windows,"2022 Suzuki Cultus VXR (foreign used), a well-priced hatchback well suited to quick city runs and easy parking — a good fit for budget-conscious buyers. Comes with air bags.",
City IDSI,Honda,2017,171500,82000,Gasoline,Automatic,Sedan,local_used,5,Silver,ABS; Premium Audio; Keyless Entry; Navigation; Power Locks; Power Mirrors; Power Steering; Power Windows; Backup Camera,"2017 Honda City IDSI (locally used), a well-priced sedan well suited to daily commuting and city driving — a good fit for urban professionals. Comes with ABS.",https://upload.wikimedia.org/wikipedia/commons/thumb/3/31/Honda_City_1.5_iDSI_2008.jpg/960px-Honda_City_1.5_iDSI_2008.jpg?utm_source=commons.wikimedia.org&utm_campaign=imageinfo&utm_content=thumbnail
Lancer,Mitsubishi,2012,160500,10000,Gasoline,Automatic,Sedan,foreign_used,5,Red,Air Bags; Premium Audio; Keyless Entry; Power Locks; Power Mirrors; Power Steering; Power Windows,"2012 Mitsubishi Lancer (foreign used), a well-priced sedan well suited to daily commuting and city driving — a good fit for urban professionals. Comes with air bags.",https://upload.wikimedia.org/wikipedia/commons/thumb/6/6e/12-15_Mitsubishi_Lancer_GT_sedan.jpg/960px-12-15_Mitsubishi_Lancer_GT_sedan.jpg?utm_source=commons.wikimedia.org&utm_campaign=imageinfo&utm_content=thumbnail
V2,FAW,2014,67000,181000,Gasoline,Manual,Hatchback,foreign_used,5,Silver,ABS; Air Bags; Premium Audio; Immobilizer Key; Power Locks; Power Mirrors; Power Steering; Power Windows,"2014 FAW V2 (foreign used), a well-priced hatchback well suited to quick city runs and easy parking — a good fit for budget-conscious buyers. Comes with ABS.",https://upload.wikimedia.org/wikipedia/commons/thumb/e/ec/FAW_V2_1.3_Deluxe_2014_%2811214367223%29.jpg/960px-FAW_V2_1.3_Deluxe_2014_%2811214367223%29.jpg?utm_source=commons.wikimedia.org&utm_campaign=imageinfo&utm_content=thumbnail
Every,Suzuki,2012,218500,118000,Gasoline,Automatic,Wagon,local_used,5,Black,ABS; Air Bags; Premium Audio; Heated Seats; Backup Camera; Immobilizer Key; Keyless Entry; Navigation; Power Steering,"2012 Suzuki Every (locally used), a well-priced wagon well suited to family trips with plenty of cargo room — a good fit for family-oriented drivers. Comes with ABS.",https://upload.wikimedia.org/wikipedia/commons/thumb/8/84/Suzuki_e_Every_Concept.jpg/960px-Suzuki_e_Every_Concept.jpg?utm_source=commons.wikimedia.org&utm_campaign=imageinfo&utm_content=thumbnail
Every,Suzuki,2017,262000,120506,Gasoline,Automatic,Wagon,foreign_used,5,Gray,ABS; Air Bags; Premium Audio; Power Locks; Power Mirrors; Power Steering; Power Windows; Backup Camera,"2017 Suzuki Every (foreign used), a well-priced wagon well suited to family trips with plenty of cargo room — a good fit for family-oriented drivers. Comes with ABS.",https://upload.wikimedia.org/wikipedia/commons/thumb/e/ec/Osaka_Auto_Messe_2017_%2838%29_-_Suzuki_EVERY_WAGON_%28DA17W%29_tuned_by_REIZ_HIGH_QUALITY_CUSTOM_PARTS.jpg/960px-Osaka_Auto_Messe_2017_%2838%29_-_Suzuki_EVERY_WAGON_%28DA17W%29_tuned_by_REIZ_HIGH_QUALITY_CUSTOM_PARTS.jpg?utm_source=commons.wikimedia.org&utm_campaign=imageinfo&utm_content=thumbnail
Terios Kid,Daihatsu,2016,242500,120000,Gasoline,Automatic,SUV,foreign_used,7,Black,ABS; Air Bags; Premium Audio; Heated Seats; Immobilizer Key; Power Locks; Power Mirrors; Power Steering; Power Windows,"2016 Daihatsu Terios Kid (foreign used), a well-priced suv well suited to family trips and weekend getaways — a good fit for family-oriented drivers. Comes with ABS.",https://upload.wikimedia.org/wikipedia/commons/thumb/5/5c/Daihatsu_Terios_Kid.jpg/960px-Daihatsu_Terios_Kid.jpg?utm_source=commons.wikimedia.org&utm_campaign=imageinfo&utm_content=thumbnail
City Aspire,Honda,2001,149500,15000,Gasoline,Manual,Sedan,foreign_used,5,Silver,Air Bags; Premium Audio; Keyless Entry; Power Locks; Power Mirrors; Power Steering; Power Windows,"2001 Honda City Aspire (foreign used), a well-priced sedan well suited to daily commuting and city driving — a good fit for urban professionals. Comes with air bags.",https://upload.wikimedia.org/wikipedia/commons/thumb/f/f4/HCA_interior.JPG/960px-HCA_interior.JPG?utm_source=commons.wikimedia.org&utm_campaign=imageinfo&utm_content=thumbnail
Spectra,KIA,2001,238000,1234,Gasoline,Manual,Sedan,foreign_used,5,Red,Premium Audio; Immobilizer Key; Navigation; Power Locks; Power Mirrors; Power Steering; Power Windows,"2001 KIA Spectra (foreign used), a premium sedan well suited to daily commuting and city driving — a good fit for urban professionals. Comes with premium audio. A solid pick for luxury lovers who want a standout badge.",https://upload.wikimedia.org/wikipedia/commons/thumb/b/b2/1st-Kia-Spectra-sedan.jpg/960px-1st-Kia-Spectra-sedan.jpg?utm_source=commons.wikimedia.org&utm_campaign=imageinfo&utm_content=thumbnail
Every,Suzuki,2023,289000,99500,Gasoline,Manual,Wagon,local_used,5,Black,Air Bags; Premium Audio; Keyless Entry; Power Locks; Power Steering; Power Windows,"2023 Suzuki Every (locally used), a well-priced wagon well suited to family trips with plenty of cargo room — a good fit for family-oriented drivers. Comes with air bags.",https://upload.wikimedia.org/wikipedia/commons/thumb/1/1b/2023_DAMD_Suzuki_Every_Wagon_Little_D_in_Dark_Green_Metallic%2C_rear_left.jpg/960px-2023_DAMD_Suzuki_Every_Wagon_Little_D_in_Dark_Green_Metallic%2C_rear_left.jpg?utm_source=commons.wikimedia.org&utm_campaign=imageinfo&utm_content=thumbnail
Corolla XLI,Toyota,2004,150000,2456,Gasoline,Manual,Sedan,local_used,5,Yellow,Premium Audio; Immobilizer Key; Keyless Entry; Navigation; Power Mirrors; Power Steering; Backup Camera,"2004 Toyota Corolla XLI (locally used), a well-priced sedan well suited to daily commuting and city driving — a good fit for urban professionals. Comes with premium audio.",https://upload.wikimedia.org/wikipedia/commons/thumb/9/9d/Toyota_Corolla_XLi_%2853239147721%29.jpg/960px-Toyota_Corolla_XLi_%2853239147721%29.jpg?utm_source=commons.wikimedia.org&utm_campaign=imageinfo&utm_content=thumbnail
Cultus VXR,Suzuki,2006,66000,125000,Gasoline,Manual,Hatchback,foreign_used,5,Red,Premium Audio; Keyless Entry; Power Locks; Power Mirrors; Power Windows; Backup Camera,"2006 Suzuki Cultus VXR (foreign used), a well-priced hatchback well suited to quick city runs and easy parking — a good fit for budget-conscious buyers. Comes with premium audio.",
City IDSI,Honda,2002,90500,250000,Gasoline,Manual,Sedan,foreign_used,5,White,Premium Audio; Navigation; Power Locks; Power Mirrors; Power Steering; Power Windows; Backup Camera,"2002 Honda City IDSI (foreign used), a budget-friendly sedan well suited to daily commuting and city driving — a good fit for urban professionals. Comes with premium audio.",https://upload.wikimedia.org/wikipedia/commons/thumb/3/31/Honda_City_1.5_iDSI_2008.jpg/960px-Honda_City_1.5_iDSI_2008.jpg?utm_source=commons.wikimedia.org&utm_campaign=imageinfo&utm_content=thumbnail
Ek Wagon,Mitsubishi,2011,228500,140000,Gasoline,Manual,Wagon,foreign_used,5,White,Air Bags; Premium Audio; Power Locks; Power Mirrors; Power Steering; Power Windows; Backup Camera,"2011 Mitsubishi Ek Wagon (foreign used), a well-priced wagon well suited to family trips with plenty of cargo room — a good fit for family-oriented drivers. Comes with air bags.",https://upload.wikimedia.org/wikipedia/commons/thumb/d/d4/Mitsubishi_ek_%E3%83%BBWagon_-_ja-a.jpg/960px-Mitsubishi_ek_%E3%83%BBWagon_-_ja-a.jpg?utm_source=commons.wikimedia.org&utm_campaign=imageinfo&utm_content=thumbnail
Joy,Chevrolet,2008,89000,12345,Gasoline,Automatic,Hatchback,foreign_used,5,White,ABS; Premium Audio; Keyless Entry; Power Locks; Power Steering; Power Windows,"2008 Chevrolet Joy (foreign used), a well-priced hatchback well suited to quick city runs and easy parking — a good fit for budget-conscious buyers. Comes with ABS.",https://upload.wikimedia.org/wikipedia/commons/thumb/6/64/Chevrolet_Joy_2018.png/960px-Chevrolet_Joy_2018.png?utm_source=commons.wikimedia.org&utm_campaign=imageinfo&utm_content=thumbnail
Hijet,Daihatsu,2008,314000,1000,Gasoline,Automatic,Truck,foreign_used,2,White,ABS; Air Bags; Premium Audio; Power Steering; Backup Camera,"2008 Daihatsu Hijet (foreign used), a well-priced truck well suited to hauling and rough roads — a good fit for adventure seekers. Comes with ABS.",https://upload.wikimedia.org/wikipedia/commons/thumb/3/38/Daihatsu_Hijet_truck_of_Sapporo_Streetcar_20080611.jpg/960px-Daihatsu_Hijet_truck_of_Sapporo_Streetcar_20080611.jpg?utm_source=commons.wikimedia.org&utm_campaign=imageinfo&utm_content=thumbnail
Santro,Hyundai,2003,79000,1234,Gasoline,Manual,Hatchback,local_used,5,White,Premium Audio; Keyless Entry; Power Locks; Power Steering,"2003 Hyundai Santro (locally used), a well-priced hatchback well suited to quick city runs and easy parking — a good fit for budget-conscious buyers. Comes with premium audio.",https://upload.wikimedia.org/wikipedia/commons/thumb/3/3f/Hyundai_Santro_Xing_2011.jpg/960px-Hyundai_Santro_Xing_2011.jpg?utm_source=commons.wikimedia.org&utm_campaign=imageinfo&utm_content=thumbnail
Hijet,Daihatsu,2014,190500,156000,Gasoline,Manual,Truck,foreign_used,2,Gray,ABS; Air Bags; Premium Audio; Power Locks; Power Steering; Backup Camera,"2014 Daihatsu Hijet (foreign used), a budget-friendly truck well suited to hauling and rough roads — a good fit for adventure seekers. Comes with ABS.",https://upload.wikimedia.org/wikipedia/commons/thumb/c/cf/Daihatsu_Hijet-truck_standard_510P.JPG/960px-Daihatsu_Hijet-truck_standard_510P.JPG?utm_source=commons.wikimedia.org&utm_campaign=imageinfo&utm_content=thumbnail
Every,Suzuki,2019,225500,180000,Gasoline,Automatic,Wagon,local_used,5,White,ABS; Air Bags; Premium Audio; Immobilizer Key; Keyless Entry; Power Locks; Power Mirrors; Power Steering; Power Windows; Backup Camera,"2019 Suzuki Every (locally used), a well-priced wagon well suited to family trips with plenty of cargo room — a good fit for family-oriented drivers. Comes with ABS.",https://upload.wikimedia.org/wikipedia/commons/thumb/9/91/The_rearview_of_Suzuki_EVERY_WAGON_PZ_Turbo_%28ABA-PA17W%29_tuned_by_plusline.jpg/960px-The_rearview_of_Suzuki_EVERY_WAGON_PZ_Turbo_%28ABA-PA17W%29_tuned_by_plusline.jpg?utm_source=commons.wikimedia.org&utm_campaign=imageinfo&utm_content=thumbnail
City IVTEC,Honda,2003,138500,99000,Gasoline,Automatic,Sedan,foreign_used,5,Black,Air Bags; Premium Audio; Immobilizer Key; Power Locks; Power Mirrors; Power Steering; Power Windows,"2003 Honda City IVTEC (foreign used), a well-priced sedan well suited to daily commuting and city driving — a good fit for urban professionals. Comes with air bags.",https://upload.wikimedia.org/wikipedia/commons/thumb/0/02/Steering_Wheel_of_Honda_City_7th_Generation_%285th_Generation_Sedan%29_iVTEC_2022.jpg/960px-Steering_Wheel_of_Honda_City_7th_Generation_%285th_Generation_Sedan%29_iVTEC_2022.jpg?utm_source=commons.wikimedia.org&utm_campaign=imageinfo&utm_content=thumbnail
Corolla XLI,Toyota,2020,177000,48000,Gasoline,Automatic,Sedan,foreign_used,5,Blue,Air Bags; Premium Audio; Heated Seats; Immobilizer Key; Power Mirrors; Power Steering; Power Windows; Backup Camera,"2020 Toyota Corolla XLI (foreign used), a well-priced sedan well suited to daily commuting and city driving — a good fit for urban professionals. Comes with air bags.",https://upload.wikimedia.org/wikipedia/commons/thumb/a/af/Toyota_Corolla_XLi_1999_%2850315358883%29.jpg/960px-Toyota_Corolla_XLi_1999_%2850315358883%29.jpg?utm_source=commons.wikimedia.org&utm_campaign=imageinfo&utm_content=thumbnail
Pajero Mini,Mitsubishi,2006,247500,12345,Gasoline,Automatic,SUV,foreign_used,7,White,Premium Audio; Power Locks; Power Mirrors; Power Steering; Power Windows; Backup Camera,"2006 Mitsubishi Pajero Mini (foreign used), a well-priced suv well suited to family trips and weekend getaways — a good fit for family-oriented drivers. Comes with premium audio.",https://upload.wikimedia.org/wikipedia/commons/thumb/c/ce/Mitsubishi_Pajero_Mini_XR-I%2C_front_left.jpg/960px-Mitsubishi_Pajero_Mini_XR-I%2C_front_left.jpg?utm_source=commons.wikimedia.org&utm_campaign=imageinfo&utm_content=thumbnail
Passo,Toyota,2023,100000,35000,Gasoline,Automatic,Hatchback,local_used,5,Blue,ABS; Air Bags; Premium Audio; Immobilizer Key; Power Locks; Power Mirrors; Power Steering; Power Windows; Backup Camera,"2023 Toyota Passo (locally used), a well-priced hatchback well suited to quick city runs and easy parking — a good fit for budget-conscious buyers. Comes with ABS.",https://upload.wikimedia.org/wikipedia/commons/thumb/4/42/2018-2023_Toyota_Passo_Moda.jpg/960px-2018-2023_Toyota_Passo_Moda.jpg?utm_source=commons.wikimedia.org&utm_campaign=imageinfo&utm_content=thumbnail
Classic,KIA,2004,201000,100000,Gasoline,Manual,Sedan,local_used,5,Black,Premium Audio; Immobilizer Key; Keyless Entry; Power Locks; Power Mirrors; Power Windows,"2004 KIA Classic (locally used), a premium sedan well suited to daily commuting and city driving — a good fit for urban professionals. Comes with premium audio. A solid pick for luxury lovers who want a standout badge.",https://upload.wikimedia.org/wikipedia/commons/thumb/b/bb/%2705-%2708_Kia_Sportage_LX_4WD_%28Byward_Auto_Classic%29.jpg/960px-%2705-%2708_Kia_Sportage_LX_4WD_%28Byward_Auto_Classic%29.jpg?utm_source=commons.wikimedia.org&utm_campaign=imageinfo&utm_content=thumbnail
City IDSI,Honda,2009,95500,179000,Gasoline,Manual,Sedan,local_used,5,White,Premium Audio; Immobilizer Key; Power Locks; Power Mirrors; Power Steering; Power Windows; Backup Camera,"2009 Honda City IDSI (locally used), a budget-friendly sedan well suited to daily commuting and city driving — a good fit for urban professionals. Comes with premium audio.",https://upload.wikimedia.org/wikipedia/commons/thumb/3/31/Honda_City_1.5_iDSI_2008.jpg/960px-Honda_City_1.5_iDSI_2008.jpg?utm_source=commons.wikimedia.org&utm_campaign=imageinfo&utm_content=thumbnail
Corolla GLI,Toyota,2007,87500,277000,Gasoline,Manual,Sedan,foreign_used,5,Gray,ABS; Premium Audio; Power Mirrors; Power Steering; Power Windows; Backup Camera,"2007 Toyota Corolla GLI (foreign used), a budget-friendly sedan well suited to daily commuting and city driving — a good fit for urban professionals. Comes with ABS.",https://upload.wikimedia.org/wikipedia/commons/thumb/8/85/1993-1995_Toyota_Corolla_1.6_GLi_01.jpg/960px-1993-1995_Toyota_Corolla_1.6_GLi_01.jpg?utm_source=commons.wikimedia.org&utm_campaign=imageinfo&utm_content=thumbnail
V2,FAW,2020,108000,52000,Gasoline,Manual,Hatchback,foreign_used,5,Silver,ABS; Air Bags; Premium Audio; Immobilizer Key; Power Locks; Power Mirrors; Power Steering; Power Windows,"2020 FAW V2 (foreign used), a well-priced hatchback well suited to quick city runs and easy parking — a good fit for budget-conscious buyers. Comes with ABS.",https://upload.wikimedia.org/wikipedia/commons/thumb/b/ba/FAW_V2_hatch_-_2012_Montevideo_Motor_Show.jpg/960px-FAW_V2_hatch_-_2012_Montevideo_Motor_Show.jpg?utm_source=commons.wikimedia.org&utm_campaign=imageinfo&utm_content=thumbnail
Bolan,Suzuki,2016,171500,500000,Gasoline,Manual,Wagon,local_used,5,Blue,Premium Audio; Keyless Entry; Navigation,"2016 Suzuki Bolan (locally used), a budget-friendly wagon well suited to family trips with plenty of cargo room — a good fit for family-oriented drivers. Comes with premium audio.",https://upload.wikimedia.org/wikipedia/commons/thumb/6/6a/2009-2012_Suzuki_Carry_DA63T.jpg/960px-2009-2012_Suzuki_Carry_DA63T.jpg?utm_source=commons.wikimedia.org&utm_campaign=imageinfo&utm_content=thumbnail
V2,FAW,2021,111000,37000,Gasoline,Manual,Hatchback,foreign_used,5,Gray,ABS; Air Bags; Premium Audio; Heated Seats; Keyless Entry; Power Locks; Power Mirrors; Power Steering,"2021 FAW V2 (foreign used), a premium hatchback well suited to quick city runs and easy parking — a good fit for budget-conscious buyers. Comes with ABS.",https://upload.wikimedia.org/wikipedia/commons/thumb/b/ba/FAW_V2_hatch_-_2012_Montevideo_Motor_Show.jpg/960px-FAW_V2_hatch_-_2012_Montevideo_Motor_Show.jpg?utm_source=commons.wikimedia.org&utm_campaign=imageinfo&utm_content=thumbnail
Cuore,Daihatsu,2007,50000,229321,Gasoline,Manual,Hatchback,foreign_used,5,Blue,Premium Audio; Heated Seats; Backup Camera; Power Steering,"2007 Daihatsu Cuore (foreign used), a budget-friendly hatchback well suited to quick city runs and easy parking — a good fit for budget-conscious buyers. Comes with premium audio.",https://upload.wikimedia.org/wikipedia/commons/thumb/d/df/Daihatsu_Cuore_1.JPG/960px-Daihatsu_Cuore_1.JPG?utm_source=commons.wikimedia.org&utm_campaign=imageinfo&utm_content=thumbnail
Lancer,Mitsubishi,2011,199500,20000,Gasoline,Automatic,Sedan,foreign_used,5,Black,Air Bags; Premium Audio; Keyless Entry; Power Locks; Power Mirrors; Power Steering; Power Windows,"2011 Mitsubishi Lancer (foreign used), a premium sedan well suited to daily commuting and city driving — a good fit for urban professionals. Comes with air bags.",https://upload.wikimedia.org/wikipedia/commons/thumb/5/5a/2011_Mitsubishi_Lancer_Ralliart_sedan_--_06-30-2011.jpg/960px-2011_Mitsubishi_Lancer_Ralliart_sedan_--_06-30-2011.jpg?utm_source=commons.wikimedia.org&utm_campaign=imageinfo&utm_content=thumbnail
Lancer,Mitsubishi,2014,121500,150000,Gasoline,Automatic,Sedan,local_used,5,White,ABS; Air Bags; Premium Audio; Heated Seats; Navigation; Power Locks; Power Mirrors; Power Steering; Power Windows,"2014 Mitsubishi Lancer (locally used), a well-priced sedan well suited to daily commuting and city driving — a good fit for urban professionals. Comes with ABS.",https://upload.wikimedia.org/wikipedia/commons/thumb/2/25/1994_Mitsubishi_Lancer_%28CC%29_GSR_sedan_%2814408785117%29.jpg/960px-1994_Mitsubishi_Lancer_%28CC%29_GSR_sedan_%2814408785117%29.jpg?utm_source=commons.wikimedia.org&utm_campaign=imageinfo&utm_content=thumbnail
Pajero Mini,Mitsubishi,2005,188500,80000,Gasoline,Automatic,SUV,local_used,7,Gray,Premium Audio; Navigation; Power Locks; Power Mirrors; Power Windows,"2005 Mitsubishi Pajero Mini (locally used), a well-priced suv well suited to family trips and weekend getaways — a good fit for family-oriented drivers. Comes with premium audio.",https://upload.wikimedia.org/wikipedia/commons/thumb/7/74/2003-2005_Mitsubishi_Pajero_Mini_rear.jpg/960px-2003-2005_Mitsubishi_Pajero_Mini_rear.jpg?utm_source=commons.wikimedia.org&utm_campaign=imageinfo&utm_content=thumbnail
Picanto,KIA,2023,167000,8400,Gasoline,Automatic,Hatchback,foreign_used,5,Blue,ABS; Air Bags; Immobilizer Key; Power Locks; Power Mirrors; Power Steering; Power Windows,"2023 KIA Picanto (foreign used), a premium hatchback well suited to quick city runs and easy parking — a good fit for budget-conscious buyers. Comes with ABS. A solid pick for luxury lovers who want a standout badge.",https://upload.wikimedia.org/wikipedia/commons/thumb/d/d1/2023_Kia_Picanto_1.jpg/960px-2023_Kia_Picanto_1.jpg?utm_source=commons.wikimedia.org&utm_campaign=imageinfo&utm_content=thumbnail
Mira,Daihatsu,2003,85500,32000,Gasoline,Automatic,Hatchback,local_used,5,Orange,ABS; Air Bags; Premium Audio; Keyless Entry; Power Locks; Power Mirrors; Power Steering; Power Windows; Backup Camera,"2003 Daihatsu Mira (locally used), a well-priced hatchback well suited to quick city runs and easy parking — a good fit for budget-conscious buyers. Comes with ABS.",https://upload.wikimedia.org/wikipedia/commons/thumb/d/dd/7th_generation_Daihatsu_Mira_01.jpg/960px-7th_generation_Daihatsu_Mira_01.jpg?utm_source=commons.wikimedia.org&utm_campaign=imageinfo&utm_content=thumbnail
Baleno,Suzuki,2002,54500,175000,Gasoline,Manual,Hatchback,local_used,5,Black,ABS; Premium Audio; Immobilizer Key; Power Locks; Power Mirrors; Power Steering; Power Windows,"2002 Suzuki Baleno (locally used), a budget-friendly hatchback well suited to quick city runs and easy parking — a good fit for budget-conscious buyers. Comes with ABS.",https://upload.wikimedia.org/wikipedia/commons/thumb/7/7e/Suzuki_Baleno%2C_Satoru_Gojo_Jujutsu_Kaisen.jpg/960px-Suzuki_Baleno%2C_Satoru_Gojo_Jujutsu_Kaisen.jpg?utm_source=commons.wikimedia.org&utm_campaign=imageinfo&utm_content=thumbnail
Every,Suzuki,2008,249000,75000,Gasoline,Manual,Wagon,foreign_used,5,Black,Air Bags; Keyless Entry; Power Locks; Power Mirrors; Power Steering; Power Windows; Backup Camera,"2008 Suzuki Every (foreign used), a well-priced wagon well suited to family trips with plenty of cargo room — a good fit for family-oriented drivers. Comes with air bags.",https://upload.wikimedia.org/wikipedia/commons/a/a5/Suzuki-Every_wagon-5th-rear.jpg?utm_source=commons.wikimedia.org&utm_campaign=imageinfo&utm_content=thumbnail_unscaled
Alto,Suzuki,2017,106000,48000,Gasoline,Automatic,Hatchback,foreign_used,5,Gray,ABS; Air Bags; Premium Audio; Power Locks; Power Steering; Power Windows; Backup Camera,"2017 Suzuki Alto (foreign used), a well-priced hatchback well suited to quick city runs and easy parking — a good fit for budget-conscious buyers. Comes with ABS.",https://upload.wikimedia.org/wikipedia/commons/thumb/b/b5/Suzuki_Alto_in_China.jpg/960px-Suzuki_Alto_in_China.jpg?utm_source=commons.wikimedia.org&utm_campaign=imageinfo&utm_content=thumbnail
Baleno,Suzuki,2001,76500,1111,Gasoline,Manual,Hatchback,local_used,5,Black,ABS; Premium Audio; Power Locks; Power Mirrors; Power Steering; Backup Camera,"2001 Suzuki Baleno (locally used), a well-priced hatchback well suited to quick city runs and easy parking — a good fit for budget-conscious buyers. Comes with ABS.",https://upload.wikimedia.org/wikipedia/commons/d/d0/1999-2001_Suzuki_Baleno_%28SY416%29_GL_hatchback_%2814504262355%29.jpg?utm_source=commons.wikimedia.org&utm_campaign=imageinfo&utm_content=thumbnail_unscaled
Alto,Suzuki,2010,65500,150000,Gasoline,Manual,Hatchback,foreign_used,5,Red,ABS; Air Bags; Premium Audio; Immobilizer Key; Power Locks; Power Steering; Power Windows,"2010 Suzuki Alto (foreign used), a well-priced hatchback well suited to quick city runs and easy parking — a good fit for budget-conscious buyers. Comes with ABS.",https://upload.wikimedia.org/wikipedia/commons/thumb/3/32/2010_Suzuki_Alto_%28GF%29_GL_hatchback_%282015-11-13%29_02.jpg/960px-2010_Suzuki_Alto_%28GF%29_GL_hatchback_%282015-11-13%29_02.jpg?utm_source=commons.wikimedia.org&utm_campaign=imageinfo&utm_content=thumbnail
Mehran VXR,Suzuki,2008,65000,80000,Gasoline,Manual,Hatchback,foreign_used,5,Blue,Premium Audio; Keyless Entry; Power Locks,"2008 Suzuki Mehran VXR (foreign used), a well-priced hatchback well suited to quick city runs and easy parking — a good fit for budget-conscious buyers. Comes with premium audio.",
Spectra,KIA,2003,197500,120000,Gasoline,Manual,Sedan,foreign_used,5,Black,Premium Audio; Power Locks; Power Mirrors; Power Steering; Power Windows,"2003 KIA Spectra (foreign used), a premium sedan well suited to daily commuting and city driving — a good fit for urban professionals. Comes with premium audio. A solid pick for luxury lovers who want a standout badge.",https://upload.wikimedia.org/wikipedia/commons/thumb/0/0d/Kia_Spectra_1.6_LS_2003_%2813332282105%29.jpg/960px-Kia_Spectra_1.6_LS_2003_%2813332282105%29.jpg?utm_source=commons.wikimedia.org&utm_campaign=imageinfo&utm_content=thumbnail
City IDSI,Honda,2001,131000,1234,Gasoline,Automatic,Sedan,local_used,5,Gray,Premium Audio; Keyless Entry; Power Locks; Power Mirrors; Power Steering; Power Windows,"2001 Honda City IDSI (locally used), a well-priced sedan well suited to daily commuting and city driving — a good fit for urban professionals. Comes with premium audio.",https://upload.wikimedia.org/wikipedia/commons/thumb/3/31/Honda_City_1.5_iDSI_2008.jpg/960px-Honda_City_1.5_iDSI_2008.jpg?utm_source=commons.wikimedia.org&utm_campaign=imageinfo&utm_content=thumbnail
Sportage,KIA,2005,383500,32712,Gasoline,Manual,SUV,local_used,7,Gray,Premium Audio; Power Locks; Power Mirrors; Power Steering; Power Windows,"2005 KIA Sportage (locally used), a premium suv well suited to family trips and weekend getaways — a good fit for family-oriented drivers. Comes with premium audio. A solid pick for luxury lovers who want a standout badge.",https://upload.wikimedia.org/wikipedia/commons/thumb/9/96/2005-08_Kia_Sportage_LX.JPG/960px-2005-08_Kia_Sportage_LX.JPG?utm_source=commons.wikimedia.org&utm_campaign=imageinfo&utm_content=thumbnail
Wagon R,Suzuki,2006,73000,100000,Gasoline,Automatic,Hatchback,local_used,5,White,ABS; Air Bags; Premium Audio; Navigation; Power Locks; Power Mirrors; Power Steering; Power Windows; Backup Camera,"2006 Suzuki Wagon R (locally used), a well-priced hatchback well suited to quick city runs and easy parking — a good fit for budget-conscious buyers. Comes with ABS.",https://upload.wikimedia.org/wikipedia/commons/thumb/5/56/Suzuki_Wagon_R_Plus_%28first_generation%29_IMG_6009.jpg/960px-Suzuki_Wagon_R_Plus_%28first_generation%29_IMG_6009.jpg?utm_source=commons.wikimedia.org&utm_campaign=imageinfo&utm_content=thumbnail
Every,Suzuki,2006,202500,148803,Gasoline,Manual,Wagon,foreign_used,5,Red,Air Bags; Premium Audio; Power Locks; Power Steering; Power Windows; Backup Camera,"2006 Suzuki Every (foreign used), a budget-friendly wagon well suited to family trips with plenty of cargo room — a good fit for family-oriented drivers. Comes with air bags.",https://upload.wikimedia.org/wikipedia/commons/thumb/8/84/Suzuki_e_Every_Concept.jpg/960px-Suzuki_e_Every_Concept.jpg?utm_source=commons.wikimedia.org&utm_campaign=imageinfo&utm_content=thumbnail
Corrolla Altis,Toyota,2005,114000,85000,Gasoline,Automatic,Sedan,local_used,5,Silver,ABS; Premium Audio; Immobilizer Key; Power Locks; Power Mirrors; Power Steering; Power Windows,"2005 Toyota Corrolla Altis (locally used), a well-priced sedan well suited to daily commuting and city driving — a good fit for urban professionals. Comes with ABS.",
Exclusive,Chevrolet,2003,67000,50000,Gasoline,Manual,Hatchback,local_used,5,Blue,Premium Audio; Immobilizer Key; Power Locks; Power Mirrors; Power Steering; Power Windows,"2003 Chevrolet Exclusive (locally used), a well-priced hatchback well suited to quick city runs and easy parking — a good fit for budget-conscious buyers. Comes with premium audio.",https://upload.wikimedia.org/wikipedia/commons/thumb/2/27/Chevrolet_Spark._Bukhara%2C_Uzbekistan.jpg/960px-Chevrolet_Spark._Bukhara%2C_Uzbekistan.jpg?utm_source=commons.wikimedia.org&utm_campaign=imageinfo&utm_content=thumbnail
Pajero Mini,Mitsubishi,2000,130500,150000,Gasoline,Automatic,SUV,foreign_used,7,Black,ABS; Air Bags; Premium Audio; Keyless Entry; Power Locks; Power Mirrors; Power Steering; Power Windows,"2000 Mitsubishi Pajero Mini (foreign used), a budget-friendly suv well suited to family trips and weekend getaways — a good fit for family-oriented drivers. Comes with ABS.",https://upload.wikimedia.org/wikipedia/commons/thumb/c/ce/Mitsubishi_Pajero_Mini_XR-I%2C_front_left.jpg/960px-Mitsubishi_Pajero_Mini_XR-I%2C_front_left.jpg?utm_source=commons.wikimedia.org&utm_campaign=imageinfo&utm_content=thumbnail
Hijet,Daihatsu,2018,280500,83000,Gasoline,Automatic,Truck,local_used,2,Red,ABS; Air Bags; Premium Audio; Immobilizer Key; Power Locks; Power Mirrors; Power Steering; Power Windows; Backup Camera,"2018 Daihatsu Hijet (locally used), a well-priced truck well suited to hauling and rough roads — a good fit for adventure seekers. Comes with ABS.",https://upload.wikimedia.org/wikipedia/commons/thumb/8/80/Osaka_Auto_Messe_2018_%28107%29_-_Daihatsu_HIJET_TRUCK_Jumbo_ACTIVE_Ver.jpg/960px-Osaka_Auto_Messe_2018_%28107%29_-_Daihatsu_HIJET_TRUCK_Jumbo_ACTIVE_Ver.jpg?utm_source=commons.wikimedia.org&utm_campaign=imageinfo&utm_content=thumbnail
City Aspire,Honda,2009,125000,90000,Gasoline,Automatic,Sedan,foreign_used,5,Black,ABS; Premium Audio; Power Locks; Power Mirrors; Power Steering; Power Windows; Backup Camera,"2009 Honda City Aspire (foreign used), a well-priced sedan well suited to daily commuting and city driving — a good fit for urban professionals. Comes with ABS.",https://upload.wikimedia.org/wikipedia/commons/thumb/f/f4/HCA_interior.JPG/960px-HCA_interior.JPG?utm_source=commons.wikimedia.org&utm_campaign=imageinfo&utm_content=thumbnail
Alto,Suzuki,2016,103000,63000,Gasoline,Automatic,Hatchback,foreign_used,5,White,ABS; Air Bags; Premium Audio; Heated Seats; Keyless Entry; Power Locks; Power Steering; Power Windows; Backup Camera,"2016 Suzuki Alto (foreign used), a well-priced hatchback well suited to quick city runs and easy parking — a good fit for budget-conscious buyers. Comes with ABS.",https://upload.wikimedia.org/wikipedia/commons/thumb/2/28/Suzuki_Alto_K10_GLX_2016.jpg/960px-Suzuki_Alto_K10_GLX_2016.jpg?utm_source=commons.wikimedia.org&utm_campaign=imageinfo&utm_content=thumbnail
Alto,Suzuki,2006,68500,98000,Gasoline,Manual,Hatchback,foreign_used,5,Red,ABS; Premium Audio; Keyless Entry; Power Locks; Power Steering; Power Windows,"2006 Suzuki Alto (foreign used), a well-priced hatchback well suited to quick city runs and easy parking — a good fit for budget-conscious buyers. Comes with ABS.",https://upload.wikimedia.org/wikipedia/commons/thumb/5/5e/2004-2006_Suzuki_Alto_rear.jpg/960px-2004-2006_Suzuki_Alto_rear.jpg?utm_source=commons.wikimedia.org&utm_campaign=imageinfo&utm_content=thumbnail
Cultus VXR,Suzuki,2019,97000,34000,Gasoline,Manual,Hatchback,foreign_used,5,White,Premium Audio; Immobilizer Key; Keyless Entry; Power Locks; Power Steering; Power Windows,"2019 Suzuki Cultus VXR (foreign used), a well-priced hatchback well suited to quick city runs and easy parking — a good fit for budget-conscious buyers. Comes with premium audio.",
Corolla GLI,Toyota,2021,190500,53000,Gasoline,Automatic,Sedan,foreign_used,5,Black,ABS; Air Bags; Premium Audio; Power Locks; Power Mirrors; Power Steering; Power Windows,"2021 Toyota Corolla GLI (foreign used), a well-priced sedan well suited to daily commuting and city driving — a good fit for urban professionals. Comes with ABS.",https://upload.wikimedia.org/wikipedia/commons/thumb/7/7f/Toyota_Corolla_GLi.jpg/960px-Toyota_Corolla_GLi.jpg?utm_source=commons.wikimedia.org&utm_campaign=imageinfo&utm_content=thumbnail
Cultus VXR,Suzuki,2005,71000,65000,Gasoline,Manual,Hatchback,foreign_used,5,Red,Premium Audio; Power Steering,"2005 Suzuki Cultus VXR (foreign used), a well-priced hatchback well suited to quick city runs and easy parking — a good fit for budget-conscious buyers. Comes with premium audio.",
Mira,Daihatsu,2004,61500,125000,Gasoline,Automatic,Hatchback,foreign_used,5,Red,Air Bags; Premium Audio; Keyless Entry; Navigation; Power Steering; Power Windows,"2004 Daihatsu Mira (foreign used), a well-priced hatchback well suited to quick city runs and easy parking — a good fit for budget-conscious buyers. Comes with air bags.",https://upload.wikimedia.org/wikipedia/commons/thumb/d/df/2002-2004_Daihatsu_Mira_rear.jpg/960px-2002-2004_Daihatsu_Mira_rear.jpg?utm_source=commons.wikimedia.org&utm_campaign=imageinfo&utm_content=thumbnail
Passo,Toyota,2004,63000,110000,Gasoline,Automatic,Hatchback,local_used,5,Silver,ABS; Air Bags; Premium Audio; Keyless Entry; Power Locks; Power Mirrors; Power Steering; Power Windows,"2004 Toyota Passo (locally used), a well-priced hatchback well suited to quick city runs and easy parking — a good fit for budget-conscious buyers. Comes with ABS.",https://upload.wikimedia.org/wikipedia/commons/thumb/2/27/2004-2006_Toyota_Passo_02.jpg/960px-2004-2006_Toyota_Passo_02.jpg?utm_source=commons.wikimedia.org&utm_campaign=imageinfo&utm_content=thumbnail
Cultus VXR,Suzuki,2016,98000,80000,Gasoline,Manual,Hatchback,foreign_used,5,Silver,Premium Audio; Immobilizer Key; Keyless Entry; Power Locks,"2016 Suzuki Cultus VXR (foreign used), a well-priced hatchback well suited to quick city runs and easy parking — a good fit for budget-conscious buyers. Comes with premium audio.",
Every,Suzuki,2011,306000,10000,Gasoline,Manual,Wagon,foreign_used,5,Black,Air Bags; Premium Audio; Immobilizer Key; Keyless Entry; Power Locks; Power Steering,"2011 Suzuki Every (foreign used), a well-priced wagon well suited to family trips with plenty of cargo room — a good fit for family-oriented drivers. Comes with air bags.",https://upload.wikimedia.org/wikipedia/commons/thumb/b/b5/Difference_between_EVERY_WAGON_and_EVERY_VAN.jpg/960px-Difference_between_EVERY_WAGON_and_EVERY_VAN.jpg?utm_source=commons.wikimedia.org&utm_campaign=imageinfo&utm_content=thumbnail
Alto,Suzuki,2003,55000,185000,Gasoline,Manual,Hatchback,foreign_used,5,Black,Premium Audio; Backup Camera; Power Locks,"2003 Suzuki Alto (foreign used), a budget-friendly hatchback well suited to quick city runs and easy parking — a good fit for budget-conscious buyers. Comes with premium audio.",https://upload.wikimedia.org/wikipedia/commons/thumb/8/86/Suzuki_Alto_GLS_-_Flickr_-_mick_-_Lumix.jpg/960px-Suzuki_Alto_GLS_-_Flickr_-_mick_-_Lumix.jpg?utm_source=commons.wikimedia.org&utm_campaign=imageinfo&utm_content=thumbnail
Every,Suzuki,2020,373500,40000,Gasoline,Manual,Wagon,local_used,5,Black,ABS; Air Bags; Premium Audio; Power Locks; Power Steering; Power Windows; Backup Camera,"2020 Suzuki Every (locally used), a well-priced wagon well suited to family trips with plenty of cargo room — a good fit for family-oriented drivers. Comes with ABS.",https://upload.wikimedia.org/wikipedia/commons/thumb/4/4c/The_frontview_of_Suzuki_EVERY_WAGON_%28ABA-DA64W%29_tuned_by_Calstage.jpg/960px-The_frontview_of_Suzuki_EVERY_WAGON_%28ABA-DA64W%29_tuned_by_Calstage.jpg?utm_source=commons.wikimedia.org&utm_campaign=imageinfo&utm_content=thumbnail
X-PV,FAW,2017,59000,183000,Gasoline,Manual,Hatchback,foreign_used,5,Gray,Premium Audio,"2017 FAW X-PV (foreign used), a well-priced hatchback well suited to quick city runs and easy parking — a good fit for budget-conscious buyers. Comes with premium audio.",https://upload.wikimedia.org/wikipedia/commons/6/6b/G_Kim_Wincup_1.jpg?utm_source=commons.wikimedia.org&utm_campaign=imageinfo&utm_content=thumbnail_unscaled
City IDSI,Honda,2010,151500,120000,Gasoline,Manual,Sedan,foreign_used,5,Gray,Premium Audio; Power Locks; Power Mirrors; Power Steering; Power Windows; Backup Camera,"2010 Honda City IDSI (foreign used), a well-priced sedan well suited to daily commuting and city driving — a good fit for urban professionals. Comes with premium audio.",https://upload.wikimedia.org/wikipedia/commons/thumb/3/31/Honda_City_1.5_iDSI_2008.jpg/960px-Honda_City_1.5_iDSI_2008.jpg?utm_source=commons.wikimedia.org&utm_campaign=imageinfo&utm_content=thumbnail
Altis Grande,Toyota,2011,138000,71800,Gasoline,Automatic,Sedan,local_used,5,Blue,ABS; Air Bags; Premium Audio; Keyless Entry; Power Locks; Power Mirrors; Power Windows,"2011 Toyota Altis Grande (locally used), a well-priced sedan well suited to daily commuting and city driving — a good fit for urban professionals. Comes with ABS.",https://upload.wikimedia.org/wikipedia/commons/thumb/f/f3/2015_Altis_Grande.jpg/960px-2015_Altis_Grande.jpg?utm_source=commons.wikimedia.org&utm_campaign=imageinfo&utm_content=thumbnail
Cervo,Suzuki,2007,78000,88000,Gasoline,Automatic,Hatchback,foreign_used,5,Blue,ABS; Air Bags; Premium Audio; Power Locks; Power Mirrors; Power Steering; Power Windows,"2007 Suzuki Cervo (foreign used), a well-priced hatchback well suited to quick city runs and easy parking — a good fit for budget-conscious buyers. Comes with ABS.",https://upload.wikimedia.org/wikipedia/commons/thumb/b/b0/2007_Suzuki_Cervo_01.JPG/960px-2007_Suzuki_Cervo_01.JPG?utm_source=commons.wikimedia.org&utm_campaign=imageinfo&utm_content=thumbnail
Terios Kid,Daihatsu,2005,206000,41816,Gasoline,Automatic,SUV,foreign_used,7,White,Air Bags; Premium Audio; Keyless Entry; Power Locks; Power Mirrors; Power Steering; Power Windows,"2005 Daihatsu Terios Kid (foreign used), a well-priced suv well suited to family trips and weekend getaways — a good fit for family-oriented drivers. Comes with air bags.",https://upload.wikimedia.org/wikipedia/commons/thumb/5/5c/Daihatsu_Terios_Kid.jpg/960px-Daihatsu_Terios_Kid.jpg?utm_source=commons.wikimedia.org&utm_campaign=imageinfo&utm_content=thumbnail
Civic EXi,Honda,2002,97000,195000,Gasoline,Automatic,Sedan,foreign_used,5,Silver,ABS; Air Bags; Premium Audio; Navigation; Power Locks; Power Mirrors; Power Steering; Power Windows,"2002 Honda Civic EXi (foreign used), a budget-friendly sedan well suited to daily commuting and city driving — a good fit for urban professionals. Comes with ABS.",https://upload.wikimedia.org/wikipedia/commons/thumb/8/86/Honda_Civic_EXI_1994.jpg/960px-Honda_Civic_EXI_1994.jpg?utm_source=commons.wikimedia.org&utm_campaign=imageinfo&utm_content=thumbnail
City Aspire,Honda,2010,136500,148000,Gasoline,Manual,Sedan,local_used,5,White,ABS; Premium Audio; Navigation; Power Locks; Power Mirrors; Power Steering; Power Windows; Backup Camera,"2010 Honda City Aspire (locally used), a well-priced sedan well suited to daily commuting and city driving — a good fit for urban professionals. Comes with ABS.",https://upload.wikimedia.org/wikipedia/commons/thumb/f/f4/HCA_interior.JPG/960px-HCA_interior.JPG?utm_source=commons.wikimedia.org&utm_campaign=imageinfo&utm_content=thumbnail
Move,Daihatsu,2010,89000,60000,Gasoline,Automatic,Hatchback,foreign_used,5,Silver,ABS; Air Bags; Premium Audio; Power Locks; Power Mirrors; Power Steering; Power Windows; Backup Camera,"2010 Daihatsu Move (foreign used), a well-priced hatchback well suited to quick city runs and easy parking — a good fit for budget-conscious buyers. Comes with ABS.",https://upload.wikimedia.org/wikipedia/commons/thumb/c/c4/Daihatsu_Move_Latte_RS.jpg/960px-Daihatsu_Move_Latte_RS.jpg?utm_source=commons.wikimedia.org&utm_campaign=imageinfo&utm_content=thumbnail
Bolan,Suzuki,2014,305500,70515,Gasoline,Manual,Wagon,local_used,5,Black,Premium Audio,"2014 Suzuki Bolan (locally used), a well-priced wagon well suited to family trips with plenty of cargo room — a good fit for family-oriented drivers. Comes with premium audio.",https://upload.wikimedia.org/wikipedia/commons/thumb/6/6a/2009-2012_Suzuki_Carry_DA63T.jpg/960px-2009-2012_Suzuki_Carry_DA63T.jpg?utm_source=commons.wikimedia.org&utm_campaign=imageinfo&utm_content=thumbnail
Cultus VXR,Suzuki,2014,74500,99999,Gasoline,Manual,Hatchback,foreign_used,5,Red,ABS; Premium Audio; Immobilizer Key; Power Locks; Power Steering; Power Windows,"2014 Suzuki Cultus VXR (foreign used), a well-priced hatchback well suited to quick city runs and easy parking — a good fit for budget-conscious buyers. Comes with ABS.",
Cuore,Daihatsu,2011,81500,12345,Gasoline,Manual,Hatchback,local_used,5,Black,Premium Audio; Keyless Entry; Power Locks; Power Steering,"2011 Daihatsu Cuore (locally used), a well-priced hatchback well suited to quick city runs and easy parking — a good fit for budget-conscious buyers. Comes with premium audio.",https://upload.wikimedia.org/wikipedia/commons/thumb/3/34/2002_Daihatsu_Cuore_%28L701%29_3-door_hatchback_%282011-10-21%29.jpg/960px-2002_Daihatsu_Cuore_%28L701%29_3-door_hatchback_%282011-10-21%29.jpg?utm_source=commons.wikimedia.org&utm_campaign=imageinfo&utm_content=thumbnail
Cuore,Daihatsu,2005,69000,70000,Gasoline,Manual,Hatchback,local_used,5,White,ABS; Premium Audio; Power Windows,"2005 Daihatsu Cuore (locally used), a well-priced hatchback well suited to quick city runs and easy parking — a good fit for budget-conscious buyers. Comes with ABS.",https://upload.wikimedia.org/wikipedia/commons/thumb/6/63/Daihatsu_Cuore_2005.jpg/960px-Daihatsu_Cuore_2005.jpg?utm_source=commons.wikimedia.org&utm_campaign=imageinfo&utm_content=thumbnail
Cuore,Daihatsu,2012,46000,240000,Gasoline,Manual,Hatchback,local_used,5,White,Premium Audio; Keyless Entry; Power Locks; Backup Camera,"2012 Daihatsu Cuore (locally used), a budget-friendly hatchback well suited to quick city runs and easy parking — a good fit for budget-conscious buyers. Comes with premium audio.",https://upload.wikimedia.org/wikipedia/commons/thumb/4/4e/Daihatsu_Cuore_2.jpg/960px-Daihatsu_Cuore_2.jpg?utm_source=commons.wikimedia.org&utm_campaign=imageinfo&utm_content=thumbnail
Lancer,Mitsubishi,2008,129500,135823,Gasoline,Manual,Sedan,foreign_used,5,Gray,ABS; Air Bags; Premium Audio; Keyless Entry; Power Locks; Power Mirrors; Power Steering; Power Windows,"2008 Mitsubishi Lancer (foreign used), a well-priced sedan well suited to daily commuting and city driving — a good fit for urban professionals. Comes with ABS.",https://upload.wikimedia.org/wikipedia/commons/thumb/9/95/2008_Mitsubishi_Lancer_%28CJ_MY08%29_ES_sedan_%2816307055545%29.jpg/960px-2008_Mitsubishi_Lancer_%28CJ_MY08%29_ES_sedan_%2816307055545%29.jpg?utm_source=commons.wikimedia.org&utm_campaign=imageinfo&utm_content=thumbnail
Minicab Bravo,Mitsubishi,2017,262000,100000,Gasoline,Manual,Truck,local_used,2,Silver,ABS; Air Bags; Premium Audio; Navigation; Power Locks; Power Steering; Power Windows; Backup Camera,"2017 Mitsubishi Minicab Bravo (locally used), a well-priced truck well suited to hauling and rough roads — a good fit for adventure seekers. Comes with ABS.",https://upload.wikimedia.org/wikipedia/commons/thumb/2/22/Mitsubishi_Minicab_Bravo_002.JPG/960px-Mitsubishi_Minicab_Bravo_002.JPG?utm_source=commons.wikimedia.org&utm_campaign=imageinfo&utm_content=thumbnail
Altis Grande,Toyota,2013,115000,374545,Gasoline,Automatic,Sedan,foreign_used,5,White,ABS; Air Bags; Premium Audio; Keyless Entry; Power Locks; Power Mirrors; Power Steering; Power Windows,"2013 Toyota Altis Grande (foreign used), a well-priced sedan well suited to daily commuting and city driving — a good fit for urban professionals. Comes with ABS.",https://upload.wikimedia.org/wikipedia/commons/thumb/f/f3/2015_Altis_Grande.jpg/960px-2015_Altis_Grande.jpg?utm_source=commons.wikimedia.org&utm_campaign=imageinfo&utm_content=thumbnail
X-PV,FAW,2016,109500,1000,Gasoline,Manual,Hatchback,foreign_used,5,White,Premium Audio; Power Steering,"2016 FAW X-PV (foreign used), a premium hatchback well suited to quick city runs and easy parking — a good fit for budget-conscious buyers. Comes with premium audio.",https://upload.wikimedia.org/wikipedia/commons/6/6b/G_Kim_Wincup_1.jpg?utm_source=commons.wikimedia.org&utm_campaign=imageinfo&utm_content=thumbnail_unscaled
Mehran VXR,Suzuki,2019,95500,100000,Gasoline,Manual,Hatchback,foreign_used,5,Gray,Premium Audio; Immobilizer Key; Keyless Entry; Power Locks,"2019 Suzuki Mehran VXR (foreign used), a well-priced hatchback well suited to quick city runs and easy parking — a good fit for budget-conscious buyers. Comes with premium audio.",
Cuore,Daihatsu,2004,38000,260000,Gasoline,Manual,Hatchback,local_used,5,White,Premium Audio; Keyless Entry; Power Locks; Backup Camera,"2004 Daihatsu Cuore (locally used), a budget-friendly hatchback well suited to quick city runs and easy parking — a good fit for budget-conscious buyers. Comes with premium audio.",https://upload.wikimedia.org/wikipedia/commons/thumb/d/dd/7th_generation_Daihatsu_Mira_01.jpg/960px-7th_generation_Daihatsu_Mira_01.jpg?utm_source=commons.wikimedia.org&utm_campaign=imageinfo&utm_content=thumbnail
Liana,Suzuki,2006,96000,242000,Gasoline,Manual,Sedan,local_used,5,Blue,ABS; Premium Audio; Power Locks; Power Mirrors; Power Steering; Power Windows,"2006 Suzuki Liana (locally used), a budget-friendly sedan well suited to daily commuting and city driving — a good fit for urban professionals. Comes with ABS.",https://upload.wikimedia.org/wikipedia/commons/thumb/5/52/02-04_Suzuki_Aerio_sedan.jpg/960px-02-04_Suzuki_Aerio_sedan.jpg?utm_source=commons.wikimedia.org&utm_campaign=imageinfo&utm_content=thumbnail
Civic VTi,Honda,2016,180000,99000,Gasoline,Automatic,Sedan,local_used,5,Gray,ABS; Air Bags; Premium Audio; Heated Seats; Backup Camera,"2016 Honda Civic VTi (locally used), a well-priced sedan well suited to daily commuting and city driving — a good fit for urban professionals. Comes with ABS.",https://upload.wikimedia.org/wikipedia/commons/thumb/3/38/2016_Honda_Civic_VTi_sedan_%282017-11-18%29_01.jpg/960px-2016_Honda_Civic_VTi_sedan_%282017-11-18%29_01.jpg?utm_source=commons.wikimedia.org&utm_campaign=imageinfo&utm_content=thumbnail
Alto,Suzuki,2013,80500,87000,Gasoline,Automatic,Hatchback,foreign_used,5,White,ABS; Air Bags; Premium Audio; Power Locks; Power Mirrors; Power Steering; Power Windows,"2013 Suzuki Alto (foreign used), a well-priced hatchback well suited to quick city runs and easy parking — a good fit for budget-conscious buyers. Comes with ABS.",https://upload.wikimedia.org/wikipedia/commons/thumb/1/1b/Suzuki_Alto_Lapin_X_2009-2013_%281%29.jpg/960px-Suzuki_Alto_Lapin_X_2009-2013_%281%29.jpg?utm_source=commons.wikimedia.org&utm_campaign=imageinfo&utm_content=thumbnail
City Vario,Honda,2013,155500,100000,Gasoline,Manual,Sedan,foreign_used,5,White,ABS; Premium Audio; Power Locks; Power Mirrors; Power Steering; Power Windows; Backup Camera,"2013 Honda City Vario (foreign used), a well-priced sedan well suited to daily commuting and city driving — a good fit for urban professionals. Comes with ABS.",https://upload.wikimedia.org/wikipedia/commons/thumb/4/49/Honda_Scoopy_in_different_generations_-_Jambi_City%2C_JA_02.jpg/960px-Honda_Scoopy_in_different_generations_-_Jambi_City%2C_JA_02.jpg?utm_source=commons.wikimedia.org&utm_campaign=imageinfo&utm_content=thumbnail
Wagon R,Suzuki,2013,68000,169575,Gasoline,Automatic,Hatchback,local_used,5,Orange,ABS; Air Bags; Premium Audio; Power Locks; Power Mirrors; Power Steering; Power Windows; Backup Camera,"2013 Suzuki Wagon R (locally used), a well-priced hatchback well suited to quick city runs and easy parking — a good fit for budget-conscious buyers. Comes with ABS.",https://upload.wikimedia.org/wikipedia/commons/thumb/e/e2/2013_Maruti_Suzuki_Wagon_R_Stingray_VXi_front_view.jpg/960px-2013_Maruti_Suzuki_Wagon_R_Stingray_VXi_front_view.jpg?utm_source=commons.wikimedia.org&utm_campaign=imageinfo&utm_content=thumbnail
Every,Suzuki,2022,336000,12345,Gasoline,Automatic,Wagon,foreign_used,5,Black,ABS; Air Bags; Premium Audio; Keyless Entry; Power Locks; Power Steering; Power Windows,"2022 Suzuki Every (foreign used), a well-priced wagon well suited to family trips with plenty of cargo room — a good fit for family-oriented drivers. Comes with ABS.",https://upload.wikimedia.org/wikipedia/commons/thumb/8/84/Suzuki_e_Every_Concept.jpg/960px-Suzuki_e_Every_Concept.jpg?utm_source=commons.wikimedia.org&utm_campaign=imageinfo&utm_content=thumbnail
Lancer,Mitsubishi,2003,117000,114000,Gasoline,Manual,Sedan,foreign_used,5,Black,Power Locks; Power Mirrors; Power Steering; Power Windows; Backup Camera,"2003 Mitsubishi Lancer (foreign used), a well-priced sedan well suited to daily commuting and city driving — a good fit for urban professionals. Comes with power locks.",https://upload.wikimedia.org/wikipedia/commons/thumb/3/35/2001-2003_Mitsubishi_Lancer_%28CE2_MY02.5%29_GLXi_sedan_%282009-12-20%29.jpg/960px-2001-2003_Mitsubishi_Lancer_%28CE2_MY02.5%29_GLXi_sedan_%282009-12-20%29.jpg?utm_source=commons.wikimedia.org&utm_campaign=imageinfo&utm_content=thumbnail
Alto,Suzuki,2015,79500,96000,Gasoline,Automatic,Hatchback,foreign_used,5,Blue,ABS; Air Bags; Premium Audio; Power Locks; Power Steering; Power Windows,"2015 Suzuki Alto (foreign used), a well-priced hatchback well suited to quick city runs and easy parking — a good fit for budget-conscious buyers. Comes with ABS.",https://upload.wikimedia.org/wikipedia/commons/thumb/3/32/2010_Suzuki_Alto_%28GF%29_GL_hatchback_%282015-11-13%29_02.jpg/960px-2010_Suzuki_Alto_%28GF%29_GL_hatchback_%282015-11-13%29_02.jpg?utm_source=commons.wikimedia.org&utm_campaign=imageinfo&utm_content=thumbnail
Bolan,Suzuki,2010,200500,123456,Gasoline,Manual,Wagon,foreign_used,5,Red,Premium Audio; Immobilizer Key; Keyless Entry; Navigation; Power Locks,"2010 Suzuki Bolan (foreign used), a budget-friendly wagon well suited to family trips with plenty of cargo room — a good fit for family-oriented drivers. Comes with premium audio.",https://upload.wikimedia.org/wikipedia/commons/thumb/6/6a/2009-2012_Suzuki_Carry_DA63T.jpg/960px-2009-2012_Suzuki_Carry_DA63T.jpg?utm_source=commons.wikimedia.org&utm_campaign=imageinfo&utm_content=thumbnail
Cultus VXR,Suzuki,2011,66000,130000,Gasoline,Manual,Hatchback,foreign_used,5,Orange,ABS; Premium Audio,"2011 Suzuki Cultus VXR (foreign used), a well-priced hatchback well suited to quick city runs and easy parking — a good fit for budget-conscious buyers. Comes with ABS.",
City Aspire,Honda,2006,96000,154378,Gasoline,Manual,Sedan,foreign_used,5,Gray,Premium Audio; Power Steering; Power Windows; Backup Camera,"2006 Honda City Aspire (foreign used), a budget-friendly sedan well suited to daily commuting and city driving — a good fit for urban professionals. Comes with premium audio.",https://upload.wikimedia.org/wikipedia/commons/thumb/f/f4/HCA_interior.JPG/960px-HCA_interior.JPG?utm_source=commons.wikimedia.org&utm_campaign=imageinfo&utm_content=thumbnail
City IDSI,Honda,2000,120500,11000,Gasoline,Automatic,Sedan,foreign_used,5,Black,Premium Audio; Immobilizer Key; Keyless Entry; Power Locks; Power Mirrors; Power Windows,"2000 Honda City IDSI (foreign used), a well-priced sedan well suited to daily commuting and city driving — a good fit for urban professionals. Comes with premium audio.",https://upload.wikimedia.org/wikipedia/commons/thumb/3/31/Honda_City_1.5_iDSI_2008.jpg/960px-Honda_City_1.5_iDSI_2008.jpg?utm_source=commons.wikimedia.org&utm_campaign=imageinfo&utm_content=thumbnail
Mehran VXR,Suzuki,2018,90000,35000,Gasoline,Manual,Hatchback,foreign_used,5,White,Premium Audio; Immobilizer Key,"2018 Suzuki Mehran VXR (foreign used), a well-priced hatchback well suited to quick city runs and easy parking — a good fit for budget-conscious buyers. Comes with premium audio.",
Alto,Suzuki,2000,57000,150000,Gasoline,Automatic,Hatchback,local_used,5,Gray,ABS; Air Bags; Premium Audio; Power Locks; Power Windows,"2000 Suzuki Alto (locally used), a budget-friendly hatchback well suited to quick city runs and easy parking — a good fit for budget-conscious buyers. Comes with ABS.",https://upload.wikimedia.org/wikipedia/commons/thumb/3/34/2000_Suzuki_Alto_GL_Auto.jpg/960px-2000_Suzuki_Alto_GL_Auto.jpg?utm_source=commons.wikimedia.org&utm_campaign=imageinfo&utm_content=thumbnail
Classic,KIA,2001,213500,50000,Gasoline,Manual,Sedan,foreign_used,5,Silver,Premium Audio; Power Steering,"2001 KIA Classic (foreign used), a premium sedan well suited to daily commuting and city driving — a good fit for urban professionals. Comes with premium audio. A solid pick for luxury lovers who want a standout badge.",https://upload.wikimedia.org/wikipedia/commons/thumb/b/bb/%2705-%2708_Kia_Sportage_LX_4WD_%28Byward_Auto_Classic%29.jpg/960px-%2705-%2708_Kia_Sportage_LX_4WD_%28Byward_Auto_Classic%29.jpg?utm_source=commons.wikimedia.org&utm_campaign=imageinfo&utm_content=thumbnail
Terios Kid,Daihatsu,2004,191500,123123,Gasoline,Automatic,SUV,foreign_used,7,Black,Air Bags; Premium Audio; Power Locks; Power Mirrors; Power Windows,"2004 Daihatsu Terios Kid (foreign used), a well-priced suv well suited to family trips and weekend getaways — a good fit for family-oriented drivers. Comes with air bags.",https://upload.wikimedia.org/wikipedia/commons/thumb/5/5c/Daihatsu_Terios_Kid.jpg/960px-Daihatsu_Terios_Kid.jpg?utm_source=commons.wikimedia.org&utm_campaign=imageinfo&utm_content=thumbnail
Alto,Suzuki,2001,73000,10000,Gasoline,Automatic,Hatchback,foreign_used,5,Red,Air Bags; Premium Audio; Power Locks; Power Mirrors; Power Steering; Power Windows,"2001 Suzuki Alto (foreign used), a well-priced hatchback well suited to quick city runs and easy parking — a good fit for budget-conscious buyers. Comes with air bags.",https://upload.wikimedia.org/wikipedia/commons/thumb/4/4f/TC_24%2C_Essen_%28TCE42679%29.jpg/960px-TC_24%2C_Essen_%28TCE42679%29.jpg?utm_source=commons.wikimedia.org&utm_campaign=imageinfo&utm_content=thumbnail
Terios Kid,Daihatsu,2000,156000,95000,Gasoline,Automatic,SUV,foreign_used,7,White,ABS; Air Bags; Premium Audio; Power Locks; Power Mirrors; Power Steering; Power Windows,"2000 Daihatsu Terios Kid (foreign used), a well-priced suv well suited to family trips and weekend getaways — a good fit for family-oriented drivers. Comes with ABS.",https://upload.wikimedia.org/wikipedia/commons/thumb/5/5c/Daihatsu_Terios_Kid.jpg/960px-Daihatsu_Terios_Kid.jpg?utm_source=commons.wikimedia.org&utm_campaign=imageinfo&utm_content=thumbnail
City Vario,Honda,2001,93000,171000,Gasoline,Automatic,Sedan,local_used,5,Silver,Premium Audio; Power Locks; Power Mirrors; Power Steering; Power Windows,"2001 Honda City Vario (locally used), a budget-friendly sedan well suited to daily commuting and city driving — a good fit for urban professionals. Comes with premium audio.",https://upload.wikimedia.org/wikipedia/commons/thumb/4/49/Honda_Scoopy_in_different_generations_-_Jambi_City%2C_JA_02.jpg/960px-Honda_Scoopy_in_different_generations_-_Jambi_City%2C_JA_02.jpg?utm_source=commons.wikimedia.org&utm_campaign=imageinfo&utm_content=thumbnail
Every,Suzuki,2005,214500,95000,Gasoline,Manual,Wagon,local_used,5,White,Air Bags; Premium Audio; Power Locks; Power Mirrors; Power Steering; Power Windows,"2005 Suzuki Every (locally used), a well-priced wagon well suited to family trips with plenty of cargo room — a good fit for family-oriented drivers. Comes with air bags.",https://upload.wikimedia.org/wikipedia/commons/thumb/2/21/2005_Suzuki_Every_01.jpg/960px-2005_Suzuki_Every_01.jpg?utm_source=commons.wikimedia.org&utm_campaign=imageinfo&utm_content=thumbnail
Mehran VXR,Suzuki,2015,71500,98000,Gasoline,Manual,Hatchback,foreign_used,5,Silver,Premium Audio; Immobilizer Key; Keyless Entry; Power Locks,"2015 Suzuki Mehran VXR (foreign used), a well-priced hatchback well suited to quick city runs and easy parking — a good fit for budget-conscious buyers. Comes with premium audio.",
Bolan,Suzuki,2017,325000,51230,Gasoline,Manual,Wagon,foreign_used,5,White,Premium Audio; Navigation,"2017 Suzuki Bolan (foreign used), a well-priced wagon well suited to family trips with plenty of cargo room — a good fit for family-oriented drivers. Comes with premium audio.",https://upload.wikimedia.org/wikipedia/commons/thumb/6/6a/2009-2012_Suzuki_Carry_DA63T.jpg/960px-2009-2012_Suzuki_Carry_DA63T.jpg?utm_source=commons.wikimedia.org&utm_campaign=imageinfo&utm_content=thumbnail
City IVTEC,Honda,2000,68500,250000,Gasoline,Manual,Sedan,local_used,5,White,Premium Audio; Immobilizer Key; Navigation; Power Locks; Power Steering,"2000 Honda City IVTEC (locally used), a budget-friendly sedan well suited to daily commuting and city driving — a good fit for urban professionals. Comes with premium audio.",https://upload.wikimedia.org/wikipedia/commons/thumb/0/02/Steering_Wheel_of_Honda_City_7th_Generation_%285th_Generation_Sedan%29_iVTEC_2022.jpg/960px-Steering_Wheel_of_Honda_City_7th_Generation_%285th_Generation_Sedan%29_iVTEC_2022.jpg?utm_source=commons.wikimedia.org&utm_campaign=imageinfo&utm_content=thumbnail
Terios Kid,Daihatsu,2012,243000,65000,Gasoline,Manual,SUV,local_used,7,White,Air Bags; Power Locks; Power Mirrors; Power Steering; Power Windows; Backup Camera,"2012 Daihatsu Terios Kid (locally used), a well-priced suv well suited to family trips and weekend getaways — a good fit for family-oriented drivers. Comes with air bags.",https://upload.wikimedia.org/wikipedia/commons/thumb/f/f9/2006%E2%80%932012_Daihatsu_Terios_Kid_Custom_X_in_White%2C_front_right.jpg/960px-2006%E2%80%932012_Daihatsu_Terios_Kid_Custom_X_in_White%2C_front_right.jpg?utm_source=commons.wikimedia.org&utm_campaign=imageinfo&utm_content=thumbnail
Alsvin,Changan,2023,230500,18650,Gasoline,Automatic,Sedan,foreign_used,5,Gray,ABS; Air Bags; Premium Audio; Power Locks; Power Mirrors; Backup Camera,"2023 Changan Alsvin (foreign used), a premium sedan well suited to daily commuting and city driving — a good fit for urban professionals. Comes with ABS.",https://upload.wikimedia.org/wikipedia/commons/thumb/7/74/Changan_Alsvin_taxi_fleet_in_Baguio_City.jpg/960px-Changan_Alsvin_taxi_fleet_in_Baguio_City.jpg?utm_source=commons.wikimedia.org&utm_campaign=imageinfo&utm_content=thumbnail
Cuore,Daihatsu,2002,55500,94523,Gasoline,Manual,Hatchback,foreign_used,5,Gray,Premium Audio; Power Mirrors; Power Windows; Backup Camera,"2002 Daihatsu Cuore (foreign used), a budget-friendly hatchback well suited to quick city runs and easy parking — a good fit for budget-conscious buyers. Comes with premium audio.",https://upload.wikimedia.org/wikipedia/commons/thumb/3/34/2002_Daihatsu_Cuore_%28L701%29_3-door_hatchback_%282011-10-21%29.jpg/960px-2002_Daihatsu_Cuore_%28L701%29_3-door_hatchback_%282011-10-21%29.jpg?utm_source=commons.wikimedia.org&utm_campaign=imageinfo&utm_content=thumbnail
Move,Daihatsu,2006,60000,89000,Gasoline,Automatic,Hatchback,foreign_used,5,Silver,ABS; Air Bags; Premium Audio; Power Locks; Power Mirrors; Power Steering; Power Windows,"2006 Daihatsu Move (foreign used), a well-priced hatchback well suited to quick city runs and easy parking — a good fit for budget-conscious buyers. Comes with ABS.",https://upload.wikimedia.org/wikipedia/commons/thumb/6/60/2006_Daihatsu_Move_01.jpg/960px-2006_Daihatsu_Move_01.jpg?utm_source=commons.wikimedia.org&utm_campaign=imageinfo&utm_content=thumbnail
Sportage,KIA,2004,312000,100000,Gasoline,Automatic,SUV,local_used,7,Yellow,ABS; Air Bags; Premium Audio; Power Locks; Power Mirrors; Power Steering; Power Windows,"2004 KIA Sportage (locally used), a premium suv well suited to family trips and weekend getaways — a good fit for family-oriented drivers. Comes with ABS. A solid pick for luxury lovers who want a standout badge.",https://upload.wikimedia.org/wikipedia/commons/thumb/c/cf/Kia_Sportage02.jpg/960px-Kia_Sportage02.jpg?utm_source=commons.wikimedia.org&utm_campaign=imageinfo&utm_content=thumbnail
Hijet,Daihatsu,2019,304000,71000,Gasoline,Automatic,Truck,foreign_used,2,Black,ABS; Air Bags; Premium Audio; Immobilizer Key; Power Locks; Power Steering; Power Windows,"2019 Daihatsu Hijet (foreign used), a well-priced truck well suited to hauling and rough roads — a good fit for adventure seekers. Comes with ABS.",https://upload.wikimedia.org/wikipedia/commons/thumb/a/ae/Osaka_Auto_Messe_2019_%28399%29_-_Daihatsu_HIJET_TRUCK_%28E500P%29_tuned_by_Hello_Special.jpg/960px-Osaka_Auto_Messe_2019_%28399%29_-_Daihatsu_HIJET_TRUCK_%28E500P%29_tuned_by_Hello_Special.jpg?utm_source=commons.wikimedia.org&utm_campaign=imageinfo&utm_content=thumbnail
Cuore,Daihatsu,2003,67500,13000,Gasoline,Manual,Hatchback,local_used,5,Black,Premium Audio; Power Windows,"2003 Daihatsu Cuore (locally used), a well-priced hatchback well suited to quick city runs and easy parking — a good fit for budget-conscious buyers. Comes with premium audio.",https://upload.wikimedia.org/wikipedia/commons/thumb/f/f4/2001-2003_Daihatsu_Cuore_%28L701%29_3-door_hatchback_%2825734198544%29.jpg/960px-2001-2003_Daihatsu_Cuore_%28L701%29_3-door_hatchback_%2825734198544%29.jpg?utm_source=commons.wikimedia.org&utm_campaign=imageinfo&utm_content=thumbnail
Cultus VXR,Suzuki,2012,94000,75000,Gasoline,Manual,Hatchback,foreign_used,5,Blue,Power Locks; Power Steering; Power Windows; Backup Camera,"2012 Suzuki Cultus VXR (foreign used), a well-priced hatchback well suited to quick city runs and easy parking — a good fit for budget-conscious buyers. Comes with power locks.",
Pajero Mini,Mitsubishi,2009,128000,196000,Gasoline,Automatic,SUV,foreign_used,7,White,ABS; Premium Audio; Backup Camera; Power Locks; Power Mirrors; Power Steering; Power Windows,"2009 Mitsubishi Pajero Mini (foreign used), a budget-friendly suv well suited to family trips and weekend getaways — a good fit for family-oriented drivers. Comes with ABS.",https://upload.wikimedia.org/wikipedia/commons/thumb/9/9c/Mitsubishi_Pajero_Mini_231.JPG/960px-Mitsubishi_Pajero_Mini_231.JPG?utm_source=commons.wikimedia.org&utm_campaign=imageinfo&utm_content=thumbnail
Picanto,KIA,2019,174000,34500,Gasoline,Automatic,Hatchback,foreign_used,5,Yellow,ABS; Air Bags; Power Locks; Power Mirrors; Power Steering; Power Windows; Backup Camera,"2019 KIA Picanto (foreign used), a premium hatchback well suited to quick city runs and easy parking — a good fit for budget-conscious buyers. Comes with ABS. A solid pick for luxury lovers who want a standout badge.",https://upload.wikimedia.org/wikipedia/commons/thumb/f/f8/Hyundai_i10_%2848814292762%29.jpg/960px-Hyundai_i10_%2848814292762%29.jpg?utm_source=commons.wikimedia.org&utm_campaign=imageinfo&utm_content=thumbnail
X-PV,FAW,2015,96500,85000,Gasoline,Manual,Hatchback,foreign_used,5,White,Premium Audio; Power Steering,"2015 FAW X-PV (foreign used), a well-priced hatchback well suited to quick city runs and easy parking — a good fit for budget-conscious buyers. Comes with premium audio.",https://upload.wikimedia.org/wikipedia/commons/6/6b/G_Kim_Wincup_1.jpg?utm_source=commons.wikimedia.org&utm_campaign=imageinfo&utm_content=thumbnail_unscaled
Baleno,Suzuki,2006,53500,150000,Gasoline,Manual,Hatchback,foreign_used,5,Yellow,Navigation; Power Locks; Power Mirrors; Power Windows; Backup Camera,"2006 Suzuki Baleno (foreign used), a budget-friendly hatchback well suited to quick city runs and easy parking — a good fit for budget-conscious buyers. Comes with navigation.",https://upload.wikimedia.org/wikipedia/commons/thumb/7/7f/%C3%89kraz%C3%A9.JPG/960px-%C3%89kraz%C3%A9.JPG?utm_source=commons.wikimedia.org&utm_campaign=imageinfo&utm_content=thumbnail
City IVTEC,Honda,2001,70000,215000,Gasoline,Automatic,Sedan,foreign_used,5,White,ABS; Air Bags; Premium Audio; Power Locks; Power Mirrors; Power Steering; Power Windows,"2001 Honda City IVTEC (foreign used), a budget-friendly sedan well suited to daily commuting and city driving — a good fit for urban professionals. Comes with ABS.",https://upload.wikimedia.org/wikipedia/commons/thumb/0/02/Steering_Wheel_of_Honda_City_7th_Generation_%285th_Generation_Sedan%29_iVTEC_2022.jpg/960px-Steering_Wheel_of_Honda_City_7th_Generation_%285th_Generation_Sedan%29_iVTEC_2022.jpg?utm_source=commons.wikimedia.org&utm_campaign=imageinfo&utm_content=thumbnail
Every,Suzuki,2004,220000,35000,Gasoline,Automatic,Wagon,foreign_used,5,Red,ABS; Air Bags; Premium Audio; Backup Camera; Power Steering; Power Windows,"2004 Suzuki Every (foreign used), a well-priced wagon well suited to family trips with plenty of cargo room — a good fit for family-oriented drivers. Comes with ABS.",https://upload.wikimedia.org/wikipedia/commons/thumb/8/84/Suzuki_e_Every_Concept.jpg/960px-Suzuki_e_Every_Concept.jpg?utm_source=commons.wikimedia.org&utm_campaign=imageinfo&utm_content=thumbnail
E Class,Mercedes,2006,178000,133333,Gasoline,Automatic,Sedan,local_used,5,Silver,ABS; Air Bags; Premium Audio; Power Locks; Power Mirrors; Power Steering,"2006 Mercedes E Class (locally used), a well-priced sedan well suited to daily commuting and city driving — a good fit for urban professionals. Comes with ABS.",https://upload.wikimedia.org/wikipedia/commons/thumb/3/3b/2002-2006_Mercedes-Benz_E-Class_%28W211%29_Elegance_sedan_01.jpg/960px-2002-2006_Mercedes-Benz_E-Class_%28W211%29_Elegance_sedan_01.jpg?utm_source=commons.wikimedia.org&utm_campaign=imageinfo&utm_content=thumbnail
Mehran VXR,Suzuki,2012,84000,9999,Gasoline,Manual,Hatchback,foreign_used,5,Orange,Premium Audio; Power Locks; Power Steering; Power Windows,"2012 Suzuki Mehran VXR (foreign used), a well-priced hatchback well suited to quick city runs and easy parking — a good fit for budget-conscious buyers. Comes with premium audio.",
Joy,Chevrolet,2004,65000,115000,Gasoline,Manual,Hatchback,foreign_used,5,White,Premium Audio; Power Locks; Power Mirrors; Power Steering; Power Windows,"2004 Chevrolet Joy (foreign used), a well-priced hatchback well suited to quick city runs and easy parking — a good fit for budget-conscious buyers. Comes with premium audio.",https://upload.wikimedia.org/wikipedia/commons/thumb/6/64/Chevrolet_Joy_2018.png/960px-Chevrolet_Joy_2018.png?utm_source=commons.wikimedia.org&utm_campaign=imageinfo&utm_content=thumbnail
Cultus VXR,Suzuki,2007,51000,152000,Gasoline,Manual,Hatchback,local_used,5,Silver,ABS; Air Bags; Premium Audio; Keyless Entry; Power Locks; Backup Camera,"2007 Suzuki Cultus VXR (locally used), a budget-friendly hatchback well suited to quick city runs and easy parking — a good fit for budget-conscious buyers. Comes with ABS.",
Bolan,Suzuki,2019,301500,80000,Gasoline,Manual,Wagon,local_used,5,Yellow,Premium Audio; Immobilizer Key; Keyless Entry; Power Locks; Power Mirrors; Power Steering; Power Windows,"2019 Suzuki Bolan (locally used), a well-priced wagon well suited to family trips with plenty of cargo room — a good fit for family-oriented drivers. Comes with premium audio.",https://upload.wikimedia.org/wikipedia/commons/thumb/6/6a/2009-2012_Suzuki_Carry_DA63T.jpg/960px-2009-2012_Suzuki_Carry_DA63T.jpg?utm_source=commons.wikimedia.org&utm_campaign=imageinfo&utm_content=thumbnail
X-PV,FAW,2021,113000,67000,Gasoline,Manual,Hatchback,local_used,5,Silver,Air Bags; Premium Audio; Power Locks; Power Mirrors; Power Steering; Power Windows; Backup Camera,"2021 FAW X-PV (locally used), a premium hatchback well suited to quick city runs and easy parking — a good fit for budget-conscious buyers. Comes with air bags.",https://upload.wikimedia.org/wikipedia/commons/6/6b/G_Kim_Wincup_1.jpg?utm_source=commons.wikimedia.org&utm_campaign=imageinfo&utm_content=thumbnail_unscaled
Mehran VXR,Suzuki,2006,67000,132000,Gasoline,Manual,Hatchback,local_used,5,Silver,Premium Audio,"2006 Suzuki Mehran VXR (locally used), a well-priced hatchback well suited to quick city runs and easy parking — a good fit for budget-conscious buyers. Comes with premium audio.",
Bolan,Suzuki,2012,301500,40000,Gasoline,Manual,Wagon,foreign_used,5,Gray,Premium Audio; Navigation; Backup Camera,"2012 Suzuki Bolan (foreign used), a well-priced wagon well suited to family trips with plenty of cargo room — a good fit for family-oriented drivers. Comes with premium audio.",https://upload.wikimedia.org/wikipedia/commons/thumb/6/6a/2009-2012_Suzuki_Carry_DA63T.jpg/960px-2009-2012_Suzuki_Carry_DA63T.jpg?utm_source=commons.wikimedia.org&utm_campaign=imageinfo&utm_content=thumbnail
Alto,Suzuki,2011,59000,158000,Gasoline,Manual,Hatchback,foreign_used,5,Black,ABS; Air Bags; Premium Audio; Navigation; Power Mirrors; Power Steering; Power Windows; Backup Camera,"2011 Suzuki Alto (foreign used), a well-priced hatchback well suited to quick city runs and easy parking — a good fit for budget-conscious buyers. Comes with ABS.",https://upload.wikimedia.org/wikipedia/commons/thumb/6/64/Suzuki_Alto_800_GL_2011.jpg/960px-Suzuki_Alto_800_GL_2011.jpg?utm_source=commons.wikimedia.org&utm_campaign=imageinfo&utm_content=thumbnail
Altis Grande,Toyota,2002,94000,185000,Gasoline,Automatic,Sedan,local_used,5,Silver,ABS; Backup Camera; Power Locks; Power Mirrors; Power Steering; Power Windows,"2002 Toyota Altis Grande (locally used), a budget-friendly sedan well suited to daily commuting and city driving — a good fit for urban professionals. Comes with ABS.",https://upload.wikimedia.org/wikipedia/commons/thumb/f/f3/2015_Altis_Grande.jpg/960px-2015_Altis_Grande.jpg?utm_source=commons.wikimedia.org&utm_campaign=imageinfo&utm_content=thumbnail
Cuore,Daihatsu,2000,54000,130000,Gasoline,Manual,Hatchback,foreign_used,5,Silver,Premium Audio; Power Steering; Power Windows,"2000 Daihatsu Cuore (foreign used), a budget-friendly hatchback well suited to quick city runs and easy parking — a good fit for budget-conscious buyers. Comes with premium audio.",https://upload.wikimedia.org/wikipedia/commons/thumb/d/dd/7th_generation_Daihatsu_Mira_01.jpg/960px-7th_generation_Daihatsu_Mira_01.jpg?utm_source=commons.wikimedia.org&utm_campaign=imageinfo&utm_content=thumbnail
Cuore,Daihatsu,2008,46000,248000,Gasoline,Manual,Hatchback,foreign_used,5,Red,Premium Audio; Power Steering; Backup Camera,"2008 Daihatsu Cuore (foreign used), a budget-friendly hatchback well suited to quick city runs and easy parking — a good fit for budget-conscious buyers. Comes with premium audio.",https://upload.wikimedia.org/wikipedia/commons/thumb/b/b7/Daihatsu_Cuore_%2844291875652%29.jpg/960px-Daihatsu_Cuore_%2844291875652%29.jpg?utm_source=commons.wikimedia.org&utm_campaign=imageinfo&utm_content=thumbnail
Bolan,Suzuki,2008,261000,1001,Gasoline,Manual,Wagon,local_used,5,White,Premium Audio; Navigation,"2008 Suzuki Bolan (locally used), a well-priced wagon well suited to family trips with plenty of cargo room — a good fit for family-oriented drivers. Comes with premium audio.",https://upload.wikimedia.org/wikipedia/commons/thumb/6/6a/2009-2012_Suzuki_Carry_DA63T.jpg/960px-2009-2012_Suzuki_Carry_DA63T.jpg?utm_source=commons.wikimedia.org&utm_campaign=imageinfo&utm_content=thumbnail
Hijet,Daihatsu,2009,251500,115000,Gasoline,Automatic,Truck,foreign_used,2,Black,Premium Audio; Power Steering; Power Windows; Backup Camera,"2009 Daihatsu Hijet (foreign used), a well-priced truck well suited to hauling and rough roads — a good fit for adventure seekers. Comes with premium audio.",https://upload.wikimedia.org/wikipedia/commons/thumb/e/ee/1999-2004_Daihatsu_Hijet_Truck_rear.jpg/960px-1999-2004_Daihatsu_Hijet_Truck_rear.jpg?utm_source=commons.wikimedia.org&utm_campaign=imageinfo&utm_content=thumbnail
X-PV,FAW,2019,93000,70000,Gasoline,Manual,Hatchback,foreign_used,5,Red,ABS; Air Bags; Premium Audio,"2019 FAW X-PV (foreign used), a well-priced hatchback well suited to quick city runs and easy parking — a good fit for budget-conscious buyers. Comes with ABS.",https://upload.wikimedia.org/wikipedia/commons/6/6b/G_Kim_Wincup_1.jpg?utm_source=commons.wikimedia.org&utm_campaign=imageinfo&utm_content=thumbnail_unscaled
Swift,Suzuki,2000,55500,82000,Gasoline,Manual,Hatchback,foreign_used,5,Red,ABS; Air Bags; Premium Audio; Navigation; Power Locks; Power Mirrors; Power Steering; Power Windows,"2000 Suzuki Swift (foreign used), a budget-friendly hatchback well suited to quick city runs and easy parking — a good fit for budget-conscious buyers. Comes with ABS.",https://upload.wikimedia.org/wikipedia/commons/thumb/b/be/2003-2005_Suzuki_Swift_HT_1.png/960px-2003-2005_Suzuki_Swift_HT_1.png?utm_source=commons.wikimedia.org&utm_campaign=imageinfo&utm_content=thumbnail
Corolla XLI,Toyota,2002,80500,205555,Gasoline,Automatic,Sedan,foreign_used,5,Black,Air Bags; Power Locks; Power Mirrors; Power Steering; Power Windows; Backup Camera,"2002 Toyota Corolla XLI (foreign used), a budget-friendly sedan well suited to daily commuting and city driving — a good fit for urban professionals. Comes with air bags.",https://upload.wikimedia.org/wikipedia/commons/thumb/3/37/Toyota_Corolla_1.6_XLi_2002_%2813412508745%29.jpg/960px-Toyota_Corolla_1.6_XLi_2002_%2813412508745%29.jpg?utm_source=commons.wikimedia.org&utm_campaign=imageinfo&utm_content=thumbnail
Minica,Mitsubishi,2011,78000,75000,Gasoline,Manual,Hatchback,foreign_used,5,Silver,Air Bags; Premium Audio; Power Steering; Backup Camera,"2011 Mitsubishi Minica (foreign used), a well-priced hatchback well suited to quick city runs and easy parking — a good fit for budget-conscious buyers. Comes with air bags.",https://upload.wikimedia.org/wikipedia/commons/thumb/0/0f/2006-2011_Mitsubishi_Minica_Van.jpg/960px-2006-2011_Mitsubishi_Minica_Van.jpg?utm_source=commons.wikimedia.org&utm_campaign=imageinfo&utm_content=thumbnail
Joy,Chevrolet,2007,72500,115000,Gasoline,Manual,Hatchback,foreign_used,5,Black,Keyless Entry; Power Mirrors; Power Steering; Power Windows,"2007 Chevrolet Joy (foreign used), a well-priced hatchback well suited to quick city runs and easy parking — a good fit for budget-conscious buyers. Comes with keyless entry.",https://upload.wikimedia.org/wikipedia/commons/thumb/6/64/Chevrolet_Joy_2018.png/960px-Chevrolet_Joy_2018.png?utm_source=commons.wikimedia.org&utm_campaign=imageinfo&utm_content=thumbnail
Mehran VXR,Suzuki,2013,88000,80000,Gasoline,Manual,Hatchback,local_used,5,White,Premium Audio; Power Locks,"2013 Suzuki Mehran VXR (locally used), a well-priced hatchback well suited to quick city runs and easy parking — a good fit for budget-conscious buyers. Comes with premium audio.",
Civic Oriel,Honda,2000,136000,57000,Gasoline,Manual,Sedan,foreign_used,5,Silver,Keyless Entry; Navigation; Power Locks; Power Mirrors; Power Steering; Power Windows; Backup Camera,"2000 Honda Civic Oriel (foreign used), a well-priced sedan well suited to daily commuting and city driving — a good fit for urban professionals. Comes with keyless entry.",
Exclusive,Chevrolet,2004,66000,25100,Gasoline,Manual,Hatchback,foreign_used,5,Black,Premium Audio; Power Steering; Power Windows,"2004 Chevrolet Exclusive (foreign used), a well-priced hatchback well suited to quick city runs and easy parking — a good fit for budget-conscious buyers. Comes with premium audio.",https://upload.wikimedia.org/wikipedia/commons/thumb/2/27/Chevrolet_Spark._Bukhara%2C_Uzbekistan.jpg/960px-Chevrolet_Spark._Bukhara%2C_Uzbekistan.jpg?utm_source=commons.wikimedia.org&utm_campaign=imageinfo&utm_content=thumbnail
City Vario,Honda,2002,108000,123456,Gasoline,Automatic,Sedan,local_used,5,Silver,Premium Audio; Power Locks; Power Mirrors; Power Steering; Power Windows,"2002 Honda City Vario (locally used), a well-priced sedan well suited to daily commuting and city driving — a good fit for urban professionals. Comes with premium audio.",https://upload.wikimedia.org/wikipedia/commons/thumb/4/49/Honda_Scoopy_in_different_generations_-_Jambi_City%2C_JA_02.jpg/960px-Honda_Scoopy_in_different_generations_-_Jambi_City%2C_JA_02.jpg?utm_source=commons.wikimedia.org&utm_campaign=imageinfo&utm_content=thumbnail
Cultus VXR,Suzuki,2013,85500,62442,Gasoline,Manual,Hatchback,local_used,5,White,Premium Audio; Navigation,"2013 Suzuki Cultus VXR (locally used), a well-priced hatchback well suited to quick city runs and easy parking — a good fit for budget-conscious buyers. Comes with premium audio.",
Cultus VXR,Suzuki,2009,66000,74000,Gasoline,Manual,Hatchback,local_used,5,Yellow,Premium Audio; Power Windows,"2009 Suzuki Cultus VXR (locally used), a well-priced hatchback well suited to quick city runs and easy parking — a good fit for budget-conscious buyers. Comes with premium audio.",
Classic,KIA,2005,152000,170000,Gasoline,Manual,Sedan,local_used,5,Orange,Premium Audio; Power Locks; Power Steering,"2005 KIA Classic (locally used), a well-priced sedan well suited to daily commuting and city driving — a good fit for urban professionals. Comes with premium audio.",https://upload.wikimedia.org/wikipedia/commons/thumb/b/b3/2005_Kia_Magentis_2.0_%2853079371304%29.jpg/960px-2005_Kia_Magentis_2.0_%2853079371304%29.jpg?utm_source=commons.wikimedia.org&utm_campaign=imageinfo&utm_content=thumbnail
Santro,Hyundai,2000,71500,50000,Gasoline,Manual,Hatchback,foreign_used,5,Gray,Premium Audio; Power Windows; Backup Camera,"2000 Hyundai Santro (foreign used), a well-priced hatchback well suited to quick city runs and easy parking — a good fit for budget-conscious buyers. Comes with premium audio.",https://upload.wikimedia.org/wikipedia/commons/thumb/3/3f/Hyundai_Santro_Xing_2011.jpg/960px-Hyundai_Santro_Xing_2011.jpg?utm_source=commons.wikimedia.org&utm_campaign=imageinfo&utm_content=thumbnail
Pajero Mini,Mitsubishi,2018,236500,60000,Gasoline,Automatic,SUV,foreign_used,7,Silver,ABS; Air Bags; Premium Audio; Keyless Entry; Power Locks; Power Steering; Power Windows,"2018 Mitsubishi Pajero Mini (foreign used), a well-priced suv well suited to family trips and weekend getaways — a good fit for family-oriented drivers. Comes with ABS.",https://upload.wikimedia.org/wikipedia/commons/thumb/c/ce/Mitsubishi_Pajero_Mini_XR-I%2C_front_left.jpg/960px-Mitsubishi_Pajero_Mini_XR-I%2C_front_left.jpg?utm_source=commons.wikimedia.org&utm_campaign=imageinfo&utm_content=thumbnail
X-PV,FAW,2020,101500,50719,Gasoline,Manual,Hatchback,foreign_used,5,Black,Premium Audio; Power Locks; Power Steering; Power Windows,"2020 FAW X-PV (foreign used), a well-priced hatchback well suited to quick city runs and easy parking — a good fit for budget-conscious buyers. Comes with premium audio.",https://upload.wikimedia.org/wikipedia/commons/6/6b/G_Kim_Wincup_1.jpg?utm_source=commons.wikimedia.org&utm_campaign=imageinfo&utm_content=thumbnail_unscaled
Terios Kid,Daihatsu,2001,144500,120000,Gasoline,Automatic,SUV,foreign_used,7,Blue,Air Bags; Power Locks; Power Mirrors; Power Steering; Power Windows; Backup Camera,"2001 Daihatsu Terios Kid (foreign used), a budget-friendly suv well suited to family trips and weekend getaways — a good fit for family-oriented drivers. Comes with air bags.",https://upload.wikimedia.org/wikipedia/commons/thumb/5/5c/Daihatsu_Terios_Kid.jpg/960px-Daihatsu_Terios_Kid.jpg?utm_source=commons.wikimedia.org&utm_campaign=imageinfo&utm_content=thumbnail
Alto,Suzuki,2008,59500,104400,Gasoline,Manual,Hatchback,foreign_used,5,Gray,Premium Audio; Power Locks; Power Steering; Backup Camera,"2008 Suzuki Alto (foreign used), a well-priced hatchback well suited to quick city runs and easy parking — a good fit for budget-conscious buyers. Comes with premium audio.",https://upload.wikimedia.org/wikipedia/commons/thumb/d/d1/Suzuki_Alto_2008_002.JPG/960px-Suzuki_Alto_2008_002.JPG?utm_source=commons.wikimedia.org&utm_campaign=imageinfo&utm_content=thumbnail
Mehran VXR,Suzuki,2005,75000,14672,Gasoline,Manual,Hatchback,foreign_used,5,White,Premium Audio; Navigation,"2005 Suzuki Mehran VXR (foreign used), a well-priced hatchback well suited to quick city runs and easy parking — a good fit for budget-conscious buyers. Comes with premium audio.",
Cultus VXR,Suzuki,2003,52000,200000,Gasoline,Manual,Hatchback,local_used,5,Red,Premium Audio; Immobilizer Key; Power Locks; Backup Camera,"2003 Suzuki Cultus VXR (locally used), a budget-friendly hatchback well suited to quick city runs and easy parking — a good fit for budget-conscious buyers. Comes with premium audio.",
Bolan,Suzuki,2021,355000,62000,Gasoline,Manual,Wagon,foreign_used,5,Blue,Premium Audio; Immobilizer Key; Navigation; Backup Camera,"2021 Suzuki Bolan (foreign used), a well-priced wagon well suited to family trips with plenty of cargo room — a good fit for family-oriented drivers. Comes with premium audio.",https://upload.wikimedia.org/wikipedia/commons/thumb/6/6a/2009-2012_Suzuki_Carry_DA63T.jpg/960px-2009-2012_Suzuki_Carry_DA63T.jpg?utm_source=commons.wikimedia.org&utm_campaign=imageinfo&utm_content=thumbnail
City Aspire,Honda,2004,96000,216000,Gasoline,Manual,Sedan,foreign_used,5,Red,Premium Audio; Keyless Entry; Power Locks; Power Mirrors; Power Steering; Power Windows,"2004 Honda City Aspire (foreign used), a budget-friendly sedan well suited to daily commuting and city driving — a good fit for urban professionals. Comes with premium audio.",https://upload.wikimedia.org/wikipedia/commons/thumb/f/f4/HCA_interior.JPG/960px-HCA_interior.JPG?utm_source=commons.wikimedia.org&utm_campaign=imageinfo&utm_content=thumbnail
Civic Oriel,Honda,2012,112500,185000,Gasoline,Manual,Sedan,foreign_used,5,Gray,Power Locks; Power Steering; Power Windows,"2012 Honda Civic Oriel (foreign used), a well-priced sedan well suited to daily commuting and city driving — a good fit for urban professionals. Comes with power locks.",
Minica,Mitsubishi,2008,45000,198000,Gasoline,Automatic,Hatchback,foreign_used,5,Silver,ABS; Navigation; Power Locks; Backup Camera,"2008 Mitsubishi Minica (foreign used), a budget-friendly hatchback well suited to quick city runs and easy parking — a good fit for budget-conscious buyers. Comes with ABS.",https://upload.wikimedia.org/wikipedia/commons/thumb/4/44/Mitsubishi_Minica_Town_Bee_721.JPG/960px-Mitsubishi_Minica_Town_Bee_721.JPG?utm_source=commons.wikimedia.org&utm_campaign=imageinfo&utm_content=thumbnail
Bolan,Suzuki,2013,312000,25750,Gasoline,Manual,Wagon,foreign_used,5,Black,Navigation; Backup Camera,"2013 Suzuki Bolan (foreign used), a well-priced wagon well suited to family trips with plenty of cargo room — a good fit for family-oriented drivers. Comes with navigation.",https://upload.wikimedia.org/wikipedia/commons/thumb/6/6a/2009-2012_Suzuki_Carry_DA63T.jpg/960px-2009-2012_Suzuki_Carry_DA63T.jpg?utm_source=commons.wikimedia.org&utm_campaign=imageinfo&utm_content=thumbnail
Cultus VXR,Suzuki,2004,63500,100000,Gasoline,Manual,Hatchback,local_used,5,Red,Premium Audio; Keyless Entry; Power Locks,"2004 Suzuki Cultus VXR (locally used), a well-priced hatchback well suited to quick city runs and easy parking — a good fit for budget-conscious buyers. Comes with premium audio.",
Exclusive,Chevrolet,2006,55500,190000,Gasoline,Automatic,Hatchback,foreign_used,5,Blue,ABS; Air Bags; Premium Audio; Power Locks; Power Windows,"2006 Chevrolet Exclusive (foreign used), a budget-friendly hatchback well suited to quick city runs and easy parking — a good fit for budget-conscious buyers. Comes with ABS.",https://upload.wikimedia.org/wikipedia/commons/thumb/2/27/Chevrolet_Spark._Bukhara%2C_Uzbekistan.jpg/960px-Chevrolet_Spark._Bukhara%2C_Uzbekistan.jpg?utm_source=commons.wikimedia.org&utm_campaign=imageinfo&utm_content=thumbnail
Cultus VXR,Suzuki,2002,67000,12345,Gasoline,Manual,Hatchback,foreign_used,5,White,ABS; Air Bags; Premium Audio,"2002 Suzuki Cultus VXR (foreign used), a well-priced hatchback well suited to quick city runs and easy parking — a good fit for budget-conscious buyers. Comes with ABS.",
City IDSI,Honda,2014,151000,105000,Gasoline,Manual,Sedan,foreign_used,5,White,Premium Audio; Power Locks; Power Mirrors; Power Steering; Power Windows; Backup Camera,"2014 Honda City IDSI (foreign used), a well-priced sedan well suited to daily commuting and city driving — a good fit for urban professionals. Comes with premium audio.",https://upload.wikimedia.org/wikipedia/commons/thumb/3/31/Honda_City_1.5_iDSI_2008.jpg/960px-Honda_City_1.5_iDSI_2008.jpg?utm_source=commons.wikimedia.org&utm_campaign=imageinfo&utm_content=thumbnail
Bolan,Suzuki,2022,314000,38000,Gasoline,Manual,Wagon,local_used,5,Black,Premium Audio; Keyless Entry; Power Steering,"2022 Suzuki Bolan (locally used), a well-priced wagon well suited to family trips with plenty of cargo room — a good fit for family-oriented drivers. Comes with premium audio.",https://upload.wikimedia.org/wikipedia/commons/thumb/6/6a/2009-2012_Suzuki_Carry_DA63T.jpg/960px-2009-2012_Suzuki_Carry_DA63T.jpg?utm_source=commons.wikimedia.org&utm_campaign=imageinfo&utm_content=thumbnail
Mehran VXR,Suzuki,2016,70000,138000,Gasoline,Manual,Hatchback,foreign_used,5,Blue,Premium Audio; Keyless Entry; Power Locks,"2016 Suzuki Mehran VXR (foreign used), a well-priced hatchback well suited to quick city runs and easy parking — a good fit for budget-conscious buyers. Comes with premium audio.",
Altis Grande,Toyota,2012,105500,300000,Gasoline,Automatic,Sedan,foreign_used,5,Orange,ABS; Air Bags; Premium Audio; Power Mirrors; Power Windows,"2012 Toyota Altis Grande (foreign used), a well-priced sedan well suited to daily commuting and city driving — a good fit for urban professionals. Comes with ABS.",https://upload.wikimedia.org/wikipedia/commons/thumb/f/f3/2015_Altis_Grande.jpg/960px-2015_Altis_Grande.jpg?utm_source=commons.wikimedia.org&utm_campaign=imageinfo&utm_content=thumbnail
Pajero Mini,Mitsubishi,2007,149500,178000,Gasoline,Manual,SUV,foreign_used,7,White,ABS; Premium Audio; Power Locks; Power Mirrors; Power Steering,"2007 Mitsubishi Pajero Mini (foreign used), a budget-friendly suv well suited to family trips and weekend getaways — a good fit for family-oriented drivers. Comes with ABS.",https://upload.wikimedia.org/wikipedia/commons/f/f9/Pajeromini-1st_Skipper-V.jpg?utm_source=commons.wikimedia.org&utm_campaign=imageinfo&utm_content=thumbnail_unscaled
Wagon R,Suzuki,2007,53500,170000,Gasoline,Automatic,Hatchback,foreign_used,5,Silver,ABS; Air Bags; Premium Audio; Power Locks; Power Steering; Power Windows; Backup Camera,"2007 Suzuki Wagon R (foreign used), a budget-friendly hatchback well suited to quick city runs and easy parking — a good fit for budget-conscious buyers. Comes with ABS.",https://upload.wikimedia.org/wikipedia/commons/thumb/9/94/Suzuki_WagonR_Stingray_2007.jpg/960px-Suzuki_WagonR_Stingray_2007.jpg?utm_source=commons.wikimedia.org&utm_campaign=imageinfo&utm_content=thumbnail
Santro,Hyundai,2010,88500,12563,Gasoline,Manual,Hatchback,local_used,5,Black,Premium Audio; Backup Camera; Immobilizer Key; Keyless Entry,"2010 Hyundai Santro (locally used), a well-priced hatchback well suited to quick city runs and easy parking — a good fit for budget-conscious buyers. Comes with premium audio.",https://upload.wikimedia.org/wikipedia/commons/thumb/9/9c/Cafe_Coffee_Day%2C_Krishnagiri.jpg/960px-Cafe_Coffee_Day%2C_Krishnagiri.jpg?utm_source=commons.wikimedia.org&utm_campaign=imageinfo&utm_content=thumbnail
Cultus VXR,Suzuki,2021,104500,36000,Gasoline,Manual,Hatchback,local_used,5,Yellow,ABS; Air Bags; Premium Audio; Power Mirrors; Power Steering; Backup Camera,"2021 Suzuki Cultus VXR (locally used), a well-priced hatchback well suited to quick city runs and easy parking — a good fit for budget-conscious buyers. Comes with ABS.",
Mehran VXR,Suzuki,2014,93500,70000,Gasoline,Manual,Hatchback,foreign_used,5,Blue,Premium Audio,"2014 Suzuki Mehran VXR (foreign used), a well-priced hatchback well suited to quick city runs and easy parking — a good fit for budget-conscious buyers. Comes with premium audio.",
Cuore,Daihatsu,2001,83500,10000,Gasoline,Manual,Hatchback,local_used,5,Blue,Premium Audio; Power Steering,"2001 Daihatsu Cuore (locally used), a well-priced hatchback well suited to quick city runs and easy parking — a good fit for budget-conscious buyers. Comes with premium audio.",https://upload.wikimedia.org/wikipedia/commons/thumb/f/f4/2001-2003_Daihatsu_Cuore_%28L701%29_3-door_hatchback_%2825734198544%29.jpg/960px-2001-2003_Daihatsu_Cuore_%28L701%29_3-door_hatchback_%2825734198544%29.jpg?utm_source=commons.wikimedia.org&utm_campaign=imageinfo&utm_content=thumbnail
City Aspire,Honda,2000,100500,178000,Gasoline,Automatic,Sedan,local_used,5,Silver,Air Bags; Premium Audio; Power Locks; Power Mirrors; Power Steering; Power Windows,"2000 Honda City Aspire (locally used), a budget-friendly sedan well suited to daily commuting and city driving — a good fit for urban professionals. Comes with air bags.",https://upload.wikimedia.org/wikipedia/commons/thumb/f/f4/HCA_interior.JPG/960px-HCA_interior.JPG?utm_source=commons.wikimedia.org&utm_campaign=imageinfo&utm_content=thumbnail
Cultus VXR,Suzuki,2001,71000,65000,Gasoline,Manual,Hatchback,local_used,5,Black,Premium Audio,"2001 Suzuki Cultus VXR (locally used), a well-priced hatchback well suited to quick city runs and easy parking — a good fit for budget-conscious buyers. Comes with premium audio.",
Civic VTi Oriel,Honda,2006,115000,123456,Gasoline,Manual,Sedan,local_used,5,Black,ABS; Premium Audio; Power Steering; Backup Camera,"2006 Honda Civic VTi Oriel (locally used), a well-priced sedan well suited to daily commuting and city driving — a good fit for urban professionals. Comes with ABS.",
Passo,Toyota,2019,105500,46000,Gasoline,Automatic,Hatchback,foreign_used,5,White,ABS; Air Bags; Premium Audio; Heated Seats,"2019 Toyota Passo (foreign used), a well-priced hatchback well suited to quick city runs and easy parking — a good fit for budget-conscious buyers. Comes with ABS.",https://upload.wikimedia.org/wikipedia/commons/thumb/5/58/2019_Toyota_Passo_Moda_in_Powdery_Beige_Metallic%2C_front_left.jpg/960px-2019_Toyota_Passo_Moda_in_Powdery_Beige_Metallic%2C_front_left.jpg?utm_source=commons.wikimedia.org&utm_campaign=imageinfo&utm_content=thumbnail
X-PV,FAW,2014,78000,100000,Gasoline,Manual,Hatchback,foreign_used,5,Blue,Premium Audio,"2014 FAW X-PV (foreign used), a well-priced hatchback well suited to quick city runs and easy parking — a good fit for budget-conscious buyers. Comes with premium audio.",https://upload.wikimedia.org/wikipedia/commons/6/6b/G_Kim_Wincup_1.jpg?utm_source=commons.wikimedia.org&utm_campaign=imageinfo&utm_content=thumbnail_unscaled
City IDSI,Honda,2011,123500,129000,Gasoline,Manual,Sedan,foreign_used,5,Blue,Premium Audio; Power Locks; Power Mirrors; Power Steering; Power Windows,"2011 Honda City IDSI (foreign used), a well-priced sedan well suited to daily commuting and city driving — a good fit for urban professionals. Comes with premium audio.",https://upload.wikimedia.org/wikipedia/commons/thumb/3/31/Honda_City_1.5_iDSI_2008.jpg/960px-Honda_City_1.5_iDSI_2008.jpg?utm_source=commons.wikimedia.org&utm_campaign=imageinfo&utm_content=thumbnail
Minica,Mitsubishi,2013,86000,100000,Gasoline,Manual,Hatchback,local_used,5,Orange,ABS; Air Bags; Premium Audio; Power Steering; Power Windows,"2013 Mitsubishi Minica (locally used), a well-priced hatchback well suited to quick city runs and easy parking — a good fit for budget-conscious buyers. Comes with ABS.",https://upload.wikimedia.org/wikipedia/commons/thumb/4/4d/Mitsubishi_Minica_Town_Bee_%28H42A%29_rear.JPG/960px-Mitsubishi_Minica_Town_Bee_%28H42A%29_rear.JPG?utm_source=commons.wikimedia.org&utm_campaign=imageinfo&utm_content=thumbnail
Classic,KIA,2003,159000,118000,Gasoline,Manual,Sedan,foreign_used,5,Orange,Premium Audio; Power Steering; Power Windows,"2003 KIA Classic (foreign used), a well-priced sedan well suited to daily commuting and city driving — a good fit for urban professionals. Comes with premium audio.",https://upload.wikimedia.org/wikipedia/commons/thumb/b/bb/%2705-%2708_Kia_Sportage_LX_4WD_%28Byward_Auto_Classic%29.jpg/960px-%2705-%2708_Kia_Sportage_LX_4WD_%28Byward_Auto_Classic%29.jpg?utm_source=commons.wikimedia.org&utm_campaign=imageinfo&utm_content=thumbnail
City Vario,Honda,2000,157500,10000,Gasoline,Manual,Sedan,local_used,5,Silver,Premium Audio; Power Locks; Power Steering,"2000 Honda City Vario (locally used), a well-priced sedan well suited to daily commuting and city driving — a good fit for urban professionals. Comes with premium audio.",https://upload.wikimedia.org/wikipedia/commons/thumb/4/49/Honda_Scoopy_in_different_generations_-_Jambi_City%2C_JA_02.jpg/960px-Honda_Scoopy_in_different_generations_-_Jambi_City%2C_JA_02.jpg?utm_source=commons.wikimedia.org&utm_campaign=imageinfo&utm_content=thumbnail
Ravi,Suzuki,2019,312000,61000,Gasoline,Manual,Truck,local_used,2,Gray,Premium Audio; Immobilizer Key; Power Locks,"2019 Suzuki Ravi (locally used), a well-priced truck well suited to hauling and rough roads — a good fit for adventure seekers. Comes with premium audio.",https://upload.wikimedia.org/wikipedia/commons/thumb/6/6a/2009-2012_Suzuki_Carry_DA63T.jpg/960px-2009-2012_Suzuki_Carry_DA63T.jpg?utm_source=commons.wikimedia.org&utm_campaign=imageinfo&utm_content=thumbnail
City Aspire,Honda,2005,123500,124178,Gasoline,Automatic,Sedan,foreign_used,5,Red,Power Locks; Power Mirrors; Power Steering; Power Windows,"2005 Honda City Aspire (foreign used), a well-priced sedan well suited to daily commuting and city driving — a good fit for urban professionals. Comes with power locks.",https://upload.wikimedia.org/wikipedia/commons/thumb/f/f4/HCA_interior.JPG/960px-HCA_interior.JPG?utm_source=commons.wikimedia.org&utm_campaign=imageinfo&utm_content=thumbnail
Bolan,Suzuki,2018,335500,48000,Gasoline,Manual,Wagon,local_used,5,Blue,Premium Audio; Power Locks,"2018 Suzuki Bolan (locally used), a well-priced wagon well suited to family trips with plenty of cargo room — a good fit for family-oriented drivers. Comes with premium audio.",https://upload.wikimedia.org/wikipedia/commons/thumb/6/6a/2009-2012_Suzuki_Carry_DA63T.jpg/960px-2009-2012_Suzuki_Carry_DA63T.jpg?utm_source=commons.wikimedia.org&utm_campaign=imageinfo&utm_content=thumbnail
Hijet,Daihatsu,2006,246500,100000,Gasoline,Automatic,Truck,foreign_used,2,Black,ABS; Premium Audio; Power Steering,"2006 Daihatsu Hijet (foreign used), a well-priced truck well suited to hauling and rough roads — a good fit for adventure seekers. Comes with ABS.",https://upload.wikimedia.org/wikipedia/commons/thumb/7/77/Ishi_yakiimo_truck_by_bitmask_in_Tokyo.jpg/960px-Ishi_yakiimo_truck_by_bitmask_in_Tokyo.jpg?utm_source=commons.wikimedia.org&utm_campaign=imageinfo&utm_content=thumbnail
Bolan,Suzuki,2011,269000,80000,Gasoline,Manual,Wagon,foreign_used,5,Black,Premium Audio; Keyless Entry; Power Locks; Power Windows,"2011 Suzuki Bolan (foreign used), a well-priced wagon well suited to family trips with plenty of cargo room — a good fit for family-oriented drivers. Comes with premium audio.",https://upload.wikimedia.org/wikipedia/commons/thumb/6/6a/2009-2012_Suzuki_Carry_DA63T.jpg/960px-2009-2012_Suzuki_Carry_DA63T.jpg?utm_source=commons.wikimedia.org&utm_campaign=imageinfo&utm_content=thumbnail
Mehran VXR,Suzuki,2010,78500,87000,Gasoline,Manual,Hatchback,local_used,5,White,Premium Audio; Keyless Entry,"2010 Suzuki Mehran VXR (locally used), a well-priced hatchback well suited to quick city runs and easy parking — a good fit for budget-conscious buyers. Comes with premium audio.",
Joy,Chevrolet,2005,66000,45000,Gasoline,Manual,Hatchback,foreign_used,5,Red,Air Bags; Premium Audio; Power Steering; Power Windows,"2005 Chevrolet Joy (foreign used), a well-priced hatchback well suited to quick city runs and easy parking — a good fit for budget-conscious buyers. Comes with air bags.",https://upload.wikimedia.org/wikipedia/commons/thumb/6/64/Chevrolet_Joy_2018.png/960px-Chevrolet_Joy_2018.png?utm_source=commons.wikimedia.org&utm_campaign=imageinfo&utm_content=thumbnail
Minicab Bravo,Mitsubishi,2011,271000,64000,Gasoline,Automatic,Truck,local_used,2,Silver,Air Bags; Premium Audio; Backup Camera,"2011 Mitsubishi Minicab Bravo (locally used), a well-priced truck well suited to hauling and rough roads — a good fit for adventure seekers. Comes with air bags.",https://upload.wikimedia.org/wikipedia/commons/thumb/2/22/Mitsubishi_Minicab_Bravo_002.JPG/960px-Mitsubishi_Minicab_Bravo_002.JPG?utm_source=commons.wikimedia.org&utm_campaign=imageinfo&utm_content=thumbnail
Joy,Chevrolet,2011,63500,120000,Gasoline,Manual,Hatchback,local_used,5,White,Power Locks; Power Mirrors; Power Steering; Power Windows,"2011 Chevrolet Joy (locally used), a well-priced hatchback well suited to quick city runs and easy parking — a good fit for budget-conscious buyers. Comes with power locks.",https://upload.wikimedia.org/wikipedia/commons/thumb/6/64/Chevrolet_Joy_2018.png/960px-Chevrolet_Joy_2018.png?utm_source=commons.wikimedia.org&utm_campaign=imageinfo&utm_content=thumbnail
Mehran VXR,Suzuki,2004,64500,123456,Gasoline,Manual,Hatchback,foreign_used,5,Gray,Premium Audio,"2004 Suzuki Mehran VXR (foreign used), a well-priced hatchback well suited to quick city runs and easy parking — a good fit for budget-conscious buyers. Comes with premium audio.",
City Aspire,Honda,2002,113500,116922,Gasoline,Manual,Sedan,foreign_used,5,Silver,Power Locks; Power Steering; Power Windows,"2002 Honda City Aspire (foreign used), a well-priced sedan well suited to daily commuting and city driving — a good fit for urban professionals. Comes with power locks.",https://upload.wikimedia.org/wikipedia/commons/thumb/f/f4/HCA_interior.JPG/960px-HCA_interior.JPG?utm_source=commons.wikimedia.org&utm_campaign=imageinfo&utm_content=thumbnail
Bolan,Suzuki,2006,258500,59421,Gasoline,Automatic,Wagon,foreign_used,5,Black,Premium Audio,"2006 Suzuki Bolan (foreign used), a well-priced wagon well suited to family trips with plenty of cargo room — a good fit for family-oriented drivers. Comes with premium audio.",https://upload.wikimedia.org/wikipedia/commons/thumb/6/6a/2009-2012_Suzuki_Carry_DA63T.jpg/960px-2009-2012_Suzuki_Carry_DA63T.jpg?utm_source=commons.wikimedia.org&utm_campaign=imageinfo&utm_content=thumbnail
Minicab Bravo,Mitsubishi,2010,207000,100000,Gasoline,Automatic,Truck,foreign_used,2,White,Air Bags; Premium Audio; Power Locks; Power Steering,"2010 Mitsubishi Minicab Bravo (foreign used), a well-priced truck well suited to hauling and rough roads — a good fit for adventure seekers. Comes with air bags.",https://upload.wikimedia.org/wikipedia/commons/thumb/2/22/Mitsubishi_Minicab_Bravo_002.JPG/960px-Mitsubishi_Minicab_Bravo_002.JPG?utm_source=commons.wikimedia.org&utm_campaign=imageinfo&utm_content=thumbnail
Minicab Bravo,Mitsubishi,2013,229500,90000,Gasoline,Manual,Truck,local_used,2,Gray,ABS; Air Bags; Premium Audio,"2013 Mitsubishi Minicab Bravo (locally used), a well-priced truck well suited to hauling and rough roads — a good fit for adventure seekers. Comes with ABS.",https://upload.wikimedia.org/wikipedia/commons/thumb/2/22/Mitsubishi_Minicab_Bravo_002.JPG/960px-Mitsubishi_Minicab_Bravo_002.JPG?utm_source=commons.wikimedia.org&utm_campaign=imageinfo&utm_content=thumbnail
Every,Suzuki,2003,167000,185000,Gasoline,Automatic,Wagon,foreign_used,5,Silver,Air Bags; Premium Audio; Power Locks; Power Steering,"2003 Suzuki Every (foreign used), a budget-friendly wagon well suited to family trips with plenty of cargo room — a good fit for family-oriented drivers. Comes with air bags.",https://upload.wikimedia.org/wikipedia/commons/thumb/8/84/Suzuki_e_Every_Concept.jpg/960px-Suzuki_e_Every_Concept.jpg?utm_source=commons.wikimedia.org&utm_campaign=imageinfo&utm_content=thumbnail
Altis Grande,Toyota,2020,158500,78000,Gasoline,Manual,Sedan,foreign_used,5,Gray,Air Bags; Power Steering; Power Windows; Backup Camera,"2020 Toyota Altis Grande (foreign used), a well-priced sedan well suited to daily commuting and city driving — a good fit for urban professionals. Comes with air bags.",https://upload.wikimedia.org/wikipedia/commons/thumb/f/f3/2015_Altis_Grande.jpg/960px-2015_Altis_Grande.jpg?utm_source=commons.wikimedia.org&utm_campaign=imageinfo&utm_content=thumbnail
Picanto,KIA,2008,88000,136000,Gasoline,Manual,Hatchback,foreign_used,5,Silver,Premium Audio,"2008 KIA Picanto (foreign used), a well-priced hatchback well suited to quick city runs and easy parking — a good fit for budget-conscious buyers. Comes with premium audio.",https://upload.wikimedia.org/wikipedia/commons/a/a8/Kia_Picanto_2008_Facelift.jpg?utm_source=commons.wikimedia.org&utm_campaign=imageinfo&utm_content=thumbnail_unscaled
Minica,Mitsubishi,2010,41500,300000,Gasoline,Automatic,Hatchback,foreign_used,5,Blue,Air Bags; Premium Audio; Power Steering; Backup Camera,"2010 Mitsubishi Minica (foreign used), a budget-friendly hatchback well suited to quick city runs and easy parking — a good fit for budget-conscious buyers. Comes with air bags.",https://upload.wikimedia.org/wikipedia/commons/thumb/2/23/7th_generation_Mitsubishi_Minica_Town_Bee.jpg/960px-7th_generation_Mitsubishi_Minica_Town_Bee.jpg?utm_source=commons.wikimedia.org&utm_campaign=imageinfo&utm_content=thumbnail
Alto,Suzuki,2002,86500,12345,Gasoline,Automatic,Hatchback,local_used,5,Silver,Premium Audio,"2002 Suzuki Alto (locally used), a well-priced hatchback well suited to quick city runs and easy parking — a good fit for budget-conscious buyers. Comes with premium audio.",https://upload.wikimedia.org/wikipedia/commons/thumb/9/9a/Auto_Suzuki_Alto_Ramenskoye_Krasnoarmeiskaya_street_%D0%A1561%D0%90%D0%A3790_2024-12_1735650547.JPG/960px-Auto_Suzuki_Alto_Ramenskoye_Krasnoarmeiskaya_street_%D0%A1561%D0%90%D0%A3790_2024-12_1735650547.JPG?utm_source=commons.wikimedia.org&utm_campaign=imageinfo&utm_content=thumbnail
Classic,KIA,2002,175000,150000,Gasoline,Manual,Sedan,foreign_used,5,Silver,Premium Audio,"2002 KIA Classic (foreign used), a well-priced sedan well suited to daily commuting and city driving — a good fit for urban professionals. Comes with premium audio.",https://upload.wikimedia.org/wikipedia/commons/thumb/b/b3/2005_Kia_Magentis_2.0_%2853079371304%29.jpg/960px-2005_Kia_Magentis_2.0_%2853079371304%29.jpg?utm_source=commons.wikimedia.org&utm_campaign=imageinfo&utm_content=thumbnail
Mehran VXR,Suzuki,2011,91000,1200,Gasoline,Manual,Hatchback,local_used,5,Blue,Premium Audio,"2011 Suzuki Mehran VXR (locally used), a well-priced hatchback well suited to quick city runs and easy parking — a good fit for budget-conscious buyers. Comes with premium audio.",
Mehran VXR,Suzuki,2009,71000,81512,Gasoline,Manual,Hatchback,foreign_used,5,Black,Premium Audio,"2009 Suzuki Mehran VXR (foreign used), a well-priced hatchback well suited to quick city runs and easy parking — a good fit for budget-conscious buyers. Comes with premium audio.",
Cultus VXR,Suzuki,2010,89000,1234,Gasoline,Manual,Hatchback,local_used,5,White,Premium Audio; Power Locks,"2010 Suzuki Cultus VXR (locally used), a well-priced hatchback well suited to quick city runs and easy parking — a good fit for budget-conscious buyers. Comes with premium audio.",
Bolan,Suzuki,2002,187000,150000,Gasoline,Manual,Wagon,foreign_used,5,White,Premium Audio,"2002 Suzuki Bolan (foreign used), a budget-friendly wagon well suited to family trips with plenty of cargo room — a good fit for family-oriented drivers. Comes with premium audio.",https://upload.wikimedia.org/wikipedia/commons/thumb/6/6a/2009-2012_Suzuki_Carry_DA63T.jpg/960px-2009-2012_Suzuki_Carry_DA63T.jpg?utm_source=commons.wikimedia.org&utm_campaign=imageinfo&utm_content=thumbnail
Every,Suzuki,2002,227500,70000,Gasoline,Manual,Wagon,foreign_used,5,Gray,Air Bags; Power Steering; Power Windows,"2002 Suzuki Every (foreign used), a well-priced wagon well suited to family trips with plenty of cargo room — a good fit for family-oriented drivers. Comes with air bags.",https://upload.wikimedia.org/wikipedia/commons/thumb/8/84/Suzuki_e_Every_Concept.jpg/960px-Suzuki_e_Every_Concept.jpg?utm_source=commons.wikimedia.org&utm_campaign=imageinfo&utm_content=thumbnail
Bolan,Suzuki,2020,306000,40000,Gasoline,Manual,Wagon,local_used,5,Silver,Premium Audio,"2020 Suzuki Bolan (locally used), a well-priced wagon well suited to family trips with plenty of cargo room — a good fit for family-oriented drivers. Comes with premium audio.",https://upload.wikimedia.org/wikipedia/commons/thumb/6/6a/2009-2012_Suzuki_Carry_DA63T.jpg/960px-2009-2012_Suzuki_Carry_DA63T.jpg?utm_source=commons.wikimedia.org&utm_campaign=imageinfo&utm_content=thumbnail
Ravi,Suzuki,2018,288000,49000,Gasoline,Manual,Truck,foreign_used,2,Gray,Premium Audio,"2018 Suzuki Ravi (foreign used), a well-priced truck well suited to hauling and rough roads — a good fit for adventure seekers. Comes with premium audio.",https://upload.wikimedia.org/wikipedia/commons/thumb/6/6a/2009-2012_Suzuki_Carry_DA63T.jpg/960px-2009-2012_Suzuki_Carry_DA63T.jpg?utm_source=commons.wikimedia.org&utm_campaign=imageinfo&utm_content=thumbnail
Mehran VXR,Suzuki,2020,85500,65000,Gasoline,Manual,Hatchback,local_used,5,White,Premium Audio,"2020 Suzuki Mehran VXR (locally used), a well-priced hatchback well suited to quick city runs and easy parking — a good fit for budget-conscious buyers. Comes with premium audio.",
Minicab Bravo,Mitsubishi,2018,235500,171000,Gasoline,Manual,Truck,foreign_used,2,White,ABS; Air Bags; Premium Audio; Power Steering,"2018 Mitsubishi Minicab Bravo (foreign used), a well-priced truck well suited to hauling and rough roads — a good fit for adventure seekers. Comes with ABS.",https://upload.wikimedia.org/wikipedia/commons/thumb/2/22/Mitsubishi_Minicab_Bravo_002.JPG/960px-Mitsubishi_Minicab_Bravo_002.JPG?utm_source=commons.wikimedia.org&utm_campaign=imageinfo&utm_content=thumbnail
Minica,Mitsubishi,2017,73000,170000,Gasoline,Automatic,Hatchback,foreign_used,5,White,ABS; Air Bags; Power Steering; Power Windows,"2017 Mitsubishi Minica (foreign used), a well-priced hatchback well suited to quick city runs and easy parking — a good fit for budget-conscious buyers. Comes with ABS.",https://upload.wikimedia.org/wikipedia/commons/thumb/1/11/Mitsubishi_Minica_Townbee_5door_rear.jpg/960px-Mitsubishi_Minica_Townbee_5door_rear.jpg?utm_source=commons.wikimedia.org&utm_campaign=imageinfo&utm_content=thumbnail
Picanto,KIA,2006,107500,74000,Gasoline,Manual,Hatchback,foreign_used,5,Black,Backup Camera; Power Steering,"2006 KIA Picanto (foreign used), a well-priced hatchback well suited to quick city runs and easy parking — a good fit for budget-conscious buyers. Comes with backup camera.",https://upload.wikimedia.org/wikipedia/commons/0/07/Kia_Picanto_2006_4.jpg?utm_source=commons.wikimedia.org&utm_campaign=imageinfo&utm_content=thumbnail_unscaled
Hijet,Daihatsu,2020,248000,100000,Gasoline,Manual,Truck,local_used,2,Silver,Premium Audio; Power Steering; Backup Camera,"2020 Daihatsu Hijet (locally used), a well-priced truck well suited to hauling and rough roads — a good fit for adventure seekers. Comes with premium audio.",https://upload.wikimedia.org/wikipedia/commons/thumb/a/af/Osaka_Auto_Messe_2020_%2840%29_-_Daihatsu_HIJET_TRUCK_DJ_ver.jpg/960px-Osaka_Auto_Messe_2020_%2840%29_-_Daihatsu_HIJET_TRUCK_DJ_ver.jpg?utm_source=commons.wikimedia.org&utm_campaign=imageinfo&utm_content=thumbnail
Minica,Mitsubishi,2016,72500,98000,Gasoline,Automatic,Hatchback,foreign_used,5,Black,ABS; Premium Audio,"2016 Mitsubishi Minica (foreign used), a well-priced hatchback well suited to quick city runs and easy parking — a good fit for budget-conscious buyers. Comes with ABS.",https://upload.wikimedia.org/wikipedia/commons/thumb/d/d2/1967_Mitsubishi_Minica_LT23_rear.jpg/960px-1967_Mitsubishi_Minica_LT23_rear.jpg?utm_source=commons.wikimedia.org&utm_campaign=imageinfo&utm_content=thumbnail
Mehran VXR,Suzuki,2003,82500,44000,Gasoline,Manual,Hatchback,foreign_used,5,Black,Premium Audio,"2003 Suzuki Mehran VXR (foreign used), a well-priced hatchback well suited to quick city runs and easy parking — a good fit for budget-conscious buyers. Comes with premium audio.",
Cultus VXR,Suzuki,2000,55500,93000,Gasoline,Manual,Hatchback,foreign_used,5,Red,Premium Audio,"2000 Suzuki Cultus VXR (foreign used), a budget-friendly hatchback well suited to quick city runs and easy parking — a good fit for budget-conscious buyers. Comes with premium audio.",
Bolan,Suzuki,2009,282500,60000,Gasoline,Manual,Wagon,foreign_used,5,Black,Premium Audio,"2009 Suzuki Bolan (foreign used), a well-priced wagon well suited to family trips with plenty of cargo room — a good fit for family-oriented drivers. Comes with premium audio.",https://upload.wikimedia.org/wikipedia/commons/thumb/6/6a/2009-2012_Suzuki_Carry_DA63T.jpg/960px-2009-2012_Suzuki_Carry_DA63T.jpg?utm_source=commons.wikimedia.org&utm_campaign=imageinfo&utm_content=thumbnail
Ravi,Suzuki,2014,194500,200000,Gasoline,Manual,Truck,foreign_used,2,Silver,Premium Audio,"2014 Suzuki Ravi (foreign used), a budget-friendly truck well suited to hauling and rough roads — a good fit for adventure seekers. Comes with premium audio.",https://upload.wikimedia.org/wikipedia/commons/thumb/6/6a/2009-2012_Suzuki_Carry_DA63T.jpg/960px-2009-2012_Suzuki_Carry_DA63T.jpg?utm_source=commons.wikimedia.org&utm_campaign=imageinfo&utm_content=thumbnail
City IVTEC,Honda,2004,98500,165000,Gasoline,Automatic,Sedan,local_used,5,Blue,ABS; Premium Audio,"2004 Honda City IVTEC (locally used), a budget-friendly sedan well suited to daily commuting and city driving — a good fit for urban professionals. Comes with ABS.",https://upload.wikimedia.org/wikipedia/commons/thumb/0/02/Steering_Wheel_of_Honda_City_7th_Generation_%285th_Generation_Sedan%29_iVTEC_2022.jpg/960px-Steering_Wheel_of_Honda_City_7th_Generation_%285th_Generation_Sedan%29_iVTEC_2022.jpg?utm_source=commons.wikimedia.org&utm_campaign=imageinfo&utm_content=thumbnail
Minicab Bravo,Mitsubishi,2020,232500,143143,Gasoline,Manual,Truck,local_used,2,Black,ABS; Air Bags; Premium Audio,"2020 Mitsubishi Minicab Bravo (locally used), a well-priced truck well suited to hauling and rough roads — a good fit for adventure seekers. Comes with ABS.",https://upload.wikimedia.org/wikipedia/commons/thumb/2/22/Mitsubishi_Minicab_Bravo_002.JPG/960px-Mitsubishi_Minicab_Bravo_002.JPG?utm_source=commons.wikimedia.org&utm_campaign=imageinfo&utm_content=thumbnail
Ravi,Suzuki,2013,226000,100000,Gasoline,Manual,Truck,local_used,2,Silver,ABS; Premium Audio; Power Steering; Power Windows,"2013 Suzuki Ravi (locally used), a well-priced truck well suited to hauling and rough roads — a good fit for adventure seekers. Comes with ABS.",https://upload.wikimedia.org/wikipedia/commons/thumb/6/6a/2009-2012_Suzuki_Carry_DA63T.jpg/960px-2009-2012_Suzuki_Carry_DA63T.jpg?utm_source=commons.wikimedia.org&utm_campaign=imageinfo&utm_content=thumbnail
Mehran VX,Suzuki,2017,101000,42000,Gasoline,Manual,Hatchback,local_used,5,Blue,Premium Audio,"2017 Suzuki Mehran VX (locally used), a well-priced hatchback well suited to quick city runs and easy parking — a good fit for budget-conscious buyers. Comes with premium audio.",
X-PV,FAW,2013,65000,183000,Gasoline,Manual,Hatchback,foreign_used,5,Red,Backup Camera; Keyless Entry; Power Steering,"2013 FAW X-PV (foreign used), a well-priced hatchback well suited to quick city runs and easy parking — a good fit for budget-conscious buyers. Comes with backup camera.",https://upload.wikimedia.org/wikipedia/commons/6/6b/G_Kim_Wincup_1.jpg?utm_source=commons.wikimedia.org&utm_campaign=imageinfo&utm_content=thumbnail_unscaled
Ek Wagon,Mitsubishi,2023,400500,6000,Gasoline,Automatic,Wagon,local_used,5,White,ABS; Air Bags; Premium Audio,"2023 Mitsubishi Ek Wagon (locally used), a premium wagon well suited to family trips with plenty of cargo room — a good fit for family-oriented drivers. Comes with ABS.",https://upload.wikimedia.org/wikipedia/commons/thumb/d/d4/Mitsubishi_ek_%E3%83%BBWagon_-_ja-a.jpg/960px-Mitsubishi_ek_%E3%83%BBWagon_-_ja-a.jpg?utm_source=commons.wikimedia.org&utm_campaign=imageinfo&utm_content=thumbnail
City Vario,Honda,2017,205000,10000,Gasoline,Manual,Sedan,foreign_used,5,Red,Air Bags; Premium Audio; Power Windows,"2017 Honda City Vario (foreign used), a premium sedan well suited to daily commuting and city driving — a good fit for urban professionals. Comes with air bags.",https://upload.wikimedia.org/wikipedia/commons/thumb/4/49/Honda_Scoopy_in_different_generations_-_Jambi_City%2C_JA_02.jpg/960px-Honda_Scoopy_in_different_generations_-_Jambi_City%2C_JA_02.jpg?utm_source=commons.wikimedia.org&utm_campaign=imageinfo&utm_content=thumbnail
Ravi,Suzuki,2022,310500,27500,Gasoline,Manual,Truck,foreign_used,2,Silver,Premium Audio,"2022 Suzuki Ravi (foreign used), a well-priced truck well suited to hauling and rough roads — a good fit for adventure seekers. Comes with premium audio.",https://upload.wikimedia.org/wikipedia/commons/thumb/6/6a/2009-2012_Suzuki_Carry_DA63T.jpg/960px-2009-2012_Suzuki_Carry_DA63T.jpg?utm_source=commons.wikimedia.org&utm_campaign=imageinfo&utm_content=thumbnail
Ravi,Suzuki,2021,382500,50000,Gasoline,Manual,Truck,foreign_used,2,Black,Premium Audio; Immobilizer Key,"2021 Suzuki Ravi (foreign used), a premium truck well suited to hauling and rough roads — a good fit for adventure seekers. Comes with premium audio.",https://upload.wikimedia.org/wikipedia/commons/thumb/6/6a/2009-2012_Suzuki_Carry_DA63T.jpg/960px-2009-2012_Suzuki_Carry_DA63T.jpg?utm_source=commons.wikimedia.org&utm_campaign=imageinfo&utm_content=thumbnail
Ravi,Suzuki,2016,317000,72000,Gasoline,Manual,Truck,foreign_used,2,Black,Premium Audio,"2016 Suzuki Ravi (foreign used), a well-priced truck well suited to hauling and rough roads — a good fit for adventure seekers. Comes with premium audio.",https://upload.wikimedia.org/wikipedia/commons/thumb/6/6a/2009-2012_Suzuki_Carry_DA63T.jpg/960px-2009-2012_Suzuki_Carry_DA63T.jpg?utm_source=commons.wikimedia.org&utm_campaign=imageinfo&utm_content=thumbnail
Bolan,Suzuki,2000,206500,44500,Gasoline,Manual,Wagon,local_used,5,Orange,,"2000 Suzuki Bolan (locally used), a budget-friendly wagon well suited to family trips with plenty of cargo room — a good fit for family-oriented drivers.",https://upload.wikimedia.org/wikipedia/commons/thumb/6/6a/2009-2012_Suzuki_Carry_DA63T.jpg/960px-2009-2012_Suzuki_Carry_DA63T.jpg?utm_source=commons.wikimedia.org&utm_campaign=imageinfo&utm_content=thumbnail
Bolan,Suzuki,2005,299500,22000,Gasoline,Manual,Wagon,foreign_used,5,Silver,Premium Audio,"2005 Suzuki Bolan (foreign used), a well-priced wagon well suited to family trips with plenty of cargo room — a good fit for family-oriented drivers. Comes with premium audio.",https://upload.wikimedia.org/wikipedia/commons/thumb/6/6a/2009-2012_Suzuki_Carry_DA63T.jpg/960px-2009-2012_Suzuki_Carry_DA63T.jpg?utm_source=commons.wikimedia.org&utm_campaign=imageinfo&utm_content=thumbnail
Ravi,Suzuki,2020,358000,28000,Gasoline,Manual,Truck,foreign_used,2,Black,Premium Audio,"2020 Suzuki Ravi (foreign used), a well-priced truck well suited to hauling and rough roads — a good fit for adventure seekers. Comes with premium audio.",https://upload.wikimedia.org/wikipedia/commons/thumb/6/6a/2009-2012_Suzuki_Carry_DA63T.jpg/960px-2009-2012_Suzuki_Carry_DA63T.jpg?utm_source=commons.wikimedia.org&utm_campaign=imageinfo&utm_content=thumbnail
Mehran VXR,Suzuki,2001,76000,12345,Gasoline,Manual,Hatchback,foreign_used,5,Silver,Premium Audio,"2001 Suzuki Mehran VXR (foreign used), a well-priced hatchback well suited to quick city runs and easy parking — a good fit for budget-conscious buyers. Comes with premium audio.",
Baleno,Suzuki,2018,99000,72000,Gasoline,Manual,Hatchback,local_used,5,Black,Premium Audio,"2018 Suzuki Baleno (locally used), a well-priced hatchback well suited to quick city runs and easy parking — a good fit for budget-conscious buyers. Comes with premium audio.",https://upload.wikimedia.org/wikipedia/commons/thumb/7/72/2018_Suzuki_Baleno_GL_1.4_WB52S_%2820210812%29.jpg/960px-2018_Suzuki_Baleno_GL_1.4_WB52S_%2820210812%29.jpg?utm_source=commons.wikimedia.org&utm_campaign=imageinfo&utm_content=thumbnail
Bolan,Suzuki,2003,283000,6790,Gasoline,Manual,Wagon,foreign_used,5,White,,"2003 Suzuki Bolan (foreign used), a well-priced wagon well suited to family trips with plenty of cargo room — a good fit for family-oriented drivers.",https://upload.wikimedia.org/wikipedia/commons/thumb/6/6a/2009-2012_Suzuki_Carry_DA63T.jpg/960px-2009-2012_Suzuki_Carry_DA63T.jpg?utm_source=commons.wikimedia.org&utm_campaign=imageinfo&utm_content=thumbnail
Ravi,Suzuki,2005,213000,120000,Gasoline,Manual,Truck,foreign_used,2,White,Premium Audio,"2005 Suzuki Ravi (foreign used), a well-priced truck well suited to hauling and rough roads — a good fit for adventure seekers. Comes with premium audio.",https://upload.wikimedia.org/wikipedia/commons/thumb/6/6a/2009-2012_Suzuki_Carry_DA63T.jpg/960px-2009-2012_Suzuki_Carry_DA63T.jpg?utm_source=commons.wikimedia.org&utm_campaign=imageinfo&utm_content=thumbnail
City Aspire,Honda,2008,102000,155555,Gasoline,Manual,Sedan,foreign_used,5,White,,"2008 Honda City Aspire (foreign used), a budget-friendly sedan well suited to daily commuting and city driving — a good fit for urban professionals.",https://upload.wikimedia.org/wikipedia/commons/thumb/f/f4/HCA_interior.JPG/960px-HCA_interior.JPG?utm_source=commons.wikimedia.org&utm_campaign=imageinfo&utm_content=thumbnail
Ravi,Suzuki,2015,313500,12345,Gasoline,Manual,Truck,local_used,2,White,Premium Audio,"2015 Suzuki Ravi (locally used), a well-priced truck well suited to hauling and rough roads — a good fit for adventure seekers. Comes with premium audio.",https://upload.wikimedia.org/wikipedia/commons/thumb/6/6a/2009-2012_Suzuki_Carry_DA63T.jpg/960px-2009-2012_Suzuki_Carry_DA63T.jpg?utm_source=commons.wikimedia.org&utm_campaign=imageinfo&utm_content=thumbnail
Pajero Mini,Mitsubishi,2016,224000,150000,Gasoline,Manual,SUV,foreign_used,7,White,Premium Audio; Power Windows,"2016 Mitsubishi Pajero Mini (foreign used), a well-priced suv well suited to family trips and weekend getaways — a good fit for family-oriented drivers. Comes with premium audio.",https://upload.wikimedia.org/wikipedia/commons/thumb/2/20/Mitsubishi_pajeromini_snoopyeditionii_1_f.jpg/960px-Mitsubishi_pajeromini_snoopyeditionii_1_f.jpg?utm_source=commons.wikimedia.org&utm_campaign=imageinfo&utm_content=thumbnail
Yaris,Toyota,2010,130000,100000,Gasoline,Manual,Sedan,foreign_used,5,Gray,Premium Audio,"2010 Toyota Yaris (foreign used), a well-priced sedan well suited to daily commuting and city driving — a good fit for urban professionals. Comes with premium audio.",https://upload.wikimedia.org/wikipedia/commons/thumb/6/6f/2009_Toyota_Yaris_%28NCP93R%29_YRX_sedan_%282010-11-09%29_04.jpg/960px-2009_Toyota_Yaris_%28NCP93R%29_YRX_sedan_%282010-11-09%29_04.jpg?utm_source=commons.wikimedia.org&utm_campaign=imageinfo&utm_content=thumbnail
Khyber,Suzuki,1989,35500,142536,Gasoline,Manual,Hatchback,foreign_used,5,White,Premium Audio,"1989 Suzuki Khyber (foreign used), a budget-friendly hatchback well suited to quick city runs and easy parking — a good fit for budget-conscious buyers. Comes with premium audio.",https://upload.wikimedia.org/wikipedia/commons/thumb/3/30/Suzuki_Swift_%282024%29_hybrid_DSC_7922.jpg/960px-Suzuki_Swift_%282024%29_hybrid_DSC_7922.jpg?utm_source=commons.wikimedia.org&utm_campaign=imageinfo&utm_content=thumbnail
Surf,Toyota,1993,122000,123456,Diesel,Automatic,SUV,foreign_used,7,Black,ABS,"1993 Toyota Surf (foreign used), a budget-friendly suv well suited to family trips and weekend getaways — a good fit for family-oriented drivers. Comes with ABS.",https://upload.wikimedia.org/wikipedia/commons/thumb/1/13/1993_Toyota_Hilux_Surf_SSR-X_in_Grey%2C_rear_left.jpg/960px-1993_Toyota_Hilux_Surf_SSR-X_in_Grey%2C_rear_left.jpg?utm_source=commons.wikimedia.org&utm_campaign=imageinfo&utm_content=thumbnail
City IVTEC,Honda,2005,125000,100000,Gasoline,Automatic,Sedan,foreign_used,5,Red,Power Steering,"2005 Honda City IVTEC (foreign used), a well-priced sedan well suited to daily commuting and city driving — a good fit for urban professionals. Comes with power steering.",https://upload.wikimedia.org/wikipedia/commons/thumb/0/02/Steering_Wheel_of_Honda_City_7th_Generation_%285th_Generation_Sedan%29_iVTEC_2022.jpg/960px-Steering_Wheel_of_Honda_City_7th_Generation_%285th_Generation_Sedan%29_iVTEC_2022.jpg?utm_source=commons.wikimedia.org&utm_campaign=imageinfo&utm_content=thumbnail
Minica,Mitsubishi,2012,83500,80000,Gasoline,Automatic,Hatchback,foreign_used,5,Silver,Power Steering,"2012 Mitsubishi Minica (foreign used), a well-priced hatchback well suited to quick city runs and easy parking — a good fit for budget-conscious buyers. Comes with power steering.",https://upload.wikimedia.org/wikipedia/commons/9/90/Mitsubishi-Minica70rear.jpg?utm_source=commons.wikimedia.org&utm_campaign=imageinfo&utm_content=thumbnail_unscaled
Bolan,Suzuki,2023,437000,4000,Gasoline,Manual,Wagon,local_used,5,Gray,Immobilizer Key,"2023 Suzuki Bolan (locally used), a premium wagon well suited to family trips with plenty of cargo room — a good fit for family-oriented drivers. Comes with immobilizer key.",https://upload.wikimedia.org/wikipedia/commons/thumb/6/6a/2009-2012_Suzuki_Carry_DA63T.jpg/960px-2009-2012_Suzuki_Carry_DA63T.jpg?utm_source=commons.wikimedia.org&utm_campaign=imageinfo&utm_content=thumbnail
Ravi,Suzuki,2017,281000,60585,Gasoline,Manual,Truck,foreign_used,2,White,Power Steering; Power Windows,"2017 Suzuki Ravi (foreign used), a well-priced truck well suited to hauling and rough roads — a good fit for adventure seekers. Comes with power steering.",https://upload.wikimedia.org/wikipedia/commons/thumb/6/6a/2009-2012_Suzuki_Carry_DA63T.jpg/960px-2009-2012_Suzuki_Carry_DA63T.jpg?utm_source=commons.wikimedia.org&utm_campaign=imageinfo&utm_content=thumbnail
Bolan,Suzuki,2004,197000,80000,Gasoline,Manual,Wagon,foreign_used,5,White,Navigation,"2004 Suzuki Bolan (foreign used), a budget-friendly wagon well suited to family trips with plenty of cargo room — a good fit for family-oriented drivers. Comes with navigation.",https://upload.wikimedia.org/wikipedia/commons/thumb/6/6a/2009-2012_Suzuki_Carry_DA63T.jpg/960px-2009-2012_Suzuki_Carry_DA63T.jpg?utm_source=commons.wikimedia.org&utm_campaign=imageinfo&utm_content=thumbnail
Minicab Bravo,Mitsubishi,2009,255500,30000,Gasoline,Automatic,Truck,local_used,2,White,ABS; Air Bags,"2009 Mitsubishi Minicab Bravo (locally used), a well-priced truck well suited to hauling and rough roads — a good fit for adventure seekers. Comes with ABS.",https://upload.wikimedia.org/wikipedia/commons/thumb/2/22/Mitsubishi_Minicab_Bravo_002.JPG/960px-Mitsubishi_Minicab_Bravo_002.JPG?utm_source=commons.wikimedia.org&utm_campaign=imageinfo&utm_content=thumbnail
Move,Daihatsu,2001,85000,1222,Gasoline,Automatic,Hatchback,foreign_used,5,White,ABS; Air Bags; Power Mirrors,"2001 Daihatsu Move (foreign used), a well-priced hatchback well suited to quick city runs and easy parking — a good fit for budget-conscious buyers. Comes with ABS.",https://upload.wikimedia.org/wikipedia/commons/thumb/c/c4/Daihatsu_Move_Latte_RS.jpg/960px-Daihatsu_Move_Latte_RS.jpg?utm_source=commons.wikimedia.org&utm_campaign=imageinfo&utm_content=thumbnail
Ravi,Suzuki,2012,261000,100000,Gasoline,Manual,Truck,foreign_used,2,Black,Premium Audio,"2012 Suzuki Ravi (foreign used), a well-priced truck well suited to hauling and rough roads — a good fit for adventure seekers. Comes with premium audio.",https://upload.wikimedia.org/wikipedia/commons/thumb/6/6a/2009-2012_Suzuki_Carry_DA63T.jpg/960px-2009-2012_Suzuki_Carry_DA63T.jpg?utm_source=commons.wikimedia.org&utm_campaign=imageinfo&utm_content=thumbnail
Ravi,Suzuki,2008,268000,12345,Gasoline,Manual,Truck,foreign_used,2,White,Premium Audio,"2008 Suzuki Ravi (foreign used), a well-priced truck well suited to hauling and rough roads — a good fit for adventure seekers. Comes with premium audio.",https://upload.wikimedia.org/wikipedia/commons/thumb/6/6a/2009-2012_Suzuki_Carry_DA63T.jpg/960px-2009-2012_Suzuki_Carry_DA63T.jpg?utm_source=commons.wikimedia.org&utm_campaign=imageinfo&utm_content=thumbnail
Mehran VXR,Suzuki,2002,76000,52852,Gasoline,Manual,Hatchback,foreign_used,5,White,,"2002 Suzuki Mehran VXR (foreign used), a well-priced hatchback well suited to quick city runs and easy parking — a good fit for budget-conscious buyers.",
Cultus VXL,Suzuki,2007,76500,98000,Gasoline,Manual,Hatchback,local_used,5,White,,"2007 Suzuki Cultus VXL (locally used), a well-priced hatchback well suited to quick city runs and easy parking — a good fit for budget-conscious buyers.",
Ravi,Suzuki,2006,243000,100000,Gasoline,Manual,Truck,foreign_used,2,Silver,,"2006 Suzuki Ravi (foreign used), a well-priced truck well suited to hauling and rough roads — a good fit for adventure seekers.",https://upload.wikimedia.org/wikipedia/commons/thumb/6/6a/2009-2012_Suzuki_Carry_DA63T.jpg/960px-2009-2012_Suzuki_Carry_DA63T.jpg?utm_source=commons.wikimedia.org&utm_campaign=imageinfo&utm_content=thumbnail
Ravi,Suzuki,2011,345000,10000,Gasoline,Manual,Truck,local_used,2,White,Premium Audio,"2011 Suzuki Ravi (locally used), a well-priced truck well suited to hauling and rough roads — a good fit for adventure seekers. Comes with premium audio.",https://upload.wikimedia.org/wikipedia/commons/thumb/6/6a/2009-2012_Suzuki_Carry_DA63T.jpg/960px-2009-2012_Suzuki_Carry_DA63T.jpg?utm_source=commons.wikimedia.org&utm_campaign=imageinfo&utm_content=thumbnail
Ravi,Suzuki,2007,233500,56897,Gasoline,Manual,Truck,foreign_used,2,Black,Premium Audio,"2007 Suzuki Ravi (foreign used), a well-priced truck well suited to hauling and rough roads — a good fit for adventure seekers. Comes with premium audio.",https://upload.wikimedia.org/wikipedia/commons/thumb/6/6a/2009-2012_Suzuki_Carry_DA63T.jpg/960px-2009-2012_Suzuki_Carry_DA63T.jpg?utm_source=commons.wikimedia.org&utm_campaign=imageinfo&utm_content=thumbnail
Minicab Bravo,Mitsubishi,2008,308000,12345,Gasoline,Automatic,Truck,foreign_used,2,Silver,Premium Audio,"2008 Mitsubishi Minicab Bravo (foreign used), a well-priced truck well suited to hauling and rough roads — a good fit for adventure seekers. Comes with premium audio.",https://upload.wikimedia.org/wikipedia/commons/thumb/2/22/Mitsubishi_Minicab_Bravo_002.JPG/960px-Mitsubishi_Minicab_Bravo_002.JPG?utm_source=commons.wikimedia.org&utm_campaign=imageinfo&utm_content=thumbnail
City Aspire,Honda,2007,106000,170000,Gasoline,Manual,Sedan,foreign_used,5,Gray,,"2007 Honda City Aspire (foreign used), a well-priced sedan well suited to daily commuting and city driving — a good fit for urban professionals.",https://upload.wikimedia.org/wikipedia/commons/thumb/f/f4/HCA_interior.JPG/960px-HCA_interior.JPG?utm_source=commons.wikimedia.org&utm_campaign=imageinfo&utm_content=thumbnail
Mehran VXR,Suzuki,2021,111500,55000,Gasoline,Automatic,Hatchback,foreign_used,5,White,,"2021 Suzuki Mehran VXR (foreign used), a premium hatchback well suited to quick city runs and easy parking — a good fit for budget-conscious buyers.",
Ravi,Suzuki,2010,239000,124532,Gasoline,Manual,Truck,foreign_used,2,Blue,Premium Audio,"2010 Suzuki Ravi (foreign used), a well-priced truck well suited to hauling and rough roads — a good fit for adventure seekers. Comes with premium audio.",https://upload.wikimedia.org/wikipedia/commons/thumb/6/6a/2009-2012_Suzuki_Carry_DA63T.jpg/960px-2009-2012_Suzuki_Carry_DA63T.jpg?utm_source=commons.wikimedia.org&utm_campaign=imageinfo&utm_content=thumbnail
Bolan,Suzuki,2001,235500,60000,Gasoline,Manual,Wagon,local_used,5,Silver,Premium Audio,"2001 Suzuki Bolan (locally used), a well-priced wagon well suited to family trips with plenty of cargo room — a good fit for family-oriented drivers. Comes with premium audio.",https://upload.wikimedia.org/wikipedia/commons/thumb/6/6a/2009-2012_Suzuki_Carry_DA63T.jpg/960px-2009-2012_Suzuki_Carry_DA63T.jpg?utm_source=commons.wikimedia.org&utm_campaign=imageinfo&utm_content=thumbnail
Lancer,Mitsubishi,2023,154500,165000,Gasoline,Manual,Sedan,foreign_used,5,White,Power Steering,"2023 Mitsubishi Lancer (foreign used), a well-priced sedan well suited to daily commuting and city driving — a good fit for urban professionals. Comes with power steering.",https://upload.wikimedia.org/wikipedia/commons/thumb/5/53/Mitsubishi_Lancer_CH_VRX.jpg/960px-Mitsubishi_Lancer_CH_VRX.jpg?utm_source=commons.wikimedia.org&utm_campaign=imageinfo&utm_content=thumbnail
City IDSI,Honda,2019,159000,83000,Gasoline,Manual,Sedan,local_used,5,Blue,Backup Camera,"2019 Honda City IDSI (locally used), a well-priced sedan well suited to daily commuting and city driving — a good fit for urban professionals. Comes with backup camera.",https://upload.wikimedia.org/wikipedia/commons/thumb/3/31/Honda_City_1.5_iDSI_2008.jpg/960px-Honda_City_1.5_iDSI_2008.jpg?utm_source=commons.wikimedia.org&utm_campaign=imageinfo&utm_content=thumbnail
Corolla GLI,Toyota,2001,117000,100000,Gasoline,Manual,Sedan,foreign_used,5,Red,Premium Audio,"2001 Toyota Corolla GLI (foreign used), a well-priced sedan well suited to daily commuting and city driving — a good fit for urban professionals. Comes with premium audio.",https://upload.wikimedia.org/wikipedia/commons/thumb/6/67/Toyota_Corolla_1.6_GLi_2001.jpg/960px-Toyota_Corolla_1.6_GLi_2001.jpg?utm_source=commons.wikimedia.org&utm_campaign=imageinfo&utm_content=thumbnail
Mira,Daihatsu,2023,134000,7500,Gasoline,Automatic,Hatchback,local_used,5,White,,"2023 Daihatsu Mira (locally used), a premium hatchback well suited to quick city runs and easy parking — a good fit for budget-conscious buyers.",https://upload.wikimedia.org/wikipedia/commons/thumb/c/c8/2013-2015_Daihatsu_Mira_eS_%28LA300S%29_front_right.jpg/960px-2013-2015_Daihatsu_Mira_eS_%28LA300S%29_front_right.jpg?utm_source=commons.wikimedia.org&utm_campaign=imageinfo&utm_content=thumbnail
Ravi,Suzuki,2023,436000,4000,Gasoline,Manual,Truck,local_used,2,Black,,"2023 Suzuki Ravi (locally used), a premium truck well suited to hauling and rough roads — a good fit for adventure seekers.",https://upload.wikimedia.org/wikipedia/commons/thumb/6/6a/2009-2012_Suzuki_Carry_DA63T.jpg/960px-2009-2012_Suzuki_Carry_DA63T.jpg?utm_source=commons.wikimedia.org&utm_campaign=imageinfo&utm_content=thumbnail
Corolla XLI,Toyota,2023,155500,99000,Gasoline,Manual,Sedan,local_used,5,Blue,,"2023 Toyota Corolla XLI (locally used), a well-priced sedan well suited to daily commuting and city driving — a good fit for urban professionals.",https://upload.wikimedia.org/wikipedia/commons/thumb/b/b4/Toyota_Corolla_1.6_XLi_2021_%2850638290137%29.jpg/960px-Toyota_Corolla_1.6_XLi_2021_%2850638290137%29.jpg?utm_source=commons.wikimedia.org&utm_campaign=imageinfo&utm_content=thumbnail
Mehran VX,Suzuki,2006,75500,11223,Gasoline,Manual,Hatchback,local_used,5,Gray,,"2006 Suzuki Mehran VX (locally used), a well-priced hatchback well suited to quick city runs and easy parking — a good fit for budget-conscious buyers.",
Every,Suzuki,2024,275000,100000,Gasoline,Automatic,Wagon,local_used,5,White,Air Bags,"2024 Suzuki Every (locally used), a well-priced wagon well suited to family trips with plenty of cargo room — a good fit for family-oriented drivers. Comes with air bags.",https://upload.wikimedia.org/wikipedia/commons/thumb/4/49/2024_Suzuki_Every_Wagon_PZ_Turbo_Special.jpg/960px-2024_Suzuki_Every_Wagon_PZ_Turbo_Special.jpg?utm_source=commons.wikimedia.org&utm_campaign=imageinfo&utm_content=thumbnail
Hijet,Daihatsu,2021,254000,169000,Gasoline,Automatic,Truck,foreign_used,2,White,Air Bags,"2021 Daihatsu Hijet (foreign used), a well-priced truck well suited to hauling and rough roads — a good fit for adventure seekers. Comes with air bags.",https://upload.wikimedia.org/wikipedia/commons/thumb/f/fb/Daihatsu_HIJET_TRUCK_JUMBO_EXTRA_2WD_%283BD-S500P-ZBGF%29_front.jpg/960px-Daihatsu_HIJET_TRUCK_JUMBO_EXTRA_2WD_%283BD-S500P-ZBGF%29_front.jpg?utm_source=commons.wikimedia.org&utm_campaign=imageinfo&utm_content=thumbnail
City IDSI,Honda,2012,162000,100000,Gasoline,Manual,Sedan,foreign_used,5,Black,ABS,"2012 Honda City IDSI (foreign used), a well-priced sedan well suited to daily commuting and city driving — a good fit for urban professionals. Comes with ABS.",https://upload.wikimedia.org/wikipedia/commons/thumb/3/31/Honda_City_1.5_iDSI_2008.jpg/960px-Honda_City_1.5_iDSI_2008.jpg?utm_source=commons.wikimedia.org&utm_campaign=imageinfo&utm_content=thumbnail
Baleno,Suzuki,2007,49000,180000,Gasoline,Manual,Hatchback,foreign_used,5,Silver,ABS,"2007 Suzuki Baleno (foreign used), a budget-friendly hatchback well suited to quick city runs and easy parking — a good fit for budget-conscious buyers. Comes with ABS.",https://upload.wikimedia.org/wikipedia/commons/thumb/e/e7/Suzuki_Baleno_Dreit%C3%BCrer_1.3_G8_Viva_Andrea_Heck.JPG/960px-Suzuki_Baleno_Dreit%C3%BCrer_1.3_G8_Viva_Andrea_Heck.JPG?utm_source=commons.wikimedia.org&utm_campaign=imageinfo&utm_content=thumbnail
